vehicle_category,make,model,manufacture_year,district,count
THREE WHEELER,BAJAJ,AR4S-UG,2010,COLOMBO,1
MOTOR CYCLE,SOURCE LINK,CAGW01,2016,COLOMBO,1
CAR,MERCEDES BENZ,B CLASS,2016,COLOMBO,2
MOTOR CYCLE,RW,JINBAO,2016,COLOMBO,5
MOTOR CYCLE,RW,HANBAO,2016,PUTTALAM,1
MOTOR CYCLE,RW,LIEBAO,2016,PUTTALAM,1
MOTOR CYCLE,OKINAWA,RIDGE,2018,COLOMBO,6
MOTOR CYCLE,RW,SHANGJING,2017,COLOMBO,1
MOTOR CYCLE,TAILG,TDWG652,2018,KANDY,6
MOTOR CYCLE,RW,SCOOTER,2016,COLOMBO,1
MOTOR CYCLE,RW,LIBAO,2016,COLOMBO,3
MOTOR CYCLE,OKINAWA,PRAISE,2018,GALLE,2
MOTOR CYCLE,SHANGLING,SR COOL,2022,HAMBANTOTA,5
MOTOR CYCLE,SURYA,SR COOL,2023,GALLE,2
CAR,MERCEDES BENZ,EQS 450,2023,COLOMBO,2
CAR,AUDI,RS E-TRON GT,2023,COLOMBO,1
CAR,MERCEDES BENZ,EQE300 AMG,2023,COLOMBO,1
CAR,MERCEDES BENZ,EQS-450 ZAA-296624,2024,COLOMBO,1
MOTOR CYCLE,REVOLT,RV400 BRZ,2024,COLOMBO,1
CAR,MERCEDES BENZ,EQB 250 PLUS,2024,COLOMBO,11
CAR,MERCEDES BENZ,EQE 300 SUV,2024,GALLE,1
MOTOR CYCLE,REVOLT,RV 400,2024,COLOMBO,20
CAR,AUDI,E-TRON-50,2024,COLOMBO,2
CAR,AUDI,Q4 40 ETRON S-LINE,2023,COLOMBO,1
MOTOR CYCLE,REVOLT,RV 1,2025,COLOMBO,2
CAR,TOYOTA,5AA-A202A  RAIZE,2022,KANDY,3
CAR,TOYOTA,5BA-A202A RAIZE,2025,RATNAPURA,1
MOTOR CYCLE,TMR LUYUAN,COLA 5,2025,MONERAGALA,8
MOTOR CYCLE,REVOLT,RV 1,2024,COLOMBO,1
CAR,TOYOTA,5AA-A202A RAIZE,2025,MONERAGALA,6
MOTOR CYCLE,SHANGLING,SR COOL,2022,TRINCOMALEE,1
CAR,TOYOTA,5AA-A202A  RAIZE,2023,RATNAPURA,1
CAR,TOYOTA,5AA- A202A RAIZE,2025,COLOMBO,1
MOTOR CYCLE,TAKASHI,ES PRO PLUS,2025,COLOMBO,2
MOTOR CYCLE,TAKASHI,ES PRO MAX,2025,GALLE,2
MOTOR CYCLE,TAKASHI,ES LITE,2025,PUTTALAM,1
CAR,TOYOTA,5AA-A202A RAIZE,2024,TRINCOMALEE,1
MOTOR CYCLE,TAILG,F55,2025,GALLE,1
MOTOR CYCLE,TAILG,F72,2025,MONERAGALA,1
CAR,MERCEDES BENZ,BENZ B CLASS,2015,GAMPAHA,1
THREE WHEELER,BAJAJ,RE,2019,GAMPAHA,1
MOTOR CYCLE,SHANGLING,SR COOL,2022,KURUNEGALA,1
CAR,AUDI,Q4 SPORTBACK 40,2023,GAMPAHA,1
CAR,TOYOTA,5AA-A202A RAIZE,2024,ANURADHAPURA,2
MOTOR CYCLE,REVOLT,RV BLAZE X,2025,KURUNEGALA,1
CAR,TOYOTA,5AA-A202A RAIZE,2023,ANURADHAPURA,2
MOTOR CYCLE,TAILG,F72,2025,KURUNEGALA,3
MOTOR CYCLE,RW,SHANGJING,2016,KALUTARA,1
MOTOR CYCLE,RW,QUANNENGWANG,2016,KALUTARA,1
MOTOR CYCLE,TAKASHI,ES LITE,2025,KALUTARA,1
MOTOR CYCLE,TAILG,MENGSU,2025,POLONNARUWA,1
MOTOR CYCLE,REVOLT,RV BLAZE X,2025,KALUTARA,1
MOTOR CYCLE,RW,CHAOYUE,2016,MATALE,1
CAR,MERCEDES BENZ,EQE 300 SUV,2024,MATARA,1
CAR,TOYOTA,5AA-A202A RAIZE,2025,KALUTARA,34
MOTOR CYCLE,REVOLT,RV BLAZE X,2025,ANURADHAPURA,2
CAR,JMEV,JX7001ERCBEV,2025,KALUTARA,1
MOTOR CYCLE,FARMERS,ELECTRIC BIKE,2008,GAMPAHA,1
MOTOR CYCLE,SUNBIKE,LITE,2016,GAMPAHA,1
MOTOR CYCLE,RW,JINGYING,2017,GAMPAHA,1
MOTOR CYCLE,TAILG,RED RABBIT,2024,GAMPAHA,3
MOTOR CYCLE,Y2,COOL RIDER,2024,GAMPAHA,1
MOTOR CYCLE,TMR LUYUAN,S18,2022,GAMPAHA,1
CAR,TOYOTA,5AA-A202A RAIZE,2024,PUTTALAM,3
MOTOR CYCLE,TMR LUYUAN,MNK3,2025,MATARA,1
CAR,TOYOTA,5AA-A202A RAIZE,2022,PUTTALAM,4
MOTOR CYCLE,SUNWE,HAWK,2017,GAMPAHA,1
MOTOR CYCLE,OKINAWA,RIDGE,2018,KILINOCHCHI,3
MOTOR CYCLE,TAKASHI,ES PRO,2025,RATNAPURA,1
MOTOR CYCLE,TAKASHI,ES PRO PLUS,2025,RATNAPURA,3
MOTOR CYCLE,TAKASHI,ES LITE,2025,RATNAPURA,3
CAR,TOYOTA,5AA-A202A RAIZE,2024,POLONNARUWA,2
MOTOR CYCLE,OKINAWA,RIDGE,2018,MULLATIVU,2
MOTOR CYCLE,RW,SHANGJIANG,2017,JAFFNA,1
MOTOR CYCLE,REVOLT,RV 400,2025,JAFFNA,2
MOTOR CYCLE,TMR LUYUAN,COLA 5,2025,JAFFNA,2
CAR,SCOOTERS INDIA,.,2003,COLOMBO,1
THREE WHEELER,BAJAJ,RE-E-DRIVE,2013,COLOMBO,1
THREE WHEELER,BAJAJ,RE,2013,COLOMBO,1
MOTOR CYCLE,FLAME,ES220,2016,COLOMBO,1
MOTOR CYCLE,RW,JINGYING,2016,HAMBANTOTA,1
MOTOR CYCLE,TAILG,TDWG65Z,2018,KEGALLE,1
THREE WHEELER,BAJAJ,RE,2020,COLOMBO,1
MOTOR CYCLE,RW, QUANNENGW,2016,COLOMBO,1
MOTOR CYCLE,TAILG,TDMG57Z,2017,COLOMBO,1
MOTOR CYCLE,RW,JINBAO,2016,GALLE,2
CAR,MERCEDES BENZ,EQB 300 AMG LINE,2023,COLOMBO,6
MOTOR CYCLE,SURYA,SR COOL,2023,COLOMBO,3
CAR,AUDI,Q4 40 E-TRON-SLINE,2024,KANDY,1
CAR,MERCEDES BENZ,EQB 250,2024,GALLE,1
CAR,MERCEDES BENZ,ZAA-24360 1C,2023,GALLE,1
CAR,AUDI,E-TRON 50 QUATTRO,2024,COLOMBO,19
MOTOR CYCLE,TAILG,SAI BEI,2024,COLOMBO,2
MOTOR CYCLE,TAILG,SAI BEI,2024,PUTTALAM,14
MOTOR CYCLE,TMR LUYUAN,S18,2025,COLOMBO,3
MOTOR CYCLE,TMR LUYUAN,MQQ6,2025,MONERAGALA,4
MOTOR CYCLE,TMR LUYUAN,MQQ6,2025,COLOMBO,1
MOTOR CYCLE,TMR LUYUAN,MQQ6,2025,TRINCOMALEE,1
CAR,TOYOTA,5AA-A202A RAIZE,2024,COLOMBO,49
CAR,MERCEDES BENZ,EQS 450 PLUS,2025,COLOMBO,1
MOTOR CYCLE,HORWIN,SK1DS,2023,COLOMBO,1
CAR,MERCEDES BENZ,EQB 250 PLUS,2025,COLOMBO,1
CAR,TOYOTA,5AA-A202A RAIZE,2023,HAMBANTOTA,1
MOTOR CYCLE,TAKASHI,ES PRO PLUS,2025,HAMBANTOTA,1
CAR,TOYOTA,5AA-A202A RAIZE,2023,JAFFNA,2
THREE WHEELER,TMR LUYUAN,MTPBT20 B8,2025,KURUNEGALA,1
CAR,TOYOTA,5AA-A202A RAIZE,2022,BATTICALOA,1
MOTOR CYCLE,TAILG,F55,2025,KEGALLE,1
CAR,MERCEDES BENZ,BANZ B CLASS,2015,GAMPAHA,1
CAR,MERCEDES BENZ,B CLASS,2015,GAMPAHA,2
CAR,AUDI,D4-E-TRON S LINE 40,2023,GAMPAHA,1
MOTOR CYCLE,SURYA,SR COOL,2023,KURUNEGALA,1
CAR,AUDI,ZAA-FZEBJ-Q4,2023,GAMPAHA,1
CAR,AUDI,Q4-SPORTBACK40ETRON,2024,GAMPAHA,1
CAR,AUDI,E-TRON 50,2024,BADULLA,1
MOTOR CYCLE,TMR LUYUAN,MQQ6,2025,KURUNEGALA,10
CAR,TOYOTA,5AA-A202A,2025,ANURADHAPURA,2
CAR,TOYOTA,5AA-A202A,2025,GAMPAHA,6
MOTOR CYCLE,OKINAWA,RIDGE,2018,KALUTARA,1
MOTOR CYCLE,OKINAWA,RIDGE,2018,POLONNARUWA,3
MOTOR CYCLE,REVOLT,RV 400,2024,KALUTARA,6
MOTOR CYCLE,TMR LUYUAN,COLA 5,2025,KALUTARA,1
MOTOR CYCLE,TAKASHI,E ROCCO,2025,BADULLA,1
MOTOR CYCLE,RW,LIEBAO,,ANURADHAPURA,1
MOTOR CYCLE,SURYA,SR COOL,2023,ANURADHAPURA,1
CAR,MERCEDES BENZ,EQA 300 AMG LINE,2023,KEGALLE,1
MOTOR CYCLE,TAILG,RED RABBIT,2024,ANURADHAPURA,4
MOTOR CYCLE,TAILG,SAI BEI,2024,MATALE,1
MOTOR CYCLE,TMR LUYUAN,MQQ6,2025,ANURADHAPURA,8
MOTOR CYCLE,TMR LUYUAN,MQQ6,2025,MATALE,1
MOTOR CYCLE,REVOLT,RV 1,2024,ANURADHAPURA,1
CAR,TOYOTA,5AA-A202A RAIZE,2022,KURUNEGALA,4
CAR,TOYOTA,5AA-A202A RAIZE,2024,KEGALLE,2
CAR,TOYOTA,5AA-A202A RAISE,2023,KILINOCHCHI,1
MOTOR CYCLE,TAKASHI,ES PRO MAX,2025,ANURADHAPURA,1
CAR,TOYOTA,5AA-A202A  RAIZE,2023,MATARA,1
MOTOR CYCLE,CHITUMA,XF50QD- ZG 500 W,2008,GAMPAHA,1
MOTOR CYCLE,RW,HANBAO,2016,GAMPAHA,12
MOTOR CYCLE,OKINAWA,RIDGE,2018,GAMPAHA,7
MOTOR CYCLE,RW,QUANNENGWANG,2017,GAMPAHA,1
MOTOR CYCLE,RW,JINBAO,2016,GAMPAHA,1
CAR,MERCEDES BENZ,EQS 450,2023,PUTTALAM,1
MOTOR CYCLE,Y2,SSKY BIKE,2024,GAMPAHA,1
MOTOR CYCLE,TMR LUYUAN,MQQ6,2025,MATARA,1
MOTOR CYCLE,YADEA,YD800DQT-30A,2025,GAMPAHA,1
THREE WHEELER,TMR LUYUAN,MTPBT20 B8,2025,TRINCOMALEE,1
MOTOR CYCLE,OKINAWA,RIDGE,2019,KILINOCHCHI,1
MOTOR CYCLE,RW,JINGYING,2017,JAFFNA,2
MOTOR CYCLE,RW,JINGYING,2016,JAFFNA,1
MOTOR CYCLE,GUOWEI EAGLE,GWEM01PRETTY,2018,COLOMBO,1
MOTOR CYCLE,ELECTRIC SCOOTER,GTDR027,2018,COLOMBO,1
MOTOR CYCLE,ELECTRIC SCOOTER,ZUUMAV,2019,MONERAGALA,1
THREE WHEELER,BAJAJ,RE,2015,COLOMBO,4
THREE WHEELER,BAJAJ,RE,2016,JAFFNA,2
MOTOR CYCLE,TAILG,TWDG65Z,2017,GALLE,1
MOTOR CYCLE,TAILG,TDR5001Z,2018,KANDY,2
MOTOR CYCLE,RW,QUIBITE,2017,COLOMBO,1
MOTOR CYCLE,RW,RW,2016,COLOMBO,1
CAR,MERCEDES BENZ,EQA 300 AMG LINE PRE,2023,KANDY,1
CAR,AUDI,Q4E-TRON SPORT,2023,COLOMBO,1
CAR,AUDI,Q4-40 E-TRON S LINE,2023,COLOMBO,1
CAR,AUDI,ZAA-FZEBJ Q4 S LINE,2023,COLOMBO,1
CAR,MERCEDES BENZ,EQE 300,2024,COLOMBO,4
CAR,MERCEDES BENZ,EQE 300 SUV,2024,COLOMBO,9
CAR,AUDI,Q4 SPORT BACK 40E,2024,COLOMBO,1
MOTOR CYCLE,BAJAJ,DISCOVER 125,2024,GALLE,1
MOTOR CYCLE,ZHEJIANG,N7,2024,COLOMBO,1
MOTOR CYCLE,TAILG,A5,2023,COLOMBO,1
MOTOR CYCLE,TAILG,SAI BEI,2025,PUTTALAM,1
CAR,TOYOTA,5AA-A202A RAIZE,2025,COLOMBO,152
CAR,MERCEDES BENZ,EQA 250 PLUS,2025,COLOMBO,3
CAR,TOYOTA,5AA-A202A RAIZE,2024,RATNAPURA,4
MOTOR CYCLE,TMR LUYUAN,MQQ6,2025,AMPARA,3
CAR,AUDI,E-TRON GT QUATTRO,2024,GALLE,1
CAR,TOYOTA,5BA-A202A-RAIZE,2025,MONERAGALA,1
CAR,TOYOTA,5BA-A202A RAIZE,2022,KANDY,1
CAR,TOYOTA,5AA-A202A RAIZE,2025,NUWARA-ELIYA,3
MOTOR CYCLE,REVOLT,RV 400,2025,KEGALLE,1
MOTOR CYCLE,TAILG,F55,2025,KANDY,1
CAR,ELECTRICA,BSBPR,2007,GAMPAHA,1
CAR,MERCEDES BENZ,EQB300LINE PREMIUM4M,2023,GAMPAHA,1
MOTOR CYCLE,REVOLT,RV 400,2024,KURUNEGALA,5
MOTOR CYCLE,TAILG,SAI BEI,2024,KURUNEGALA,3
MOTOR CYCLE,TAILG,MENGSU,2024,KURUNEGALA,2
CAR,AUDI,E-TRON 50 QUATTRO,2024,GAMPAHA,1
MOTOR CYCLE,REVOLT,RV 1,2025,KURUNEGALA,5
MOTOR CYCLE,TAILG,TDS2459Z,2025,KURUNEGALA,1
MOTOR CYCLE,TAKASHI,ES PRO MAX,2025,KURUNEGALA,3
MOTOR CYCLE,MYWAY MV,DPX SPARK,2017,KALUTARA,1
MOTOR CYCLE,TAILG,RED RABBIT,2024,POLONNARUWA,1
MOTOR CYCLE,TAKASHI,ES PRO MAX,2025,BADULLA,1
MOTOR CYCLE,TAILG,F55,2025,POLONNARUWA,1
CAR,A.M.W.,I7 X,2024,KURUNEGALA,1
CAR,TOYOTA,5AA-A202A RAIZE,2025,MATARA,21
CAR,TOYOTA,5AA--A202A RAIZE,2025,KALUTARA,1
CAR,TOYOTA,5AA A202A RAIZE,2025,KURUNEGALA,1
MOTOR CYCLE,RW,QUANNENGW,2017,GAMPAHA,1
MOTOR CYCLE,RW,QUANNENGW,2016,MATARA,1
MOTOR CYCLE,SKANDIG,GT60,2022,GAMPAHA,1
MOTOR CYCLE,TMR LUYUAN,S18,2025,GAMPAHA,28
CAR,TOYOTA,5AA-A202A RAIZE,2025,PUTTALAM,25
MOTOR CYCLE,TMR LUYUAN,COLA 5,2025,MATARA,2
MOTOR CYCLE,REVOLT,RV 400,2025,GAMPAHA,2
MOTOR CYCLE,TAILG,F72,2025,MATARA,1
THREE WHEELER,BAJAJ,RE-E-DRIVE,2015,PUTTALAM,1
MOTOR CYCLE,TAKASHI,ES PRO MAX,2025,RATNAPURA,2
MOTOR CYCLE,TAKASHI,E ROCCO,2025,RATNAPURA,1
MOTOR CYCLE,BYVIN,TDR33101Z,2014,COLOMBO,2
MOTOR CYCLE,GALLANT,ZX - HYBRID,2018,COLOMBO,1
CAR,MERCEDES BENZ,B-CLASS,2015,COLOMBO,3
MOTOR CYCLE,TAILG,TDWG652,2017,KANDY,1
MOTOR CYCLE,TAILG,TDWG65Z,2018,KANDY,4
MOTOR CYCLE,RW,LIBAO,2016,PUTTALAM,1
MOTOR CYCLE,RW,JUWUBA,2016,COLOMBO,3
MOTOR CYCLE,OKINAWA,RIDGE,2018,HAMBANTOTA,2
MOTOR CYCLE,RW,JINBAO,2017,COLOMBO,1
MOTOR CYCLE,TAILG,TDRD16Z,2018,COLOMBO,14
MOTOR CYCLE,SHANGLING,SHANGLING 1000W,2023,COLOMBO,1
CAR,AUDI,Q4E-TRON S LINE 40,2023,COLOMBO,1
CAR,MERCEDES BENZ,EQB300 AMG LINE PLUS,2023,COLOMBO,1
MOTOR CYCLE,SURYA,SR COOL,2023,HAMBANTOTA,1
CAR,AUDI,Q4 E-TRON,2023,COLOMBO,2
CAR,MERCEDES BENZ,ZAA-243601C EQB 250,2023,COLOMBO,1
CAR,AUDI,Q4 40 E TRON,2023,COLOMBO,1
CAR,MERCEDES BENZ,EQB 250,2024,COLOMBO,3
CAR,MERCEDES BENZ,EQB 250,2024,BATTICALOA,1
CAR,MERCEDES BENZ,EQB250 PLUS AMGLINE,2024,COLOMBO,1
CAR,AUDI,E-TRON 50 QUATTRO,2024,GALLE,1
THREE WHEELER,BAJAJ,RE-E-TEC 9.0,2024,BADULLA,1
MOTOR CYCLE,TAILG,MENGSU,2024,HAMBANTOTA,1
MOTOR CYCLE,TAILG,RED RABBIT,2024,MONERAGALA,2
MOTOR CYCLE,TAILG,SAI BEI,2024,MONERAGALA,10
MOTOR CYCLE,TAILG,S2,2024,AMPARA,1
MOTOR CYCLE,TMR LUYUAN,MQQ6,2025,GALLE,3
CAR,TOYOTA,5AA-A202A,2024,COLOMBO,2
CAR,TOYOTA,5AA-A202A RAIZE,2024,HAMBANTOTA,2
CAR,JMEV,JX7001ERCBEV,2025,COLOMBO,2
CAR,TOYOTA,5AA-A202A  RAIZE,2022,COLOMBO,2
MOTOR CYCLE,REVOLT,RV 400,2025,KANDY,1
MOTOR CYCLE,TAILG,TDT70172,2024,COLOMBO,1
CAR,TOYOTA,5AA-A202A,2025,BATTICALOA,1
MOTOR CYCLE,REVOLT,RV 1,2025,MONERAGALA,1
MOTOR CYCLE,EGO,ROYAL 150,2025,COLOMBO,1
THREE WHEELER,BAJAJ,RE-E-DRIVE,2018,GAMPAHA,1
MOTOR CYCLE,REVOLT,RV 400,2025,KURUNEGALA,2
CAR,TOYOTA,5AA-A202A  RAIZE,2023,ANURADHAPURA,1
CAR,TOYOTA,5AA-A202A RAIZE,2022,GAMPAHA,7
CAR,TOYOTA,5AA- A202A RAIZE,2024,GAMPAHA,1
CAR,MERCEDES BENZ,EQE 350 SUV,2024,GAMPAHA,1
CAR,TOYOTA,5AA-A202A    RAIZE,2024,GAMPAHA,1
CAR,TOYOTA,5AA-A202 RAIZE,2025,GAMPAHA,1
CAR,TOYOTA,5AA-A202A RAIZE,2023,BADULLA,1
MOTOR CYCLE,TAILG,TDWG652,2018,BADULLA,1
MOTOR CYCLE,OKINAWA,PRAISE,2018,KALUTARA,1
MOTOR CYCLE,TMR LUYUAN,COLA 5,2025,BADULLA,2
CAR,MITSUOKA,1-8008,2004,KURUNEGALA,1
CAR,TOYOTA,5AA-A202A RAIZE,2023,KEGALLE,1
MOTOR CYCLE,CHITUMA,XF 50 GDZQ 500 W,2008,GAMPAHA,1
MOTOR CYCLE,RW,QUIBITE,2016,GAMPAHA,3
MOTOR CYCLE,RW,QUANNENGW,2016,GAMPAHA,1
MOTOR CYCLE,OKINAWA,PRAISE BD,2018,GAMPAHA,1
MOTOR CYCLE,RW,CHAOYUE,2017,GAMPAHA,1
MOTOR CYCLE,REVOLT,RV 400,2024,MATARA,4
CAR,MERCEDES BENZ,EQE300SUV,2023,PUTTALAM,1
CAR,TOYOTA,5AA-A202A,2025,PUTTALAM,2
MOTOR CYCLE,SHANGLING,E- BILKE,2022,GAMPAHA,1
MOTOR CYCLE,TAKASHI,ES LITE,2025,MATARA,1
MOTOR CYCLE,OKINAWA,RIDGE,2018,RATNAPURA,1
MOTOR CYCLE,OKINAWA,PRAICE,2018,RATNAPURA,1
MOTOR CYCLE,SHANGLING,SR COOL,2022,MANNAR,1
MOTOR CYCLE,SURYA,SR COOL,2023,KILINOCHCHI,1
MOTOR CYCLE,REVOLT,RV 400,2025,RATNAPURA,3
MOTOR CYCLE,TMR LUYUAN,S18,2025,MANNAR,1
MOTOR CYCLE,RW,JUWAUBA,2017,JAFFNA,1
MOTOR CYCLE,REVOLT,RV BLAZE X,2025,JAFFNA,3
MOTOR CYCLE,GUOWEI EAGLE,GWEM01PRETTY,2017,HAMBANTOTA,4
MOTOR CYCLE,WAOPAL,FEGO,2018,COLOMBO,9
THREE WHEELER,BAJAJ,RE,2015,POLONNARUWA,1
CAR,MERCEDES BENZ,BENZ B CLASS,2015,KANDY,1
MOTOR CYCLE,SOURCE LINK,CAJM 01,2016,COLOMBO,1
CAR,MERCEDES BENZ,BENZ B CLASS,2016,COLOMBO,1
MOTOR CYCLE,FLAME,ES204,2016,COLOMBO,1
MOTOR CYCLE,TAILG,TDWG65Z,2017,COLOMBO,3
MOTOR CYCLE,RW,JINGYLNG,2016,COLOMBO,1
THREE WHEELER,BAJAJ,RE EV,2021,HAMBANTOTA,1
MOTOR CYCLE,RW,JINGYING,2016,COLOMBO,10
MOTOR CYCLE,SHANGLING,SR COOL,2022,COLOMBO,3
MOTOR CYCLE,QICHENG,QS60V,2021,COLOMBO,1
MOTOR CYCLE,AZE,LTD03,2022,VAVUNIYA,1
CAR,MERCEDES BENZ,EQB 250,2023,COLOMBO,5
CAR,MERCEDES BENZ,EQB 300,2023,COLOMBO,1
MOTOR CYCLE,E-SPRINTO,HS,2023,COLOMBO,2
CAR,MERCEDES BENZ,EQS450 4MATICAMGLINE,2024,COLOMBO,1
CAR,MERCEDES BENZ,EQB 250 AMG LINE,2024,COLOMBO,2
MOTOR CYCLE,TAILG,RED RABBIT,2024,COLOMBO,3
MOTOR CYCLE,REVOLT,RV 400,2024,HAMBANTOTA,4
THREE WHEELER,BAJAJ,RE E-TEC 9.0,2024,BADULLA,13
CAR,AUDI,E- TRON 50 QUATTRO,2024,COLOMBO,1
CAR,TOYOTA,5AA-A202A RAIZE,2023,COLOMBO,16
MOTOR CYCLE,REVOLT,RV 400,2024,AMPARA,1
CAR,MERCEDES BENZ,EQS 450 PLUS,2024,COLOMBO,1
CAR,MERCEDES BENZ,EQA250 PLUS,2025,COLOMBO,1
CAR,TOYOTA,5AA-A202A RAIZE,2023,MONERAGALA,1
MOTOR CYCLE,TMR LUYUAN,COLA 5,2025,TRINCOMALEE,4
MOTOR CYCLE,HORWIN,EK3,2025,COLOMBO,1
MOTOR CYCLE,TAILG,RED RABBIT,2025,MONERAGALA,6
CAR,TOYOTA,5AA-A202A RAIZE,2023,BATTICALOA,2
CAR,TOYOTA,5AA-A202A RAIZE,2025,MATALE,5
CAR,TOYOTA,5AA-A202A RAIZE,2022,RATNAPURA,1
CAR,MERCEDES BENZ,EQV 300,2025,COLOMBO,1
CAR,TOYOTA,5AA-A202A,2025,HAMBANTOTA,1
CAR,JMEV,ELIGHT,2025,COLOMBO,1
MOTOR CYCLE,TAKASHI,ES LITE,2025,COLOMBO,1
MOTOR CYCLE,TAKASHI,ES PRO MAX,2025,COLOMBO,1
CAR,TOYOTA,5AA-A202A RAIZE,2024,BATTICALOA,1
CAR,TOYOTA,5BA-A202A  RAIZE,2025,HAMBANTOTA,1
THREE WHEELER,BAJAJ,AUTO AR4S,2007,GAMPAHA,1
MOTOR CYCLE,OKINAWA,RIDGE,2018,KURUNEGALA,4
CAR,AUDI,Q4 40 ETRON S LINE,2023,GAMPAHA,1
MOTOR CYCLE,TAILG,RED RABBIT,2024,KURUNEGALA,5
MOTOR CYCLE,BAJAJ,DISCOVER 125,2024,KURUNEGALA,1
CAR,MERCEDES BENZ,EQB 250 AMG LINE,2024,GAMPAHA,1
CAR,MERCEDES BENZ,ZAA-296624 EQS 450,2024,GAMPAHA,1
CAR,TOYOTA,5AA-A202A RAIZE,2024,GAMPAHA,24
CAR,TOYOTA,5AA-A202A,2024,GAMPAHA,2
CAR,TOYOTA,5AA-A202A RAIZE,2022,ANURADHAPURA,2
MOTOR CYCLE,TAILG,LEIBAO,2025,KURUNEGALA,1
MOTOR CYCLE,RW,CHAOYUE,2016,POLONNARUWA,1
MOTOR CYCLE,REVOLT,RV 400,2025,KALUTARA,2
MOTOR CYCLE,TAILG,F72,2025,KALUTARA,1
MOTOR CYCLE,TAKASHI,ES PRO,2025,KALUTARA,2
CAR,TOYOTA,5AA-A202A RAIZE,2023,KALUTARA,6
CAR,AUDI,E-TRON 50 QUATTRO,2024,KURUNEGALA,1
MOTOR CYCLE,TMR LUYUAN,COLA 5,2025,ANURADHAPURA,25
CAR,TOYOTA,5AA-A202A RAIZE,2024,MATARA,7
MOTOR CYCLE,TAILG,RED RABBIT,2025,MATALE,1
CAR,TOYOTA,5AA-A202A RAIZE,2025,KEGALLE,7
MOTOR CYCLE,TAILG,RED RABBIT,2025,ANURADHAPURA,2
CAR,TOYOTA,5AA-A202A  RAIZE,2025,AMPARA,1
MOTOR CYCLE,REVOLT,RV 1,2025,ANURADHAPURA,3
MOTOR CYCLE,RW,JINGGUI,2016,GAMPAHA,4
MOTOR CYCLE,TAILG,TDWG65Z,2017,GAMPAHA,2
CAR,MERCEDES BENZ,EQB 250,2023,PUTTALAM,1
MOTOR CYCLE,TAILG,MENGSU,2024,GAMPAHA,1
CAR,TOYOTA,5AA-A202A RAIZE,2023,PUTTALAM,1
MOTOR CYCLE,REVOLT,RV 1,2025,BATTICALOA,2
MOTOR CYCLE,TAKASHI,ES PRO PLUS,2025,MATARA,1
MOTOR CYCLE,TAILG,F55,2025,MATARA,1
MOTOR CYCLE,TMR LUYUAN,COLA 5,2025,RATNAPURA,6
MOTOR CYCLE,TAILG,TDMG57Z,2017,JAFFNA,1
MOTOR CYCLE,BYVIN,TDRA7501ZA,2014,COLOMBO,1
THREE WHEELER,FOTON,612 T K A,2011,KURUNEGALA,1
CAR,MERCEDES BENZ,B-CLASS ELECTRIC,2015,COLOMBO,1
MOTOR CYCLE,MYWAY MV,DPX,2017,COLOMBO,2
MOTOR CYCLE,OKINAWA,RIDGE,2018,VAVUNIYA,1
MOTOR CYCLE,RW,QUANNENGWANG,2016,COLOMBO,2
MOTOR CYCLE,RW,SHANGJIANG,2016,COLOMBO,1
MOTOR CYCLE,RW,JINBAO,2016,KANDY,1
MOTOR CYCLE,TAILG,TDRD 16Z,2018,COLOMBO,1
MOTOR CYCLE,SHANGLING,SR COOL,2022,GALLE,1
CAR,AUDI,Q8 E-TRON BLACK,2023,COLOMBO,1
CAR,MERCEDES BENZ,EQB 250,2022,COLOMBO,1
CAR,AUDI,Q4-40 ETRON S LINE,2023,NUWARA-ELIYA,1
CAR,MERCEDES BENZ,EQA300 AMG LINE,2023,COLOMBO,1
CAR,MERCEDES BENZ,EQB300 AMG LINE,2023,JAFFNA,1
CAR,MERCEDES BENZ,EQS-450,2024,GALLE,1
CAR,MERCEDES BENZ,ZAA-243601C,2023,COLOMBO,1
CAR,TOYOTA,BZ4X,2023,COLOMBO,1
CAR,MERCEDES BENZ,EQE 350 4MATIC,2024,COLOMBO,1
CAR,MERCEDES BENZ,EQE 350 SUV,2024,COLOMBO,2
CAR,MERCEDES BENZ,EQS 450 SUV,2024,COLOMBO,1
MOTOR CYCLE,REVOLT,RV400BRZ,2024,COLOMBO,2
CAR,MERCEDES BENZ,EQE 300,2024,KANDY,1
CAR,AUDI,Q4 40 ETRON,2023,COLOMBO,1
MOTOR CYCLE,TMR LUYUAN,S18,2025,PUTTALAM,4
MOTOR CYCLE,TMR LUYUAN,S18,2025,TRINCOMALEE,2
CAR,MERCEDES BENZ,EQB250 PLUS AMG LINE,2024,COLOMBO,1
MOTOR CYCLE,TMR LUYUAN,S18,2025,GALLE,4
CAR,TOYOTA,5AA-A202A RAIZE,2025,RATNAPURA,18
MOTOR CYCLE,REVOLT,RV 400,2024,KANDY,1
MOTOR CYCLE,REVOLT,RV 1,2025,PUTTALAM,5
MOTOR CYCLE,REVOLT,RV 1,2025,HAMBANTOTA,1
MOTOR CYCLE,TMR LUYUAN,COLA 5,2025,GALLE,19
MOTOR CYCLE,TMR LUYUAN,COLA 5,2025,KEGALLE,2
CAR,TOYOTA,5AA-A202A RAIZE,2025,HAMBANTOTA,9
CAR,TOYOTA,RAIZE 5AA-A202A,2024,RATNAPURA,1
CAR,TOYOTA,5AA-A202A,2023,HAMBANTOTA,1
CAR,TOYOTA,5AA-A202A RAIZE,2025,VAVUNIYA,2
MOTOR CYCLE,BAJAJ,CHETAK 3503,2025,COLOMBO,2
CAR,TOYOTA,5AA-A202A  RAIZE,2024,KANDY,1
CAR,TOYOTA,5AA A202A RAIZE,2025,COLOMBO,4
CAR,MERCEDES BENZ,ZAA-296624 EQS450,2024,COLOMBO,1
MOTOR CYCLE,REVOLT,RV BLAZE X,2025,KEGALLE,1
MOTOR CYCLE,TAKASHI,ES PRO,2025,COLOMBO,2
CAR,TOYOTA,5AA-A202A  RAIZE,2025,RATNAPURA,1
CAR,TOYOTA,5AA-A202A RAIZE,2025,MANNAR,1
CAR,TOYOTA,5AA-A202A RAIZE,2022,MATALE,1
MOTOR CYCLE,TAILG,F72,2025,COLOMBO,1
MOTOR CYCLE,RW,HANBAO,2016,KURUNEGALA,1
MOTOR CYCLE,TAILG,TDWG65Z,2018,KURUNEGALA,1
CAR,MERCEDES BENZ,EQB 300 AMG LINE,2023,GAMPAHA,1
CAR,TOYOTA,5AA-A202A RAIZE,2025,GAMPAHA,113
MOTOR CYCLE,TAILG,RED RABBIT,2025,KURUNEGALA,27
CAR,TOYOTA,5AA-A202A   RAIZE,2025,GAMPAHA,3
MOTOR CYCLE,TAILG,F55,2025,KURUNEGALA,2
CAR,TOYOTA,5AA-A202A  RAIZE,2024,BADULLA,1
MOTOR CYCLE,RW,D0,2016,BADULLA,1
MOTOR CYCLE,RW,JINGYING,2016,KALUTARA,2
MOTOR CYCLE,TAILG,TDS2459Z,2025,POLONNARUWA,1
CAR,MERCEDES BENZ,B-CLASS ELECTRIC,2015,KALUTARA,1
MOTOR CYCLE,RW,JINBAO,2016,ANURADHAPURA,1
MOTOR CYCLE,OKINAWA,PRAISE,2018,ANURADHAPURA,2
CAR,MERCEDES BENZ,EQB 250 PLUS,2024,KALUTARA,1
MOTOR CYCLE,TAILG,SAI BEI,2024,ANURADHAPURA,1
CAR,TOYOTA,5AA-A202A  RAIZE,2024,KURUNEGALA,3
CAR,TOYOTA,5AA-A202A RAIZE,2024,KALUTARA,5
CAR,TOYOTA,5AA-A202A,2025,KURUNEGALA,1
CAR,TOYOTA,RAIZE 5AA-A202A,2025,MATARA,1
MOTOR CYCLE,TMR LUYUAN,COLA 5,2025,MATALE,2
CAR,TOYOTA,5AA-A202A  RAIZE,2025,KURUNEGALA,2
CAR,TOYOTA,5AA-A202A RAIZE,2025,KURUNEGALA,14
CAR,TOYOTA,5AA-A202A,2024,KURUNEGALA,2
CAR,TOYOTA,5AA A202A RAIZE,2025,MATARA,1
CAR,TOYOTA,6AA-A202A RAIZE,2025,KEGALLE,1
MOTOR CYCLE,RW,JIAYING-2,2016,GAMPAHA,6
MOTOR CYCLE,RW,SHANGJIANG,2016,GAMPAHA,3
CAR,TOYOTA,5AA-A202A  RAIZE,2025,PUTTALAM,2
MOTOR CYCLE,TAILG,F55,2025,GAMPAHA,1
MOTOR CYCLE,TAKASHI,ES PRO,2025,MATARA,2
MOTOR CYCLE,SHANGLING,SR COOL,2022,KILINOCHCHI,2
MOTOR CYCLE,TAKASHI,ES NOTE,2025,RATNAPURA,1
CAR,TOYOTA,5AA-A202A RAIZE,2022,POLONNARUWA,3
MOTOR CYCLE,REVOLT,RV BLAZE X,2025,RATNAPURA,1
MOTOR CYCLE,TAILG,F55,2025,RATNAPURA,2
MOTOR CYCLE,RW,KITO,2016,JAFFNA,1
MOTOR CYCLE,TMR LUYUAN,MQQ6,2025,JAFFNA,2
MOTOR CYCLE,SMV,777,2010,GALLE,1
MOTOR CYCLE,WAOPAL,REOA,2018,COLOMBO,11
MOTOR CYCLE,GALLANT,ZX-HYBRIDI,2018,GALLE,1
MOTOR CYCLE,ELECTRIC SCOOTER,JINGYLNG,2017,VAVUNIYA,1
THREE WHEELER,BAJAJ,RE,2015,KURUNEGALA,2
THREE WHEELER,BAJAJ,RE-E-DRIVE,2015,KALUTARA,1
CAR,MERCEDES BENZ,B CLASS,2015,COLOMBO,13
THREE WHEELER,ENERGY,ANAIG 2000,2015,JAFFNA,1
MOTOR CYCLE,RW,SHANGIANG,2016,GALLE,1
MOTOR CYCLE,RW,SCOOTER,2016,PUTTALAM,2
THREE WHEELER,BAJAJ,RE,2018,GALLE,1
CAR,MERCEDES BENZ,B  CLASS,2016,COLOMBO,1
MOTOR CYCLE,OKINAWA,RIDGE,2018,MONERAGALA,2
MOTOR CYCLE,RW,CHAOYUE,2016,COLOMBO,6
MOTOR CYCLE,OKINAWA,RIDGE,2018,GALLE,1
MOTOR CYCLE,RW,JINGGVI,2016,COLOMBO,1
MOTOR CYCLE,RW,LIEBAO,2016,COLOMBO,2
CAR,MERCEDES BENZ,EQB 300 AMG LINE,2023,NUWARA-ELIYA,1
CAR,AUDI,ZAA-FZEBJ Q4,2023,COLOMBO,1
CAR,AUDI,Q4 E-TRON,2024,COLOMBO,2
CAR,MERCEDES BENZ,EQS 450,2024,COLOMBO,8
CAR,AUDI,Q8 E-TRON VORSPRUNG,2023,COLOMBO,1
MOTOR CYCLE,SURYA,SR COOL,2024,COLOMBO,1
CAR,AUDI,Q4 40 ETRON ADVANCED,2024,COLOMBO,2
CAR,MERCEDES BENZ,EQB 250,2024,KANDY,1
CAR,MERCEDES BENZ,EQE 350,2024,COLOMBO,1
CAR,AUDI,E TRON 50 QUATTRO,2024,COLOMBO,8
MOTOR CYCLE,TAILG,RED RABBIT,2024,HAMBANTOTA,1
THREE WHEELER,BAJAJ,RE E TEC 9.0,2024,BADULLA,1
MOTOR CYCLE,REVOLT,RV 400,2024,GALLE,4
CAR,MERCEDES BENZ,EQS-450,2024,COLOMBO,1
CAR,MERCEDES BENZ,EQB300 4 MATIC,2024,COLOMBO,1
MOTOR CYCLE,REVOLT,RV 400,2025,PUTTALAM,4
MOTOR CYCLE,TMR LUYUAN,COLA 5,2025,AMPARA,15
CAR,TOYOTA,5AA-A202A RAIZE,2025,JAFFNA,17
CAR,TOYOTA,5AA-A202A RAIZE,2025,KANDY,20
CAR,TOYOTA,5AA-A202A  RAIZE,2025,TRINCOMALEE,2
CAR,AUDI,ETRON 50 QUATTRO,2024,COLOMBO,1
CAR,TOYOTA,5AA-A202A  RAIZE,2025,JAFFNA,1
MOTOR CYCLE,TMR LUYUAN,MNK3,2025,MONERAGALA,1
MOTOR CYCLE,HORWIN,EK 1,2025,COLOMBO,1
CAR,TOYOTA,5AA-A202A  RAIZE,2025,COLOMBO,10
CAR,TOYOTA,5AA-A202A  RAIZE,2024,COLOMBO,1
MOTOR CYCLE,TAILG,S2 SCOOTER,2024,AMPARA,2
MOTOR CYCLE,REVOLT,RV 400,2025,HAMBANTOTA,2
CAR,TOYOTA,5BA-A202A RAIZE,2024,RATNAPURA,1
CAR,TOYOTA,5AA A202A RAIZE,2023,KANDY,1
MOTOR CYCLE,TAKASHI,ES PRO MAX,2025,HAMBANTOTA,1
CAR,TOYOTA,5AA A202A RAIZE,2025,RATNAPURA,1
MOTOR CYCLE,TAILG,F55,2025,COLOMBO,4
MOTOR CYCLE,REVOLT,RV BLAZE X,2025,HAMBANTOTA,1
CAR,TOYOTA,5AA-A202A RAIZE,2024,NUWARA-ELIYA,1
THREE WHEELER,BAJAJ,RE,2015,GAMPAHA,1
CAR,MERCEDES BENZ,B-CLASS,2015,GAMPAHA,1
CAR,MERCEDES BENZ,EQB 250,2023,GAMPAHA,2
CAR,MERCEDES BENZ,EQB 300 AMG LINE,2024,GAMPAHA,1
CAR,MERCEDES BENZ,EQE300 SUV,2024,GAMPAHA,1
MOTOR CYCLE,TMR LUYUAN,S18,2025,KURUNEGALA,33
CAR,AUDI,E-TRON,2024,GAMPAHA,1
CAR,TOYOTA,5AA--A202A RAIZE,2025,BADULLA,1
CAR,TOYOTA,5AA-A202A RAIZE,2025,BADULLA,6
CAR,TOYOTA,5AA-A202A  RAIZE,2023,GAMPAHA,3
MOTOR CYCLE,RW,SHANGJIANG,2016,KALUTARA,1
MOTOR CYCLE,TAKASHI,ES PRO PLUS,2025,KALUTARA,6
MOTOR CYCLE,RW,SHANGJIANG,2016,MATALE,1
MOTOR CYCLE,RW,SHANGJIANG,2016,ANURADHAPURA,1
CAR,MERCEDES BENZ,EQB300 AMG LINE,2023,KURUNEGALA,1
CAR,MERCEDES BENZ,EQB 250,2024,MATARA,1
MOTOR CYCLE,TAILG,RED RABBIT,2024,MATALE,1
CAR,TOYOTA,5AA-A202A RAIZE,2023,KURUNEGALA,4
CAR,TOYOTA,5AA-A202A  RAIZE,2025,MATARA,2
CAR,TOYOTA,5AA-A202A RAIZE,2022,MATARA,2
CAR,TOYOTA,5AA-A202A   RAIZE,2025,KURUNEGALA,1
CAR,TOYOTA,5AA-A202A  RAIZE,2022,KEGALLE,1
CAR,TOYOTA,5AA-A202A,2023,MATARA,1
MOTOR CYCLE,RW,LIBAO,2016,GAMPAHA,5
MOTOR CYCLE,OKINAWA,RIDGE,2018,MATARA,1
MOTOR CYCLE,RW,JINGYING,2016,MATARA,1
MOTOR CYCLE,Y2,VVO,2024,GAMPAHA,1
CAR,MERCEDES BENZ,EQE 300,2023,PUTTALAM,1
MOTOR CYCLE,TAKASHI,ES PRO MAX,2025,MATARA,2
MOTOR CYCLE,TMR LUYUAN,MQQ6,2025,MANNAR,1
MOTOR CYCLE,TAILG,F72,2025,RATNAPURA,2
MOTOR CYCLE,SHANGLING,SR COOL,2022,JAFFNA,27
MOTOR CYCLE,WAOPAL,REOH,2018,COLOMBO,1
MOTOR CYCLE,ELECTRIC SCOOTER,BMW T3,2018,KANDY,1
THREE WHEELER,BAJAJ,RE205,2012,COLOMBO,1
THREE WHEELER,BAJAJ,RE,2015,GALLE,1
CAR,MERCEDES BENZ,BENZ B CLASS,2015,COLOMBO,4
MOTOR CYCLE,RW,JINGGUI,2016,PUTTALAM,2
MOTOR CYCLE,RW,LIEBAO,2017,COLOMBO,1
MOTOR CYCLE,OKINAWA,PRAISE BD,2018,HAMBANTOTA,1
MOTOR CYCLE,OKINAWA,PRAISE,2018,HAMBANTOTA,2
MOTOR CYCLE,RW,JINGGUI,2016,COLOMBO,1
MOTOR CYCLE,RW,JINGGU,2016,COLOMBO,2
CAR,MERCEDES BENZ,EQA 300 AMG LINE,2023,COLOMBO,4
CAR,MERCEDES BENZ,EQS53-4MATIC PLUS,2023,COLOMBO,1
MOTOR CYCLE,SURYA,SR COOL,2023,VAVUNIYA,1
CAR,MERCEDES BENZ,EQS-450,2023,COLOMBO,1
CAR,MERCEDES BENZ,EQB 300 AMG,2023,COLOMBO,1
MOTOR CYCLE,EVTRIC,RISE,2023,COLOMBO,1
CAR,MERCEDES BENZ,EQE300 SUV,2024,COLOMBO,1
CAR,AUDI,Q4 40 E-TRON,2024,COLOMBO,1
CAR,MERCEDES BENZ,EQB 250 PLUS,2024,KANDY,1
MOTOR CYCLE,TAILG,SAI BEI,2024,HAMBANTOTA,6
CAR,DENZA,D9 ADVANCED,2025,COLOMBO,6
CAR,TOYOTA,5AA-A202A RAIZE,2024,GALLE,5
CAR,TOYOTA,5AA-A202A RAIZE,2022,COLOMBO,18
MOTOR CYCLE,TAILG,MENGSU,2024,COLOMBO,1
MOTOR CYCLE,TMR LUYUAN,COLA 5,2025,HAMBANTOTA,17
MOTOR CYCLE,TAILG,RED RABBIT,2025,PUTTALAM,17
CAR,TOYOTA,5AA-A202A   RAIZE,2024,GALLE,1
MOTOR CYCLE,CHENXIAN,H8,2025,COLOMBO,1
MOTOR CYCLE,REVOLT,RV 400,2025,AMPARA,1
CAR,TOYOTA,5AA-A202A RAIZE,2022,HAMBANTOTA,2
CAR,TOYOTA,5BA-A202A RAIZE,2025,GALLE,1
CAR,TOYOTA,5AA-A202A  RAIZE,2025,KANDY,1
CAR,TOYOTA,5AA-A2002A RAIZE,2022,COLOMBO,1
CAR,MERCEDES BENZ,B CLASS ELECTRIC,2015,GAMPAHA,2
CAR,AUDI,Q4 E TRON,2023,GAMPAHA,1
CAR,AUDI,Q8 E-TRON BLACK,2023,GAMPAHA,1
CAR,MERCEDES BENZ,EQS450,2023,GAMPAHA,1
CAR,MERCEDES BENZ,EQB-250,2024,GAMPAHA,1
MOTOR CYCLE,TMR LUYUAN,COLA 5,2025,KURUNEGALA,34
CAR,JMEV,JX7001ERCBEV,2025,GAMPAHA,5
CAR,TOYOTA,5AA-A202A  RAIZE,2025,ANURADHAPURA,1
MOTOR CYCLE,TMR LUYUAN,S18,2025,KALUTARA,1
CAR,MERCEDES BENZ,B CLASS,2015,KALUTARA,1
MOTOR CYCLE,TMR LUYUAN,S18,2025,ANURADHAPURA,13
CAR,TOYOTA,5AA A202A RAIZE,2025,KEGALLE,1
CAR,MERCEDES BENZ,B-CLASS ELECTRIC,2015,PUTTALAM,1
MOTOR CYCLE,RW,QUANNENGWANG,2016,GAMPAHA,5
MOTOR CYCLE,OKINAWA,PRAISE,2018,GAMPAHA,4
MOTOR CYCLE,KINECHE,TDR23Z,2019,GAMPAHA,1
MOTOR CYCLE,TMR LUYUAN,COLA 5,2025,GAMPAHA,9
CAR,TOYOTA,5AA-A202A RAIZE,2025,POLONNARUWA,3
MOTOR CYCLE,RW,LIEBAO,2017,JAFFNA,1
MOTOR CYCLE,SURYA,SR COOL,2023,JAFFNA,31
MOTOR CYCLE,SHANGLING,SR COOL,2023,JAFFNA,1
MOTOR CYCLE,GUOWEI EAGLE,GWEM01PRETTY,2018,MONERAGALA,9
MOTOR CYCLE,WAOPAL,REOR,2018,COLOMBO,1
MOTOR CYCLE,WAOPAL,FEGO,2018,GALLE,1
MOTOR CYCLE,GALLANT,ZX-HYBRID,2018,COLOMBO,1
THREE WHEELER,BAJAJ,RE,2014,COLOMBO,2
THREE WHEELER,BAJAJ,E-DRIVE,2015,COLOMBO,2
CAR,MERCEDES BENZ,B CLASS ELECTRIC,2015,COLOMBO,24
THREE WHEELER,ENERGY,SPIRIT 2000,2015,COLOMBO,1
MOTOR CYCLE,YADEA,TDR2040Z,2016,COLOMBO,1
MOTOR CYCLE,TAILG,TDWG 65Z,2018,KANDY,1
MOTOR CYCLE,DEAGUDAL,Z3,2018,KEGALLE,1
MOTOR CYCLE,RW,DO,2016,COLOMBO,1
CAR,AUDI,Q4 S LINE 40 E-TRON,2023,COLOMBO,1
CAR,AUDI,Q4-E-TRON,2023,COLOMBO,1
CAR,MERCEDES BENZ,EQB 300,2022,COLOMBO,1
CAR,MERCEDES BENZ,EQS 450,2024,RATNAPURA,1
CAR,AUDI,Q8 E-TRON SPORT 50,2023,COLOMBO,1
CAR,MERCEDES BENZ,EQB 250 +,2024,COLOMBO,1
CAR,AUDI,Q4 SPORTBACK40E-TRON,2024,RATNAPURA,1
MOTOR CYCLE,CHENXIAN,CHENXIAN,2024,KEGALLE,1
THREE WHEELER,BAJAJ,RE E - TEC 9.0,2024,BADULLA,1
MOTOR CYCLE,TMR LUYUAN,S18,2025,KANDY,2
MOTOR CYCLE,TMR LUYUAN,MQQ6,2025,HAMBANTOTA,4
MOTOR CYCLE,TMR LUYUAN,S18,2025,KEGALLE,1
CAR,TOYOTA,5AA-A202A RAIZE,2024,KANDY,7
MOTOR CYCLE,TAILG,RED RABBIT,2025,HAMBANTOTA,1
CAR,MERCEDES BENZ,EQS 450 4 MATIC,2025,COLOMBO,1
CAR,TOYOTA,5AA-A202A,2022,COLOMBO,2
CAR,TOYOTA,5AA-A202 A RAIZE,2024,COLOMBO,1
CAR,TOYOTA,5AA-A202A RAIZE,2023,GALLE,1
MOTOR CYCLE,TAKASHI,ES LITE,2025,GALLE,1
MOTOR CYCLE,ELECTRICA,ELECTRA,1999,KURUNEGALA,1
CAR,AUDI,Q4,2024,GAMPAHA,1
CAR,MERCEDES BENZ,EQV 300,2024,BADULLA,2
CAR,MERCEDES BENZ,EQS 450,2024,GAMPAHA,1
MOTOR CYCLE,TMR LUYUAN,COLA 5,2023,KURUNEGALA,1
CAR,TOYOTA,5AA-A202A RAIZE,2024,BADULLA,3
CAR,TOYOTA,5BA-A202A RAIZE,2022,GAMPAHA,1
MOTOR CYCLE,MYWAY MV,ALFA,2017,NUWARA-ELIYA,1
MOTOR CYCLE,RW,JINBAO,2016,KALUTARA,1
MOTOR CYCLE,TMR LUYUAN,S18,2025,POLONNARUWA,1
MOTOR CYCLE,TAILG,RED RABBIT,2025,POLONNARUWA,5
CAR,MERCEDES BENZ,EQA 350 4MATIC,2024,KALUTARA,1
MOTOR CYCLE,TMR LUYUAN,S 18,2025,ANURADHAPURA,1
CAR,TOYOTA,5AA-A202A RAIZE,2024,AMPARA,3
CAR,TOYOTA,5BA-A202A RAIZE,2025,MATARA,1
CAR,TOYOTA,5AA-A202A,2024,KEGALLE,1
MOTOR CYCLE,REVOLT,RV 400,2025,ANURADHAPURA,6
MOTOR CYCLE,TAKASHI,ES LITE,2025,ANURADHAPURA,1
MOTOR CYCLE,RW,QUIBITE,2016,BATTICALOA,1
MOTOR CYCLE,SURYA,SR COOL,2023,GAMPAHA,13
MOTOR CYCLE,TMR LUYUAN,S18,2025,MATARA,1
MOTOR CYCLE,TMR LUYUAN,MQQ6,2025,GAMPAHA,9
MOTOR CYCLE,TMR LUYUAN,MNK3,2025,GAMPAHA,1
MOTOR CYCLE,REVOLT,RV BLAZE X,2025,GAMPAHA,2
MOTOR CYCLE,TAKASHI,ES PRO PLUS,2025,GAMPAHA,1
MOTOR CYCLE,TMR LUYUAN,S18,2025,RATNAPURA,13
MOTOR CYCLE,RW,JINBAO,2016,JAFFNA,1
MOTOR CYCLE,REVOLT,RV 1,2025,JAFFNA,2
MOTOR CYCLE,GUOWEI EAGLE,GWEM01PRETTY,2017,MONERAGALA,7
MOTOR CYCLE,WAOPAL,PEOA,2018,COLOMBO,1
MOTOR CYCLE,BYVIN,JINGGANGLA,2018,COLOMBO,1
MOTOR CYCLE,GUOWEI EAGLE,GWEM01PRETTY,2019,MONERAGALA,2
MOTOR CYCLE,ELECTRIC SCOOTER,V6,2019,COLOMBO,1
MOTOR CYCLE,FARMERS,ELECTRIC,2008,COLOMBO,1
THREE WHEELER,ENERGY,SPIRIT 2000,2015,KALUTARA,1
CAR,MERCEDES BENZ,B CLASS,2015,HAMBANTOTA,1
THREE WHEELER,BAJAJ,RE,2016,COLOMBO,3
THREE WHEELER,BAJAJ,RE,2017,POLONNARUWA,1
MOTOR CYCLE,ELECTRICA,SY-LXQS(HK),2017,HAMBANTOTA,1
MOTOR CYCLE,MYWAY MV,M7,2017,COLOMBO,1
MOTOR CYCLE,OKINAWA,PRAISE,2018,COLOMBO,1
MOTOR CYCLE,TAILG,TDWG65Z,2018,COLOMBO,3
MOTOR CYCLE,TAILG,TDZG53Z,2017,KANDY,1
MOTOR CYCLE,OKINAWA,RIDGE,2018,PUTTALAM,2
MOTOR CYCLE,TAILG,TDWD652,2018,KANDY,1
THREE WHEELER,BAJAJ,RE-EV,2021,HAMBANTOTA,1
MOTOR CYCLE,TAILG,TDZG53Z,2017,COLOMBO,1
MOTOR CYCLE,RW,JUNUBA,2016,COLOMBO,1
CAR,AUDI,Q4E-TRON 40 SLINE,2023,COLOMBO,1
CAR,MERCEDES BENZ,EQB-250 AMG LINE,2024,COLOMBO,1
CAR,MERCEDES BENZ,EQE-300,2023,COLOMBO,2
CAR,MERCEDES BENZ,EQE300,2024,COLOMBO,2
CAR,MERCEDES BENZ,AMG EQS 53 4MATIC,2024,COLOMBO,1
CAR,AUDI,E-TRON 50,2024,KANDY,2
CAR,AUDI,E-TRON GT QUATTRO,2024,COLOMBO,2
CAR,MERCEDES BENZ,EQE 350 PLUS,2024,GALLE,1
MOTOR CYCLE,XINRI,ELECTRIC SCOOTER,2022,COLOMBO,1
MOTOR CYCLE,REVOLT,RV 400,2024,PUTTALAM,6
CAR,AUDI,E-TRON-50-QUATTRO,2024,COLOMBO,1
MOTOR CYCLE,TMR LUYUAN,S18,2025,MONERAGALA,3
CAR,TOYOTA,5AA-A202A RAIZE,2024,JAFFNA,5
CAR,AUDI,E-TR0N50 QUATTRO,2024,COLOMBO,1
MOTOR CYCLE,TAILG,UNIVERSE,2024,AMPARA,3
CAR,TOYOTA,5AA-A202A,2025,COLOMBO,5
MOTOR CYCLE,TMR LUYUAN,MQQ6,2025,PUTTALAM,2
CAR,TOYOTA,5AA-A202A  RAIZE,2024,GALLE,1
MOTOR CYCLE,HORWIN,SK3,2023,COLOMBO,1
MOTOR CYCLE,REVOLT,RV 400,2025,COLOMBO,7
CAR,TOYOTA,5BA-A202A RAIZE,2025,COLOMBO,2
CAR,TOYOTA,5AA-A202A   RAIZE,2025,KANDY,1
MOTOR CYCLE,REVOLT,RV 400,2025,TRINCOMALEE,1
MOTOR CYCLE,TMR LUYUAN,COLA 5,2025,PUTTALAM,9
MOTOR CYCLE,REVOLT,RV 400,2025,GALLE,3
CAR,TOYOTA,5AA-A202A   RAIZE,2025,VAVUNIYA,1
CAR,AUDI,E TRON,2024,NUWARA-ELIYA,1
CAR,TOYOTA,6AA A202A RAIZE,2022,COLOMBO,1
CAR,TOYOTA,5AA-A202A RAIZE,2023,KANDY,1
MOTOR CYCLE,TAILG,F71,2025,COLOMBO,1
MOTOR CYCLE,TAILG,TDRD16Z,2018,KURUNEGALA,2
CAR,AUDI,Q4 40 ETRON S-LINE,2023,GAMPAHA,1
CAR,MERCEDES BENZ,EQB 300,2023,GAMPAHA,1
CAR,MERCEDES BENZ,EQB 250,2024,GAMPAHA,1
CAR,MERCEDES BENZ,EQE 300 SUV,2024,GAMPAHA,3
CAR,MERCEDES BENZ,EQB 250  AMG LINE,2024,GAMPAHA,1
CAR,TOYOTA,5AA-A202A RAIZE,2022,BADULLA,2
CAR,TOYOTA,5AA-A202A RAIZE,2025,ANURADHAPURA,11
CAR,TOYOTA,5AA-A202A  RAIZE,2025,GAMPAHA,4
MOTOR CYCLE,TAKASHI,ES PRO PLUS,2025,KURUNEGALA,3
MOTOR CYCLE,TAKASHI,ES LITE,2025,KURUNEGALA,1
CAR,TOYOTA,5AA A202A RAIZE,2025,GAMPAHA,4
CAR,TOYOTA,5AA-A202A,2024,ANURADHAPURA,1
MOTOR CYCLE,RW,LIEBAO,2016,POLONNARUWA,1
MOTOR CYCLE,REVOLT,RV 1,2025,KALUTARA,7
MOTOR CYCLE,TMR LUYUAN,COLA 5,2025,POLONNARUWA,1
MOTOR CYCLE,TAILG,F55,2025,KALUTARA,1
CAR,MERCEDES BENZ,B-CLASS,2015,KURUNEGALA,1
CAR,MERCEDES BENZ,EQB 300 AMG LINE,2023,KURUNEGALA,1
CAR,MERCEDES BENZ,EQA 250 PLUS,2024,KALUTARA,1
CAR,AUDI,E-TRON 50 QUATTRO,2024,KALUTARA,1
CAR,TOYOTA,5AA-A202A RAIZE,2024,KURUNEGALA,12
CAR,TOYOTA,5AA-A202A RAIZE,2023,MATARA,6
CAR,TOYOTA,5AA-A202A RAIZE,2022,KALUTARA,1
MOTOR CYCLE,TAILG,TDWG652,2017,GAMPAHA,1
MOTOR CYCLE,RW,LIBAO,2017,GAMPAHA,1
MOTOR CYCLE,YADEA,YD-EM17,2017,BATTICALOA,1
MOTOR CYCLE,Y2,MAX XSI,2024,GAMPAHA,1
MOTOR CYCLE,TMR LUYUAN,COLA 5,2025,BATTICALOA,1
MOTOR CYCLE,TAKASHI,ES LITE,2025,GAMPAHA,1
MOTOR CYCLE,RW,JINGYING,2016,RATNAPURA,1
MOTOR CYCLE,SURYA,SR COOL,2023,MANNAR,1
MOTOR CYCLE,SHANGLING,SR COOL,2022,MULLATIVU,1
MOTOR CYCLE,REVOLT,RV 400,2024,MULLATIVU,1
MOTOR CYCLE,BAJAJ,CT100,2010,COLOMBO,1
THREE WHEELER,BAJAJ,RE,2014,KALUTARA,1
THREE WHEELER,BAJAJ,RE,2015,JAFFNA,2
CAR,MERCEDES BENZ,B CLASS ELECTRIC CAR,2015,COLOMBO,1
CAR,MERCEDES BENZ,BENZ B 250E,2015,KANDY,1
CAR,MERCEDES BENZ,B CLASS,2016,KANDY,1
MOTOR CYCLE,FLAME,ES205,2016,COLOMBO,1
MOTOR CYCLE,TAILG,TDWG65Z,2017,KANDY,21
MOTOR CYCLE,MYWAY MV,XY III,2017,COLOMBO,1
MOTOR CYCLE,TAILG,TDWG65Z,2017,KEGALLE,6
CAR,MERCEDES BENZ,C200 SPORT,2018,COLOMBO,1
MOTOR CYCLE,RW,LIBAO,2017,COLOMBO,1
MOTOR CYCLE,OKINAWA,PRAISE,2018,PUTTALAM,2
MOTOR CYCLE,XGJAO,SCOOTY,2017,COLOMBO,1
MOTOR CYCLE,TAILG,TDR5001Z,2017,COLOMBO,3
MOTOR CYCLE,SHANGLING,SR COOL,2022,KEGALLE,1
CAR,MERCEDES BENZ,EQS 450 ZAA-296624,2023,COLOMBO,1
CAR,AUDI,Q4,2024,COLOMBO,2
CAR,MERCEDES BENZ,EQE300 AMG,2024,COLOMBO,1
CAR,MERCEDES BENZ,AMG EQS 534 MATIC,2024,COLOMBO,1
CAR,MERCEDES BENZ,EQS 450 4MATIC,2024,COLOMBO,1
CAR,AUDI,E-TRON 50,2024,COLOMBO,11
MOTOR CYCLE,REVOLT,RV400,2024,COLOMBO,2
CAR,AUDI,E-TRON 50 QUATTRO,2024,KANDY,2
CAR,MERCEDES BENZ,EQS450 SUV,2024,COLOMBO,1
MOTOR CYCLE,REVOLT,RV 400,2024,MONERAGALA,2
MOTOR CYCLE,XINRI,TDR9563Z,2023,AMPARA,1
MOTOR CYCLE,TMR LUYUAN,S18,2025,AMPARA,4
MOTOR CYCLE,TMR LUYUAN,S18,2025,HAMBANTOTA,5
CAR,TOYOTA,5AA-A202A RAIZE,2025,GALLE,26
MOTOR CYCLE,REVOLT,RV 1,2024,GALLE,2
CAR,TOYOTA,5AA-A202A RAIZE,2023,NUWARA-ELIYA,1
CAR,TOYOTA,5AA-A200A RAIZE,2025,COLOMBO,1
CAR,MERCEDES BENZ,EQB250 AMG LINE,2024,COLOMBO,1
MOTOR CYCLE,HORWIN,SK1,2025,COLOMBO,1
CAR,TOYOTA,5AA-A202A RAIZE,2025,BATTICALOA,8
CAR,TOYOTA,5AA-A202A  RAIZE,2025,NUWARA-ELIYA,1
CAR,TOYOTA,5AA-A202A  RAIZE,2025,GALLE,5
CAR,TOYOTA,5AA-A202A SEDAN,2025,COLOMBO,1
CAR,TOYOTA,5AA-A202A RAIZE,2023,MATALE,1
CAR,TOYOTA,5AA-A202A RAIZE,2022,GALLE,2
CAR,TOYOTA,5AA-A202A   RAIZE,2025,COLOMBO,2
CAR,TOYOTA,5AA-A202A RAIZE,2022,KANDY,4
MOTOR CYCLE,TAKASHI,ES LITE,2025,HAMBANTOTA,4
MOTOR CYCLE,REVOLT,RV 1,2025,GALLE,1
MOTOR CYCLE,TAKASHI,ES PRO PLUS,2025,KANDY,1
THREE WHEELER,TMR LUYUAN,MTPBT20 B8,2025,JAFFNA,4
MOTOR CYCLE,TAKASHI,ES PRO PLUS,2025,GALLE,1
MOTOR CYCLE,BAJAJ,DISCOVER125 M,2014,KURUNEGALA,1
MOTOR CYCLE,RW,SHANJIANG,2016,KURUNEGALA,1
MOTOR CYCLE,RW,LIEBAO,2016,KURUNEGALA,1
MOTOR CYCLE,OKINAWA,RIDGE,2010,KURUNEGALA,1
MOTOR CYCLE,OKINAWA,PRAISE,2018,KURUNEGALA,2
CAR,AUDI,Q4 SPORTBACK40E-TRON,2024,GAMPAHA,1
CAR,TOYOTA,5AA-A202A,2024,BADULLA,1
CAR,TOYOTA,5AA-A202A RAIZE,2023,GAMPAHA,19
CAR,TOYOTA,5AA-A202A  RAIZE,2024,GAMPAHA,1
CAR,TOYOTA,5AA-A202A,2022,GAMPAHA,1
MOTOR CYCLE,TAKASHI,ES PRO,2025,KURUNEGALA,1
MOTOR CYCLE,SURYA,SR COOL,2023,KALUTARA,1
CAR,MERCEDES BENZ,B CLASS ELECTRIC,2015,KALUTARA,1
MOTOR CYCLE,MYWAY MV,DPX,2017,ANURADHAPURA,1
MOTOR CYCLE,RW,LIBAO,2016,ANURADHAPURA,1
MOTOR CYCLE,RW,JINGYING,2016,ANURADHAPURA,2
CAR,AUDI,E-TRON 50,2024,KALUTARA,1
CAR,TOYOTA,5AA-A202A RAIZE,2025,AMPARA,7
CAR,TOYOTA,5AA-A202A RAIZE,2022,AMPARA,1
CAR,TOYOTA,5AA-A202A,2025,KEGALLE,1
CAR,TOYOTA,5A-A202A RAIZE,2025,KURUNEGALA,1
MOTOR CYCLE,FARMERS,ELECTRIC,2008,GAMPAHA,1
MOTOR CYCLE,RW,JINGYING,2016,GAMPAHA,2
MOTOR CYCLE,RW,LIEBAO,2016,GAMPAHA,1
MOTOR CYCLE,SHANGLING,SR COOL,2022,GAMPAHA,19
CAR,MERCEDES BENZ,EQB 250,2024,PUTTALAM,1
MOTOR CYCLE,TAILG,SAI BEI,2024,GAMPAHA,2
MOTOR CYCLE,REVOLT,RV 400,2024,GAMPAHA,6
MOTOR CYCLE,TAILG,LEIBAO,2024,GAMPAHA,1
MOTOR CYCLE,SURYA,SR COOL,2023,RATNAPURA,1
MOTOR CYCLE,REVOLT,RV 400,2024,RATNAPURA,9
MOTOR CYCLE,OKINAWA,RIDGE,2018,JAFFNA,3
MOTOR CYCLE,UGBEST,T 6,2015,COLOMBO,1
MOTOR CYCLE,ELECTRIC SCOOTER,XD-112,2018,COLOMBO,3
MOTOR CYCLE,GUOWEI EAGLE,GWEMOIPRETTY,2019,HAMBANTOTA,1
MOTOR CYCLE,EM78,E SCOOTER,2017,COLOMBO,1
CAR,PEUGEOT,E-2008 GT PREMIUM EV,2022,COLOMBO,1
MOTOR CYCLE,OKAYA,FAAST F2T,2022,PUTTALAM,1
MOTOR CYCLE,OKAYA,FAAST F2T,2022,HAMBANTOTA,7
MOTOR CYCLE,OKAYA,FREEDUM,2022,MONERAGALA,1
CAR,PEUGEOT,E 2008,2023,HAMBANTOTA,1
MOTOR CYCLE,OKAYA,FAAST F27,2022,GALLE,1
CAR,PEUGEOT,208  E- STYLE EV,2024,GALLE,1
MOTOR CYCLE,TAENT,ID113872,2024,ANURADHAPURA,1
MOTOR CYCLE,GALLANT,ZX-HYBRID,2018,GAMPAHA,3
MOTOR CYCLE,GALLANT,ZX-SNOM LEPORD,2018,GAMPAHA,1
MOTOR CYCLE,OKAYA,FREEDUM,2022,GAMPAHA,1
MOTOR CYCLE,GALLANT,ZX - EH718,2018,GAMPAHA,1
MOTOR CYCLE,OKAYA,FREEDUM,2023,RATNAPURA,1
MOTOR CYCLE,OKAYA,FAAST F2,2022,JAFFNA,1
MOTOR CYCLE,RIKODA,CHINA,2022,JAFFNA,1
CAR,MAHINDRA,E 20,2016,RATNAPURA,1
CAR,MAHINDRA,E 20,2018,COLOMBO,9
CAR,MAHINDRA,E 20,2018,JAFFNA,2
CAR,FORD,MUSTANG MACH-E,2023,COLOMBO,1
MOTOR CYCLE,TVS,IQUBE,2024,COLOMBO,122
MOTOR CYCLE,TVS,IQUBE,2025,GALLE,58
CAR,FORD,MUSTANG MACH,2022,GALLE,1
MOTOR TRICYCLE VAN,MAHINDRA,TREO ZOR DV,2025,TRINCOMALEE,1
THREE WHEELER,MAHINDRA,TREO,2025,AMPARA,3
THREE WHEELER,MAHINDRA,TREO,2025,PUTTALAM,6
MOTOR CYCLE,ALFA,XY III METRO,2019,GALLE,1
THREE WHEELER,ELEKTRATEQ,ETX,2024,GALLE,1
THREE WHEELER,ELEKTRATEQ,ETX,2024,POLONNARUWA,2
CAR,CHANGAN,S 07,2025,COLOMBO,51
MOTOR CYCLE,XIAODAO,MARS,2025,KANDY,1
CAR,TATA,NEXON EV,2025,KANDY,1
THREE WHEELER,ELEKTRATEQ,ETX,2025,NUWARA-ELIYA,1
CAR,CHANGAN,L07,2025,KANDY,1
MOTOR CYCLE,LADEAEV,E-BIKE,2024,KURUNEGALA,1
MOTOR CYCLE,ALFA,XY III METRO,2017,KALUTARA,2
MOTOR CYCLE,LVYUAN,E-MNK3,2020,GAMPAHA,1
THREE WHEELER,ELEKTRATEQ,ETX,2025,PUTTALAM,1
MOTOR CYCLE,YADEA,YD500D 45,2011,COLOMBO,1
MOTOR CYCLE,VMOTO,V 5,2014,COLOMBO,1
MOTOR CYCLE,YADEA,EM 151,2016,MONERAGALA,1
MOTOR CYCLE,YADEA,YD-EM 66,2016,AMPARA,1
MOTOR CYCLE,YADEA,YD-ET66,2016,HAMBANTOTA,1
MOTOR CYCLE,YADEA,YD ET 66,2017,VAVUNIYA,1
MOTOR CYCLE,YADEA,YDET-66,2018,MONERAGALA,6
MOTOR CYCLE,YADEA,YD-ET 66,2017,HAMBANTOTA,1
MOTOR CYCLE,LEOMA,FASHIONRIDER,2018,GALLE,3
MOTOR CYCLE,YADEA,YD EM 163,2018,HAMBANTOTA,3
MOTOR CYCLE,YADEA,YD-EM17,2017,AMPARA,4
MOTOR CYCLE,YADEA,YD EM 17,2017,HAMBANTOTA,1
MOTOR CYCLE,YADEA,YDET-66,2018,PUTTALAM,3
MOTOR CYCLE,YADEA,YD-GM010,2019,VAVUNIYA,1
MOTOR CYCLE,NEO,AVATAR,2023,COLOMBO,2
MOTOR CYCLE,YADEA,E8S PRO,2023,KANDY,24
MOTOR CYCLE,GDI,X-GOD,2021,KEGALLE,2
MOTOR CYCLE,YADEA,T9,2023,TRINCOMALEE,5
MOTOR CYCLE,YADEA,E8S-PRO,2023,COLOMBO,1
MOTOR CYCLE,YADEA,T9,2023,AMPARA,3
MOTOR CYCLE,VMOTO,VS2,2023,COLOMBO,34
MOTOR CYCLE,VMOTO,VS2,2023,PUTTALAM,6
MOTOR CYCLE,YADEA,E8S PRO,2023,AMPARA,10
MOTOR CYCLE,GDI,X-GOD,2023,COLOMBO,3
MOTOR CYCLE,VMOTO,VS2,2022,GALLE,1
MOTOR CYCLE,YADEA,T5,2023,AMPARA,12
MOTOR CYCLE,YADEA,M6,2024,HAMBANTOTA,19
MOTOR CYCLE,YADEA,E8S PRO,2024,KANDY,30
MOTOR CYCLE,VMOTO,VS2,2024,COLOMBO,1
MOTOR CYCLE,YADEA,RUIBIN,2024,KANDY,3
MOTOR CYCLE,YADEA,EZEEGO,2024,PUTTALAM,4
CAR,MG,MG4 V ELECTRIC,2024,HAMBANTOTA,1
MOTOR CYCLE,QUANLE,XGW,2024,KEGALLE,3
CAR,MG,MG4 ELECTRIC,2024,GALLE,1
CAR,MG,MG4 V ELECTRIC,2024,COLOMBO,1
MOTOR CYCLE,QUANLE,XGW,2024,TRINCOMALEE,6
MOTOR CYCLE,YADEA,IF6,2024,COLOMBO,2
MOTOR CYCLE,QUANLE,ZL,2024,AMPARA,4
MOTOR CYCLE,YADEA,YD-EMH9,2016,COLOMBO,1
MOTOR CYCLE,YADEA,EPOC H,2024,COLOMBO,26
MOTOR CYCLE,YADEA,EPOC H,2024,KEGALLE,3
MOTOR CYCLE,YADEA,EPOC H,2024,MONERAGALA,7
MOTOR CYCLE,YADEA,T 5,2024,COLOMBO,1
MOTOR CYCLE,VMOTO,CPX,2024,COLOMBO,4
MOTOR CYCLE,YADEA,T5,2025,PUTTALAM,825
MOTOR CYCLE,YADEA,E10,2023,KEGALLE,1
MOTOR CYCLE,VMOTO,CPX,2024,HAMBANTOTA,1
MOTOR CYCLE,QUANLE,N9 (NINEBOT),2025,COLOMBO,2
MOTOR CYCLE,VMOTO,CITI,2025,GALLE,13
MOTOR CYCLE,TMR QUANLE,ZL,2025,TRINCOMALEE,10
MOTOR CYCLE,YADEA,T5,,PUTTALAM,1
MOTOR CYCLE,YADEA,EPOC H,2025,MONERAGALA,7
MOTOR CYCLE,YADEA,YD- EM66,2016,PUTTALAM,1
MOTOR CYCLE,YADEA,COOLJOY,2025,HAMBANTOTA,31
MOTOR TRICYCLE VAN,JINPENG,XT150 D,2025,KURUNEGALA,1
MOTOR CYCLE,LUJIA,DRILL HAWK,2017,KURUNEGALA,1
MOTOR CYCLE,YADEA,YD-EM151,2017,KURUNEGALA,1
CAR,MG,EP PLUS,2022,GAMPAHA,2
MOTOR CYCLE,YADEA,T5,2023,KURUNEGALA,18
CAR,MG,MG4 ELECTRIC  X,2024,GAMPAHA,2
MOTOR CYCLE,QUANLE,ZS,2024,KURUNEGALA,31
MOTOR CYCLE,YADEA,T5,2025,KURUNEGALA,2191
MOTOR CYCLE,QUANLE,XGW,2025,KURUNEGALA,34
MOTOR CYCLE,YADEA,T5,2022,KURUNEGALA,1
MOTOR CYCLE,YADEA,TDR3432Z,2025,KURUNEGALA,1
MOTOR CYCLE,YADEA,YD-GM010,2018,KALUTARA,3
MOTOR CYCLE,YADEA,YD EM163,2018,BADULLA,1
MOTOR CYCLE,YADEA,YDEM17,2017,POLONNARUWA,1
MOTOR CYCLE,YADEA,T5,2023,POLONNARUWA,7
MOTOR CYCLE,YADEA,EPOC H,2024,POLONNARUWA,9
MOTOR CYCLE,QUANLE,XGW,2025,POLONNARUWA,3
MOTOR CYCLE,YADEA,EPOC H,2025,BADULLA,4
MOTOR CYCLE,YADEA,YD-EM66,2016,ANURADHAPURA,8
MOTOR CYCLE,YADEA,YD ET66,2017,ANURADHAPURA,1
MOTOR CYCLE,YADEA,YD-EM17,2016,MATALE,1
MOTOR CYCLE,YADEA,M6,2023,MATALE,8
CAR,MG,MG4 ELECTRIC,2024,MATARA,1
MOTOR CYCLE,YADEA,T9,2024,MATALE,1
MOTOR CYCLE,YADEA,RUIBIN,2025,ANURADHAPURA,353
MOTOR CYCLE,YADEA,E8S PRO,2025,ANURADHAPURA,5
MOTOR CYCLE,QUANLE,ZL,2025,MATALE,1
MOTOR CYCLE,YADEA,COOLJOY,2025,MATALE,4
MOTOR CYCLE,YADEA,YD-X5,2018,MATARA,1
MOTOR CYCLE,LEOMA,FASHIONRIDER,2019,MATARA,1
MOTOR CYCLE,YADEA,YD-EM151,2016,MATARA,1
MOTOR CYCLE,YADEA,YD EM17,2016,MATARA,1
MOTOR CYCLE,YADEA,YD-EM151,2016,BATTICALOA,1
MOTOR CYCLE,YADEA,E8SPRO,2023,GAMPAHA,2
MOTOR CYCLE,GDI,X-GOD,2023,GAMPAHA,18
MOTOR CYCLE,YADEA,EZEEGO,2023,MATARA,3
MOTOR CYCLE,YADEA,T5,2024,MATARA,474
MOTOR CYCLE,YADEA,T 9,2024,MATARA,158
MOTOR CYCLE,YADEA,T 9,2024,BATTICALOA,13
MOTOR CYCLE,QUANLE,ZS,2024,MATARA,2
MOTOR CYCLE,QUANLE,XGW,2024,MATARA,3
MOTOR CYCLE,YADEA,T9,2024,GAMPAHA,1
MOTOR CYCLE,QUANLE,G18,2025,GAMPAHA,41
MOTOR CYCLE,QUANLE,XGW,2025,GAMPAHA,67
MOTOR CYCLE,QUANLE,ZS,2025,GAMPAHA,25
MOTOR CYCLE,QUANLE,ZL,2025,MATARA,1
MOTOR CYCLE,YADEA,M6,2025,GAMPAHA,15
MOTOR CYCLE,VMOTO,CITI,2025,MATARA,3
MOTOR CYCLE,TMR QUANLE,XGW,2025,GAMPAHA,65
MOTOR CYCLE,VMOTO,CPX,2025,MATARA,1
MOTOR CYCLE,YADEA,YD - EM151,2017,KILINOCHCHI,1
MOTOR CYCLE,YADEA,YD-EM163,2018,MANNAR,2
MOTOR CYCLE,QUANLE,Q1,2024,RATNAPURA,2
MOTOR CYCLE,YADEA,T9,2024,RATNAPURA,1
MOTOR CYCLE,YADEA,RUIBIN,2025,KILINOCHCHI,39
MOTOR CYCLE,YADEA,T5,2025,MANNAR,44
MOTOR CYCLE,TMR QUANLE,G18,2025,RATNAPURA,4
MOTOR CYCLE,YADEA,YD1500DT-16A,2025,RATNAPURA,1
MOTOR CYCLE,YADEA,COOLJOY,2025,RATNAPURA,8
MOTOR CYCLE,YADEA,E8S PRO,2023,JAFFNA,18
MOTOR CYCLE,YADEA,T5,2024,JAFFNA,121
MOTOR CYCLE,YADEA,G35H,2023,JAFFNA,1
MOTOR CYCLE,SOLID,ROYAL,2016,PUTTALAM,1
MOTOR CYCLE,SOLID,CHALLENGER,2017,COLOMBO,8
CAR,M.G.,4 TROPHY,2023,COLOMBO,1
MOTOR CYCLE,SLING,BLITZ,2023,COLOMBO,1
CAR,SAIC,MG4,2023,JAFFNA,2
MOTOR CYCLE,MIZUKI,WIND,2022,KEGALLE,1
CAR,SAIC,MG5,2023,GALLE,1
CAR,M.G.,MG4 - ELECTRIC,2024,COLOMBO,1
CAR,BYD,ZAA-SC2EXSQ ATTO 3,2024,COLOMBO,1
CAR,BYD,ATTO-3-SUPERIOR,2025,NUWARA-ELIYA,8
CAR,BYD,SEAL,2024,MONERAGALA,1
CAR,BYD,ATTO-3-SUPERIOR,2025,VAVUNIYA,4
CAR,BYD,ATTO3-ADVANCED,2025,MATALE,7
CAR,BYD,SEAL-COMFORT,2025,JAFFNA,1
CAR,BYD,DOLPHIN-DYNAMIC49,2025,HAMBANTOTA,20
CAR,BYD,M6 SUPERIOR,2025,KANDY,1
CAR,BYD,ATTO 2 PREMIUM,2025,COLOMBO,1
CAR,BYD,ATTO 1 PREMIUM,2025,KANDY,4
CAR,BYD,ATTO 1 PREMIUM,2025,JAFFNA,1
MOTOR CYCLE,SOLID,CLASSIC,2016,KURUNEGALA,1
CAR,SAIC,MG 4,2023,GAMPAHA,4
CAR,BYD,SEAL-COMFORT,2025,GAMPAHA,54
CAR,BYD,RWD-L-BYD SEAL,2024,GAMPAHA,1
CAR,BYD,SEAL COMFORT,2025,GAMPAHA,1
MOTOR CYCLE,SOLID,REO,2017,BADULLA,1
MOTOR CYCLE,SOLID,FCZJ (E-RIDER),2019,POLONNARUWA,1
MOTOR CYCLE,SOLID,ROBOT,2024,KALUTARA,1
MOTOR CYCLE,SOLID,G6,2024,BADULLA,2
CAR,SAIC,MG4 ELECTRIC X,2023,KALUTARA,1
CAR,BYD,BYD SEAL DYNAMIC,2024,KALUTARA,1
CAR,BYD,ATTO 3,2024,KEGALLE,1
MOTOR CYCLE,SLING,EBIKE,2024,ANURADHAPURA,1
CAR,BYD,DOLPHIN-DYNAMIC49,2025,KALUTARA,57
MOTOR CYCLE,ZUBOO,T3,2025,ANURADHAPURA,4
CAR,BYD,ATTO 1 PREMIUM,2025,KURUNEGALA,1
MOTOR CYCLE,SOLID,ROYAL,2016,GAMPAHA,6
MOTOR CYCLE,ENOW,MASTER,2016,MATARA,1
MOTOR CYCLE,SOLID,BLADE,2018,GAMPAHA,1
MOTOR CYCLE,SOLID,E-RIDER,2017,GAMPAHA,1
CAR,BYD,M6 SUPERIOR,2025,PUTTALAM,1
MOTOR CYCLE,ZUBOO,KB1,2025,MATARA,1
CAR,BYD,DOLPHIN-DYNAMIC 70,2025,POLONNARUWA,2
MOTOR CYCLE,LUYUAN ALFAXL,MT-FS8020-GI,2016,GALLE,1
MOTOR CYCLE,LUYUAN ALFAXL,MK-B4820-Z1,2016,COLOMBO,2
MOTOR CYCLE,LUYUAN ALFAXL,MK-B4820-Z1,2016,TRINCOMALEE,1
MOTOR CYCLE,LUYUAN ALFAXL,MT-FS8020-GI,2018,KANDY,1
MOTOR CYCLE,ZONGSHEN,TDT105Z,2018,GALLE,1
MOTOR CYCLE,RISE,LEADER,2022,HAMBANTOTA,5
MOTOR CYCLE,RISE,LEADER,2023,KEGALLE,3
MOTOR CYCLE,DASTOL,DW28,2024,GALLE,1
MOTOR CYCLE,OYFLY,TDM-LTW,2024,HAMBANTOTA,10
MOTOR CYCLE,OYFLY,TDM BO2,2024,HAMBANTOTA,2
MOTOR CYCLE,RISE,LEADER R80,2025,MONERAGALA,12
MOTOR CYCLE,RISE,LEADER R80,2025,COLOMBO,15
MOTOR CYCLE,RISE,LEADER R 100,2025,GALLE,35
MOTOR CYCLE,RISE,LEADER PLUS,2025,GALLE,21
MOTOR CYCLE,OYFLY,TDM-LTW,2024,AMPARA,1
CAR,DAIHATSU,5AA-A202S,2024,GALLE,1
CAR,KYC,V7EX,2025,COLOMBO,1
MOTOR CYCLE,RISE,LEADER R80 V2.0,2025,VAVUNIYA,2
MOTOR CYCLE,RISE,LEADER V 2.0,2025,PUTTALAM,1
MOTOR CYCLE,LUYUAN ALFAXL,HD 724SP-XL,2008,KURUNEGALA,1
MOTOR CYCLE,RISE,LEADER,2023,NUWARA-ELIYA,1
MOTOR CYCLE,JJ FTO10(EEC),JJ FTO10 EEC,2023,KALUTARA,1
MOTOR CYCLE,DASTOL,DW-28,2025,NUWARA-ELIYA,1
MOTOR CYCLE,SUNRA,K3,2025,POLONNARUWA,2
MOTOR CYCLE,SUNRA,K6,2025,POLONNARUWA,2
MOTOR CYCLE,SUNRA,K6,2025,BADULLA,1
MOTOR CYCLE,RISE,LEADER,2024,ANURADHAPURA,81
MOTOR CYCLE,OYFLY,TDM-LTW,2024,ANURADHAPURA,3
CAR,DAIHATSU,5AA-A202S ROCKY,2023,KURUNEGALA,4
MOTOR CYCLE,LUYUAN ALFAXL,MT-FS8020-GI,2016,GAMPAHA,6
MOTOR CYCLE,LUYUAN ALFAXL,MT-FS8020-GI,2016,MATARA,1
MOTOR CYCLE,RISE,LEADER,2023,MATARA,25
MOTOR CYCLE,RISE,LEADER,2024,GAMPAHA,49
MOTOR CYCLE,RISE,LEADER PLUS,2025,GAMPAHA,4
MOTOR CYCLE,RISE,LEADER PLUS,2025,MATARA,2
MOTOR CYCLE,OYFLY,TDM BO2,2025,GAMPAHA,3
MOTOR CYCLE,SUNRA,K3,2025,MATARA,1
MOTOR CYCLE,RISE,LEADER,2025,RATNAPURA,2
MOTOR CYCLE,DASTOL,DW-28,2024,MANNAR,1
MOTOR CYCLE,RISE,LEADER,2022,JAFFNA,10
MOTOR CYCLE,RISE,LEADER 125,2025,JAFFNA,1
CAR,B.M.W.,I 3  ELECTRIC,2015,COLOMBO,1
CAR,B.M.W.,BMW I3,2015,COLOMBO,1
CAR,B.M.W.,13,2014,COLOMBO,1
MOTOR CYCLE,YAMAHA,FASCINO,2016,MONERAGALA,1
MOTOR CYCLE,YAMAHA,FASCINO,2016,KANDY,1
CAR,B.M.W.,I3 REX,2017,COLOMBO,1
CAR,B.M.W.,13,2017,COLOMBO,1
CAR,B.M.W.,ZAA-12CF89S IX,2023,COLOMBO,2
CAR,B.M.W.,I7 XDRIVE 60M SPORT,2023,COLOMBO,6
MOTOR CYCLE,LIMA,JIANG,2024,COLOMBO,1
MOTOR CYCLE,LIMA,ELO-07,2024,HAMBANTOTA,62
CAR,B.M.W.,I 5 E DRIVE 40,2024,COLOMBO,1
CAR,B.M.W.,I7 X DRIVE 60,2023,COLOMBO,1
CAR,B.M.W.,I7 EDRIVE 50,2024,COLOMBO,1
MOTOR CYCLE,ATHER,450X,2024,KANDY,4
MOTOR CYCLE,ATHER,450X,2024,MONERAGALA,2
CAR,BAW,E7,2025,RATNAPURA,18
MOTOR CYCLE,MILG,BLW 500,2023,HAMBANTOTA,1
CAR,B.M.W.,13,2013,GAMPAHA,1
CAR,B.M.W.,I7 X DRIVE M SPORT,2023,GAMPAHA,1
CAR,B.M.W.,I7X DRIVE 60M SPORTS,2024,GAMPAHA,1
CAR,BAW,E7,2025,BADULLA,12
CAR,BAW,E7,2025,ANURADHAPURA,11
MOTOR CYCLE,LIMA,EL07,2025,BADULLA,3
MOTOR CYCLE,ZUB,MOTORCUB,2018,ANURADHAPURA,1
CAR,B.M.W.,I7 E DRIVE 50,2024,KURUNEGALA,1
MOTOR CYCLE,LIMA,ELO-07,2024,ANURADHAPURA,90
CAR,B.M.W.,I7 XDRIVE 60M SPORT,2024,KURUNEGALA,1
MOTOR CYCLE,LIMA,EL07,2025,MATALE,7
MOTOR CYCLE,ATHER,450X,2025,MATALE,3
CAR,BODO,BD 18,2017,PUTTALAM,1
MOTOR CYCLE,LIMA,JV,2023,MATARA,4
MOTOR CYCLE,LIMA,JV 1.5G,2024,BATTICALOA,6
MOTOR CYCLE,LIMA,ELO-07,2024,GAMPAHA,18
MOTOR CYCLE,LIMA,ELO-07,2024,MATARA,29
MOTOR CYCLE,LIMA,EL07,2025,MATARA,19
MOTOR CYCLE,LIMA,JV,2023,RATNAPURA,1
MOTOR CYCLE,ATHER,450X,2024,MULLATIVU,6
MOTOR CYCLE,WUYANG,TDT001Z,2013,COLOMBO,4
CAR,TESLA,4 DOOR SALOON,2016,COLOMBO,1
CAR,TESLA,ZAA-SLIS2A MODEL S,2014,COLOMBO,1
CAR,TESLA,ZAA-SL1S2A TESLA,2014,COLOMBO,1
MOTOR CYCLE,EAGLE BRAND,GWEM01 PRETTY,2016,MONERAGALA,1
MOTOR CYCLE,AIMA,BATTLE,,COLOMBO,1
MOTOR CYCLE,NWOW,SE,2017,KEGALLE,1
MOTOR CYCLE,NWOW,TK,2020,PUTTALAM,1
CAR,TESLA,MODE S,2015,COLOMBO,1
MOTOR CYCLE,EAGLE BRAND,GWEMOIPRETTY,2019,COLOMBO,1
MOTOR CYCLE,LUYUAN,ALFA METRO XYIII,2018,COLOMBO,1
MOTOR CYCLE,NWOW,TK10 0.8KW LEAD ACID,2022,COLOMBO,1
MOTOR CYCLE,WUYANG,JY6-PLUS,2023,COLOMBO,1
MOTOR CYCLE,NWOW,ARS,2023,MONERAGALA,1
MOTOR CYCLE,NWOW,ARS,2020,COLOMBO,1
MOTOR CYCLE,NWOW,TK 10,2022,HAMBANTOTA,1
MOTOR CYCLE,NWOW,TK 10,2022,GALLE,4
MOTOR CYCLE,NWOW,SE,2023,HAMBANTOTA,5
MOTOR CYCLE,NWOW,TK 10,2022,KANDY,1
MOTOR CYCLE,NWOW,SE,2017,KANDY,1
CAR,TESLA,MODEL 3,2024,COLOMBO,5
MOTOR CYCLE,LUYUAN,MYY-Z35J,2024,GALLE,11
CAR,TESLA,MODEL  3,2024,COLOMBO,1
MOTOR CYCLE,LUYUAN,MNK3,2024,MONERAGALA,3
MOTOR CYCLE,LUYUAN,MYT,2025,HAMBANTOTA,42
MOTOR CYCLE,NWOW,SE,2017,GALLE,1
MOTOR CYCLE,NWOW,SE,2025,KEGALLE,2
MOTOR CYCLE,NWOW,SE,2025,AMPARA,1
MOTOR CYCLE,NWOW,V11,2024,HAMBANTOTA,2
THREE WHEELER,NWOW,ERVS4 PLUS,2025,MATARA,6
MOTOR CYCLE,AIMA,BREEZY,2025,HAMBANTOTA,61
MOTOR CYCLE,AIMA,ARIA,2025,HAMBANTOTA,18
MOTOR CYCLE,AIMA,MANA,2025,KANDY,1
CAR,WULING,BINGUO,2025,GALLE,7
CAR,WULING,CLOUD EV,2025,KANDY,3
CAR,WULING,BINGUO,2025,HAMBANTOTA,1
MOTOR CYCLE,AIMA,BATTLE,2017,KURUNEGALA,1
CAR,TESLA,MODEL S 70D,2016,GAMPAHA,1
THREE WHEELER,NWOW,ERVS4 PLUS,2024,GAMPAHA,14
MOTOR CYCLE,LUYUAN,S90 PLUS,2025,KURUNEGALA,1
MOTOR CYCLE,LUYUAN,MS70 Z23E,2025,KURUNEGALA,5
MOTOR CYCLE,AIMA,BATTLE,2017,KALUTARA,2
MOTOR CYCLE,NWOW,ARS,2018,KALUTARA,2
MOTOR CYCLE,OPAI,OPY-EM-005,2024,KALUTARA,1
MOTOR CYCLE,AIMA,MAVERICK,2025,KALUTARA,37
MOTOR TRICYCLE VAN,NWOW,ERVS4D,2025,GAMPAHA,2
MOTOR CYCLE,NWOW,SE,2025,BADULLA,1
CAR,TESLA,MODEL 3,2023,AMPARA,1
MOTOR CYCLE,LUYUAN,MNK3,2025,ANURADHAPURA,45
CAR,WULING,CLOUD EV,2025,KURUNEGALA,2
MOTOR CYCLE,NWOW,SE,2025,MATALE,1
MOTOR CYCLE,NWOW,TK,2018,GAMPAHA,4
MOTOR CYCLE,NWOW,ERV,2020,GAMPAHA,4
MOTOR CYCLE,NWOW,ARS,2015,GAMPAHA,3
MOTOR CYCLE,NWOW,SE,2025,MATARA,26
MOTOR CYCLE,NWOW,ARS,2025,GAMPAHA,69
MOTOR CYCLE,AIMA,BREEZY,2025,MATARA,46
MOTOR CYCLE,NWOW,TK 10,2025,MATARA,6
MOTOR CYCLE,NWOW,WSP,2025,MATARA,6
MOTOR CYCLE,AIMA,MANA,2025,GAMPAHA,4
MOTOR CYCLE,GK,SHIELD,2018,RATNAPURA,1
MOTOR CYCLE,NWOW,TK 10,2023,MANNAR,1
MOTOR CYCLE,DAYWANG(DW)SL,E-MOTOR CYCLE,2024,MANNAR,3
MOTOR CYCLE,NWOW,SE,2022,JAFFNA,1
MOTOR CYCLE,NWOW,SE,2023,JAFFNA,3
MOTOR CYCLE,LUYUAN,MYT,2025,JAFFNA,1
MOTOR LORRY (COMMERCIAL),NISSAN, ,1973,KANDY,1
SPECIAL PURPOSE VEHICLE,T.C.M,FB20-7 FORK LIFT,2010,COLOMBO,2
CAR,NISSAN,ZAA-ZEO,2012,KANDY,6
CAR,NISSAN,ZAA-AZEO LEAF,2013,COLOMBO,244
CAR,NISSAN,ZAA-ZEO  LEFELECTRIC,2012,COLOMBO,1
CAR,NISSAN,ZAA-AZE0-ELECTRIC,2012,COLOMBO,1
CAR,NISSAN,ZAA-ZE0 LEAF,2011,COLOMBO,1
CAR,NISSAN,ZAA-AZE0 LEAF,2013,KANDY,36
CAR,NISSAN,ZAA-AZE0 LEAF,2013,GALLE,27
CAR,NISSAN,LEAF TEKNA,2014,COLOMBO,41
CAR,NISSAN,ZAA-AZE0 LEAF,2013,RATNAPURA,9
CAR,NISSAN,ZAA-AZEO LEAF,2013,BATTICALOA,3
CAR,NISSAN,LEAF ASENTA,2014,KANDY,1
CAR,NISSAN,ZAA-AZEO LEAF,2013,HAMBANTOTA,5
CAR,NISSAN,LEAF VISIA,2015,COLOMBO,2
CAR,NISSAN,ZAA AZEO  LEAF,2012,MATALE,1
CAR,NISSAN,LEAF,2012,KANDY,2
CAR,NISSAN,LEAF TEKNA,2015,MATALE,1
CAR,VOLKSWAGEN,GOLF,2015,COLOMBO,3
CAR,NISSAN,ZAA-AZE0 LEAF,2015,KANDY,4
CAR,NISSAN,ZAA- AZEO LEAF,2013,COLOMBO,1
CAR,NISSAN,ZAA-AZEO LEAF,2014,JAFFNA,1
CAR,NISSAN,DAA-AZE0 LEAF,2013,COLOMBO,1
CAR,NISSAN,ZAA-ZEO  LEAF,2012,KANDY,1
CAR,VOLKSWAGEN,E GOLF,2015,COLOMBO,1
CAR,MITSUBISHI,ZAA-HA4W  I-MIEV,2014,COLOMBO,1
DUAL PURPOSE (COMMERCIAL),MITSUBISHI,ZAB-U67V MINI CAB,2011,COLOMBO,1
THREE WHEELER,QIANGSHENG,QS-A,2016,COLOMBO,1
CAR,NISSAN,LEAF ACENTA 30 KWH,2015,COLOMBO,1
DUAL PURPOSE (COMMERCIAL),NISSAN,E-NV200  COMBI,2015,COLOMBO,1
CAR,NISSAN,ZAA-AZ0-LEAF,2016,COLOMBO,1
CAR,NISSAN,ZAA-ZEI  LEAF,2018,COLOMBO,1
CAR,NISSAN,ZAA-ZE1  LEAF,2018,COLOMBO,2
CAR,NISSAN,ZAA-E1 LEAF,2017,COLOMBO,1
MOTOR CYCLE,CHINA,GEM,2017,COLOMBO,1
DUAL PURPOSE (COMMERCIAL),MITSUBISHI,MINI CAB MIEV,2011,KALUTARA,1
MOTOR CYCLE,CHINA,SE,2018,COLOMBO,1
CAR,MITSUBISHI,ZAB-U67V MINICAB,2013,KANDY,1
CAR,NISSAN,ZAA-AZE0 LEAF,2017,RATNAPURA,1
MOTOR CYCLE,SUPER SOCO,TS STREET HUNTER,2023,COLOMBO,22
CAR,VOLKSWAGEN,ID5 TECH PRO,2023,HAMBANTOTA,1
MOTOR CYCLE,SUPER SOCO,CUX PRO,2023,PUTTALAM,4
CAR,NISSAN,ZAA-ZE1 LEAF,2024,COLOMBO,1
CAR,NISSAN,LEAF,2023,GALLE,1
CAR,VOLKSWAGEN,ID.4 PRO,2024,RATNAPURA,1
MOTOR CYCLE,VEGA,M4,2024,COLOMBO,1
CAR,VOLKSWAGEN,ID 4,2024,COLOMBO,2
MOTOR CYCLE,DIMEN,D60,2024,COLOMBO,1
DUAL PURPOSE (COMMERCIAL),MITSUBISHI,ZAB-U67V,2011,COLOMBO,1
CAR,NISSAN,ZAA-B6AW SAKURA,2023,GALLE,1
CAR,GAC,AION V LUXURY,2025,GALLE,2
CAR,NISSAN,6AA-FE13  NOTE AURA,2023,COLOMBO,1
CAR,NISSAN,LEAF,2012,GAMPAHA,5
CAR,NISSAN,ZAA-AZE0-LEAF,2014,GAMPAHA,1
CAR,NISSAN,ZAA-AZEO,2014,GAMPAHA,2
CAR,NISSAN,ZAA-ZEO LEAF,2013,GAMPAHA,2
CAR,NISSAN,ZAA-AZEO LEAF,2014,BADULLA,4
CAR,NISSAN,ZAA-AZE0 LEAF,2014,ANURADHAPURA,2
CAR,NISSAN,LEAF,2014,BADULLA,1
CAR,NISSAN,ZAA-AZEO FEAF,2014,ANURADHAPURA,1
CAR,NISSAN,LEAF,2014,GAMPAHA,5
CAR,NISSAN,ZAA AZEO LEAF,2014,BADULLA,2
CAR,NISSAN,ZAA-ZEO LEAF,2012,ANURADHAPURA,4
CAR,NISSAN,ZAA ZEO LEAF,2013,ANURADHAPURA,1
CAR,MITSUBISHI,ZAA-HA3W I-NIEV,2013,GAMPAHA,1
CAR,NISSAN,ZAA-AZEO  LEAF,2017,GAMPAHA,1
CAR,NISSAN,ZAA-ZE1 LEAF,2018,GAMPAHA,4
CAR,NISSAN,ZAA-EFO ARIYA,2023,GAMPAHA,1
CAR,GAC,AION Y,2025,GAMPAHA,1
DUAL PURPOSE (COMMERCIAL),MITSUBISHI,ZAB-U68V MINICAB,2017,GAMPAHA,1
MOTOR CYCLE,DIMEN,D60,2025,KALUTARA,2
CAR,NISSAN,ZAA-AZEO,2013,KURUNEGALA,5
CAR,NISSAN,ZAA-AZEO-LEAF,2013,KALUTARA,1
CAR,NISSAN,ZAA-AZE0 LEAF,2013,KALUTARA,28
CAR,NISSAN,ZAA-AZE0  LEAF,2012,KALUTARA,1
CAR,NISSAN,ZAA-AZE0 LEAF,2014,MATARA,7
CAR,NISSAN,ZAA AZEO LEAF,2014,KEGALLE,3
CAR,NISSAN,LEAF VISIA,2014,KEGALLE,2
CAR,NISSAN,ZAA-AZE0 LEAF,2014,KEGALLE,9
CAR,NISSAN,ZAA AZEO LEAF,2013,KURUNEGALA,3
CAR,NISSAN,ZAA-ZEO LEAF,2014,KALUTARA,1
CAR,NISSAN,ZAA AZEO  LEAF,2013,KALUTARA,1
CAR,NISSAN,ZAA-AZE0 LEAF,2017,KURUNEGALA,2
CAR,NISSAN,LEAF-ZE1,2023,KALUTARA,1
CAR,NISSAN,ZAA-FEO ARIYA,2024,KALUTARA,1
MOTOR CYCLE,SUPER SOCO,CUX PRO,2022,ANURADHAPURA,2
MOTOR CYCLE,SUPER SOCO,CUX PRO,2024,ANURADHAPURA,5
MOTOR CYCLE,TERRA,A4000I,2015,ANURADHAPURA,1
CAR,NISSAN,6AA-FE13 NOTE AURA,2023,MATARA,1
CAR,NISSAN,ZAA-AZEO LEAF,2012,PUTTALAM,4
CAR,NISSAN,LEAF TEKNA,2015,PUTTALAM,1
MOTOR CYCLE,CHINA,ARS,2017,GAMPAHA,2
MOTOR CYCLE,SUPER SOCO,TS STREET HUNTER,2023,BATTICALOA,1
CAR,NISSAN,ZAA-AZE0 LEAF,2013,POLONNARUWA,1
CAR,NISSAN,ZAA-AZE0 LEAF,2014,POLONNARUWA,2
DUAL PURPOSE (COMMERCIAL),MITSUBISHI,ZAB-U67V MINI CAB,2011,POLONNARUWA,1
MOTOR CYCLE,SUPER SOCO,CUX PRO,2022,RATNAPURA,1
MOTOR CYCLE,POWER STAR,PSTR 206,2006,COLOMBO,2
MOTOR CYCLE,POWER STAR,PSTR-206E,2006,COLOMBO,1
MOTOR CYCLE,AMUR LEOPARD,DARTRIDE,2013,COLOMBO,2
MOTOR CYCLE,AMUR LEOPARD,SMALL TORTOISE KING,2013,COLOMBO,2
MOTOR CYCLE,AMUR LEOPARD,WUYANG PRINCESS,2013,GALLE,1
MOTOR CYCLE,AMUR LEOPARD,BIG TORTOISE KING,2013,VAVUNIYA,1
MOTOR CYCLE,AMUR LEOPARD,LITTLETURTLEKING 60V,2015,COLOMBO,2
MOTOR CYCLE,AMUR LEOPARD,LITTLE TURTLE  KING,2015,TRINCOMALEE,1
MOTOR CYCLE,AMUR LEOPARD,BENTENG,2015,TRINCOMALEE,3
MOTOR CYCLE,AMUR LEOPARD,WUYANG PRINCESS,2015,TRINCOMALEE,44
MOTOR CYCLE,LUYUAN ALFA,MN5-CAS7220-Z5,2018,KEGALLE,1
MOTOR CYCLE,LUYUAN ALFA,MN3-CSQ6020-G1,2018,COLOMBO,7
MOTOR CYCLE,AMUR LEOPARD,WYWANG PRINCES,2013,HAMBANTOTA,1
MOTOR CYCLE,AMUR LEOPARD,WYWANG PRINCES,2013,VAVUNIYA,2
CAR,HYUNDAI,KONA,2019,COLOMBO,2
MOTOR CYCLE,LUYUAN ALFA,E-MNK3-72301500-16C-,2020,COLOMBO,1
MOTOR CYCLE,LUYUAN ALFA,MKK-Z23E-12-C-1200W,2023,COLOMBO,2
MOTOR CYCLE,LUYUAN ALFA,MKK-Z23E-12-C,2024,MONERAGALA,11
CAR,KIA,EV 09 VEHICLE,2024,HAMBANTOTA,1
CAR,KIA,EV 5 VEHICLE,2024,COLOMBO,1
MOTOR CYCLE,LUYUAN ALFA,M-MKK-Z30LJ-12-C,2023,COLOMBO,1
MOTOR CYCLE,LENCAR,ERC80,2025,COLOMBO,24
CAR,KIA,EV5,2025,COLOMBO,2
MOTOR CYCLE,LUYUAN ALFA,M-MKK-Z30LJ-12-C,2025,GALLE,1
MOTOR CYCLE,GOEASY,RACING,2025,COLOMBO,1
MOTOR CYCLE,FST,TV6,2025,KEGALLE,1
CAR,HYUNDAI,CRETA EV,2025,COLOMBO,2
MOTOR CYCLE,LUYUAN ALFA,MN5-CAS7220-Z5,2017,KURUNEGALA,3
CAR,JOYLONG,HKL6320RBEV1,2019,GAMPAHA,1
CAR,HYUNDAI,IONIQ 6 EV,2023,GAMPAHA,1
MOTOR CYCLE,LENCAR,ERC80,2025,KURUNEGALA,18
MOTOR CYCLE,LUYUAN ALFA,MKK-Z23E-12-C,2025,KURUNEGALA,1
MOTOR CYCLE,BNC,CHALLENGER S 125,2025,KURUNEGALA,1
MOTOR CYCLE,AMUR LEOPARD,GOLDENTYRANT,2013,POLONNARUWA,1
MOTOR CYCLE,AMUR LEOPARD,TITAN  60 V,2015,BADULLA,1
MOTOR CYCLE,AMUR LEOPARD,WUYANG PRINCESS,2015,KALUTARA,1
MOTOR CYCLE,AMUR LEOPARD,JUFENG  72 V,2015,NUWARA-ELIYA,1
MOTOR CYCLE,AMUR LEOPARD,GOLDENTYRANT,2013,ANURADHAPURA,1
MOTOR CYCLE,AMUR LEOPARD,DARTRIDE,2014,ANURADHAPURA,1
MOTOR CYCLE,LUYUAN ALFA,MN3-CSQ6020-G1,2016,ANURADHAPURA,2
MOTOR CYCLE,AMUR LEOPARD,WUYANG PRINCESS,2014,BATTICALOA,2
MOTOR CYCLE,AMUR LEOPARD,SMALL TORTOISE KING,2014,GAMPAHA,2
MOTOR CYCLE,LUYUAN ALFA,MN3-CSQ6020-G1,2018,GAMPAHA,9
MOTOR CYCLE,LUYUAN ALFA,M MKK-Z30LJ-12-C,2022,GAMPAHA,3
MOTOR CYCLE,LUYUAN ALFA,M1,2025,GAMPAHA,2
MOTOR CYCLE,AMUR LEOPARD,WYWANG PRINCES,2014,JAFFNA,1
MOTOR CYCLE,OKAYA,FAAST F4,2022,COLOMBO,9
MOTOR CYCLE,OKAYA,FREEDUM,2022,COLOMBO,5
MOTOR CYCLE,RIKODA,YSY,2022,PUTTALAM,1
MOTOR CYCLE,OKAYA,FREEDUM,2022,HAMBANTOTA,1
CAR,PEUGEOT,ZAA-P24ZK012008 GT,2022,COLOMBO,1
MOTOR CYCLE,OKAYA,FREEDUM,2023,COLOMBO,5
CAR,PEUGEOT,E-2008,2023,COLOMBO,1
CAR,PEUGEOT,2008 GT EV,2024,COLOMBO,1
CAR,JAECOO,J6,2025,COLOMBO,2
MOTOR CYCLE,GALLANT,ZX-TDR718,2018,KURUNEGALA,1
MOTOR CYCLE,OKAYA,FAAST F4,2022,POLONNARUWA,1
MOTOR CYCLE,OKAYA,FREEDUM,2022,ANURADHAPURA,2
MOTOR CYCLE,GALLANT,ZX- HYBRID,2018,GAMPAHA,1
MOTOR CYCLE,GALLANT,CITY WALKER,2018,GAMPAHA,1
MOTOR CYCLE,ELECTRIC SCOOTER,ELECTRIC SCOOTER,2018,GAMPAHA,1
MOTOR CYCLE,GUOWEI EAGLE,GWEM01PRETTY,2018,RATNAPURA,10
MOTOR CYCLE,GUOWEI EAGLE,GWEM01PRETTY,2019,RATNAPURA,3
MOTOR CYCLE,BYVIN,AIRFOCE,2019,JAFFNA,1
MOTOR CYCLE,ELECTRA,SY-LXQS (HK),2017,COLOMBO,1
MOTOR CYCLE,ELECTRA,GRACEX5,2017,COLOMBO,1
MOTOR CYCLE,ELECTRA,ST09,2018,COLOMBO,1
CAR,FORD,MUSTANG,2023,COLOMBO,1
MOTOR CYCLE,TVS,NTORQ 125,2024,MONERAGALA,1
MOTOR TRICYCLE VAN,MAHINDRA,TREO ZOR PICKUP,2025,COLOMBO,3
MOTOR CYCLE,TVS,IQUBE,2022,COLOMBO,1
MOTOR CYCLE,ELECTRA,SY-LX95,2017,KURUNEGALA,1
CAR,MAHINDRA,E 20,2018,GAMPAHA,1
CAR,FORD,MUSTANG MACH-E STD,2023,GAMPAHA,2
MOTOR CYCLE,ELECTRA,GRACE  X5,2017,KALUTARA,1
CAR,KGM,TORRES EVX,2024,KALUTARA,1
MOTOR CYCLE,TVS,IQUBE,2024,BATTICALOA,1
MOTOR CYCLE,TVS,IQUBE,2024,KILINOCHCHI,3
THREE WHEELER,MAHINDRA,TREO,2025,KEGALLE,9
MOTOR CYCLE,TVS,IQUBE,2025,JAFFNA,98
MOTOR CYCLE,CHANILGO,SPORT,2008,KANDY,1
MOTOR CYCLE,LVYUAN,TDM 122,2015,COLOMBO,1
SPECIAL PURPOSE VEHICLE,JINGJIANG,CPD25  FORK LIFT,2014,COLOMBO,1
MOTOR CYCLE,ALFA,XY III METRO,2017,COLOMBO,9
MOTOR CYCLE,ALFA,XY III METRO,2017,GALLE,1
MOTOR CYCLE,LVYUAN,DPX,2019,COLOMBO,2
MOTOR CYCLE,ALFA,XY III METRO,2019,COLOMBO,18
CAR,PORSCHE,TAYCAN 4X2,2022,COLOMBO,1
MOTOR CYCLE,LADEAEV,A09B2,2024,GALLE,1
MOTOR CYCLE,RAPTOR,MAX,2022,GALLE,1
SPECIAL PURPOSE VEHICLE,JAC,CPD25,2024,COLOMBO,2
MOTOR CYCLE,WU XI XINDI,JY6-PLUS,2023,PUTTALAM,1
MOTOR CYCLE,EMAX,EG-1,2025,COLOMBO,1
CAR,CHANGAN,S05,2025,COLOMBO,36
THREE WHEELER,ELEKTRATEQ,ETX,2024,GAMPAHA,9
MOTOR CYCLE,HUAIHAI,ZL9,2024,KURUNEGALA,3
CAR,CHANGAN,S05,2025,GAMPAHA,17
MOTOR CYCLE,RAPTOR,MAX,2022,MATALE,2
MOTOR CYCLE,HUAIHAI,ZL9,2024,ANURADHAPURA,1
CAR,TATA,NEXON EV,2025,KALUTARA,2
MOTOR CYCLE,ALFA,XY III METRO,2019,MATARA,1
MOTOR CYCLE,DYNAMIC,SL,2024,RATNAPURA,2
THREE WHEELER,ELEKTRATEQ,ETX,2025,MONERAGALA,1
THREE WHEELER,XINGBANG,DUDU - 02K,2016,COLOMBO,1
MOTOR CYCLE,YADEA,YD-EM66,2016,GALLE,2
MOTOR CYCLE,YADEA,YDET-66,2016,TRINCOMALEE,1
MOTOR CYCLE,YADEA,YD EM 151,2017,MONERAGALA,4
MOTOR CYCLE,YADEA,YDET-66,2017,MONERAGALA,5
MOTOR CYCLE,YADEA,YD EM17,2017,TRINCOMALEE,1
MOTOR CYCLE,LEOMA,3MODES,2017,GALLE,1
MOTOR CYCLE,YADEA,YD-EM17,2017,HAMBANTOTA,1
MOTOR CYCLE,LEOMA,FASHIONRIDER,2019,GALLE,3
MOTOR CYCLE,YADEA,YD- EM 163,2018,AMPARA,1
MOTOR CYCLE,MACRAIS,Z1000,2020,COLOMBO,1
CAR,MG,MG EP PIUS,2023,COLOMBO,1
MOTOR CYCLE,GDI,X-GOD,2021,GALLE,7
MOTOR CYCLE,YADEA,E8S PRO,2023,PUTTALAM,16
MOTOR CYCLE,YADEA,E9 PRO,2023,COLOMBO,1
MOTOR CYCLE,YADEA,RUIBIN,2023,PUTTALAM,15
MOTOR CYCLE,YADEA,RUIBIN,2023,HAMBANTOTA,34
CAR,MG,MG5,2023,COLOMBO,1
MOTOR CYCLE,YADEA,RUIBIN,2023,KEGALLE,1
MOTOR CYCLE,YADEA,T5,2024,GALLE,374
MOTOR CYCLE,QUANLE,G18,2024,GALLE,1
MOTOR CYCLE,YADEA,M6,2024,TRINCOMALEE,2
MOTOR CYCLE,QUANLE,ZS,2024,COLOMBO,10
CAR,MG,MG4  X,2024,COLOMBO,1
MOTOR CYCLE,QUANLE,Q1,2024,COLOMBO,9
MOTOR CYCLE,QUANLE,XGW,2024,MONERAGALA,2
MOTOR CYCLE,QUANLE,ZL,2024,TRINCOMALEE,2
MOTOR CYCLE,QUANLE,Q1,2024,GALLE,1
MOTOR CYCLE,QUANLE,ZL,2025,HAMBANTOTA,29
MOTOR CYCLE,YADEA,RUIBIN,2025,HAMBANTOTA,173
MOTOR CYCLE,YADEA,RUIBIN,2025,PUTTALAM,190
MOTOR CYCLE,YADEA,T5,2025,VAVUNIYA,48
MOTOR CYCLE,YADEA,T5,2025,KEGALLE,72
MOTOR CYCLE,YADEA,T 9,2025,HAMBANTOTA,128
MOTOR CYCLE,YADEA,EPOC H,2025,KANDY,5
MOTOR CYCLE,X-MAX,ELECTRIC SCOOTER,2024,KANDY,1
MOTOR CYCLE,YADEA,EZEEGO,2025,PUTTALAM,1
MOTOR CYCLE,TMR QUANLE,Q1,2025,AMPARA,2
MOTOR CYCLE,TMR QUANLE,ZS,2025,COLOMBO,6
MOTOR CYCLE,TMR QUANLE,G18,2025,COLOMBO,9
MOTOR CYCLE,VMOTO,CITI,2025,KANDY,1
MOTOR CYCLE,TMR QUANLE,ZS,2025,GALLE,5
MOTOR CYCLE,TMR QUANLE,XGW,2025,HAMBANTOTA,18
MOTOR CYCLE,TMR QUANLE,XGW,2025,MONERAGALA,18
MOTOR CYCLE,N MOTO,NCS-W-Y1,2025,COLOMBO,1
MOTOR CYCLE,N MOTO,LX05-W-Y1,2025,COLOMBO,1
MOTOR CYCLE,YADEA,T5 L,2025,PUTTALAM,20
MOTOR CYCLE,YADEA,YD-EM66,2016,KURUNEGALA,7
MOTOR CYCLE,YADEA,YDET-66,2016,KURUNEGALA,4
MOTOR CYCLE,YADEA,YD-GM010,2019,KURUNEGALA,3
MOTOR CYCLE,YADEA,YDET-66,2018,KURUNEGALA,2
MOTOR CYCLE,YADEA,T9,2023,KURUNEGALA,48
MOTOR CYCLE,YADEA,EPOC H,2025,KURUNEGALA,46
MOTOR CYCLE,TMR QUANLE,Q1,2025,KURUNEGALA,3
CAR,MG4,MG 4,2024,GAMPAHA,1
CAR,MG,MG4-V ELECTRIC,2024,GAMPAHA,1
MOTOR CYCLE,YADEA,YD-EM17,2017,POLONNARUWA,2
MOTOR CYCLE,YADEA,YD EM 163,2018,BADULLA,2
MOTOR CYCLE,YADEA,YD-GM010,2019,POLONNARUWA,1
MOTOR CYCLE,VMOTO,VS2,2023,POLONNARUWA,1
MOTOR CYCLE,YADEA,EZEEGO,2023,BADULLA,1
MOTOR CYCLE,YADEA,T5,2023,NUWARA-ELIYA,1
MOTOR CYCLE,YADEA,EPOC H,2024,KALUTARA,18
MOTOR CYCLE,YADEA,T 9,2024,NUWARA-ELIYA,1
MOTOR CYCLE,YADEA,T 9,2025,POLONNARUWA,45
MOTOR CYCLE,QUANLE,G18,2025,KALUTARA,2
MOTOR CYCLE,QUANLE,Q1,2024,POLONNARUWA,2
MOTOR CYCLE,TMR QUANLE,ZL,2025,KALUTARA,2
MOTOR CYCLE,YADEA,YD EM163,2018,MATALE,2
MOTOR CYCLE,YADEA,E8S PRO,2023,MATALE,47
MOTOR CYCLE,YADEA,RUIBIN,2023,ANURADHAPURA,29
MOTOR CYCLE,YADEA,EZEEGO,2023,MATALE,4
MOTOR CYCLE,YADEA,E8S PRO,2024,ANURADHAPURA,30
MOTOR CYCLE,YADEA,EZEEGO,2024,ANURADHAPURA,5
MOTOR CYCLE,YADEA,T5,2023,ANURADHAPURA,13
CAR,MG,MG4 X ELECTRIC,2024,KURUNEGALA,1
MOTOR CYCLE,QUANLE,G18,2025,ANURADHAPURA,11
MOTOR CYCLE,VMOTO,CITI,2025,ANURADHAPURA,47
MOTOR CYCLE,YADEA,T 9,2025,MATALE,30
MOTOR CYCLE,YADEA,T 9,2025,ANURADHAPURA,86
MOTOR CYCLE,YADEA,YD-GM010,2020,MATARA,1
MOTOR CYCLE,YADEA,YD-X5,2019,MATARA,1
MOTOR CYCLE,GDI,X-GOD,2021,GAMPAHA,12
MOTOR CYCLE,GDI,X-GOD,2021,MATARA,1
MOTOR CYCLE,YADEA,RUIBIN,2023,MATARA,12
MOTOR CYCLE,YADEA,T5,2023,MATARA,5
MOTOR CYCLE,YADEA,RUIBIN,2024,GAMPAHA,76
MOTOR CYCLE,YADEA,M6,2024,BATTICALOA,1
MOTOR CYCLE,YADEA,E8S PRO,2024,BATTICALOA,5
MOTOR CYCLE,YADEA,T 5,2024,GAMPAHA,1
MOTOR CYCLE,YADEA,EPOC H,2024,GAMPAHA,10
MOTOR CYCLE,QUANLE,ZS,2025,MATARA,1
MOTOR CYCLE,YADEA,T 9,2025,BATTICALOA,2
MOTOR CYCLE,TMR QUANLE,ZS,2025,GAMPAHA,36
MOTOR CYCLE,TMR QUANLE,ZS,2025,MATARA,1
MOTOR CYCLE,YADEA,YDEM -151,2016,RATNAPURA,1
MOTOR CYCLE,YADEA,RUIBIN,2023,MANNAR,2
MOTOR CYCLE,YADEA,T5,2024,KILINOCHCHI,92
MOTOR CYCLE,YADEA,EPOC H,2024,RATNAPURA,3
MOTOR CYCLE,YADEA,T5 L,2025,MANNAR,2
MOTOR CYCLE,YADEA,RUIBIN,2023,JAFFNA,4
MOTOR CYCLE,YADEA,T 9,2023,JAFFNA,1
MOTOR CYCLE,YADEA,T5,2025,JAFFNA,277
MOTOR CYCLE,YADEA,T 9,2025,JAFFNA,24
MOTOR CYCLE,TMR QUANLE,ZL,2025,JAFFNA,5
MOTOR CYCLE,TMR QUANLE,G18,2025,JAFFNA,1
CAR,BYD,E 6,2013,MATALE,1
MOTOR CYCLE,ENOW,RAIDER,2014,COLOMBO,7
MOTOR CYCLE,ENOW,MASTER,2016,KANDY,1
CAR,BYD,E 6,2017,HAMBANTOTA,2
MOTOR CYCLE,SOLID,CHALLENGER,2018,COLOMBO,4
MOTOR CYCLE,SOLID,REO,2018,PUTTALAM,5
MOTOR CYCLE,SOLID,FCZJ (E-RIDER),2018,COLOMBO,1
MOTOR CYCLE,HAWKS,E SCOOTER,2017,COLOMBO,1
MOTOR CYCLE,SOLID,CHALLENGER,2017,KANDY,2
MOTOR CYCLE,SOLID,REO,2016,KEGALLE,1
MOTOR CYCLE,SOLID,LEO,2022,COLOMBO,5
MOTOR CYCLE,SOLID,G6,2024,COLOMBO,10
MOTOR CYCLE,SOLID,ROBOT,2024,PUTTALAM,1
CAR,BYD,ZAA-SC2EX5Q ATTO 3,2024,COLOMBO,1
CAR,SAIC,MG4,2024,MATALE,1
CAR,BYD,BYD ATTO 3,2024,NUWARA-ELIYA,1
CAR,BYD,SEAL,2023,COLOMBO,1
MOTOR CYCLE,SLING,EBIKE,2024,COLOMBO,42
CAR,BYD,ATTO3-ADVANCED,2025,KANDY,66
CAR,BYD,ATTO3-SUPERIOR,2025,COLOMBO,1
CAR,BYD,DOLPHIN-DYNAMIC49,2025,JAFFNA,6
MOTOR CYCLE,ZUBOO,T3,2025,COLOMBO,1
MOTOR CYCLE,PHOENIX,WOLF-9,2025,KANDY,1
CAR,BYD,ATTO 1 DYNAMIC,2025,GALLE,2
CAR,BYD,SEAL ELECTRIC,2024,GAMPAHA,1
CAR,BYD,ATTO 2 PRIMIUM,2025,GAMPAHA,16
MOTOR CYCLE,ENOW,MASTER,2015,KALUTARA,2
MOTOR CYCLE,SOLID,LEO,2024,KALUTARA,3
MOTOR CYCLE,PHOENIX,WOLF-9,2025,KALUTARA,2
SPECIAL PURPOSE VEHICLE,STILL,RX60-30 L,2012,GAMPAHA,1
CAR,BYD,BYD DOLPHIN,2024,KURUNEGALA,1
CAR,BYD,ATTO-3-SUPERIOR,2025,MATARA,33
CAR,BYD,ATTO3-ADVANCED,2025,AMPARA,6
CAR,BYD,ATTO 2 PRIMIUM,2025,KALUTARA,7
CAR,BYD,ATTO 1 PREMIUM,2025,KEGALLE,2
CAR,BYD,ATTO 1 DYNAMIC,2025,MATARA,1
MOTOR CYCLE,ENOW,MASTER,2016,GAMPAHA,5
MOTOR CYCLE,ENOW,MASTER,2015,GAMPAHA,2
MOTOR CYCLE,SOLID,SPORTY,2016,GAMPAHA,40
MOTOR CYCLE,SOLID,FCZJ (E-RIDER),2017,GAMPAHA,7
MOTOR CYCLE,SOLID,LEO,2022,GAMPAHA,44
MOTOR CYCLE,SOLID,G6,2024,MATARA,7
MOTOR CYCLE,SOLID,MAX,2024,GAMPAHA,3
CAR,BYD,DOLPHIN-DYNAMIC 70,2025,PUTTALAM,7
CAR,BYD,ATTO-3-SUPERIOR,2025,PUTTALAM,12
CAR,CITROEN,E-C4,2024,PUTTALAM,1
CAR,BYD,SEAL-COMFORT,2025,PUTTALAM,7
MOTOR CYCLE,QCIX,QCIX-LH,2024,GAMPAHA,9
MOTOR CYCLE,SOLID,ROBOT,2025,GAMPAHA,39
MOTOR CYCLE,ZUBOO,TANK,2025,MATARA,6
MOTOR CYCLE,ZUBOO,TANK,2025,RATNAPURA,1
MOTOR CYCLE,LANBE,SRAIN,2008,JAFFNA,1
MOTOR CYCLE,LUYUAN ALFAXL,MTA-FS8020-G,2015,COLOMBO,4
MOTOR CYCLE,LUYUAN ALFAXL,MT-FS8020-GI,2016,KEGALLE,3
MOTOR CYCLE,LUYUAN ALFAXL,MT-FS8020-GI,2016,MONERAGALA,1
MOTOR CYCLE,LUYUAN ALFAXL,MD-DS7220-GI,2017,COLOMBO,1
MOTOR CYCLE,LUYUAN ALFAXL,MT-FS8020-GI,2018,KEGALLE,1
MOTOR CYCLE,RISE,LEADER,2022,PUTTALAM,8
MOTOR CYCLE,RISE,LEADER,2022,MONERAGALA,3
MOTOR CYCLE,RISE,LEADER,2023,PUTTALAM,33
MOTOR CYCLE,RISE,LEADER MAX,2023,PUTTALAM,1
MOTOR CYCLE,DASTOL,DW 28,2024,HAMBANTOTA,1
MOTOR CYCLE,OYFLY,TDM BO2,2024,COLOMBO,8
MOTOR CYCLE,RISE,LEADER R80,2025,KEGALLE,1
MOTOR CYCLE,RISE,LEADER,2025,HAMBANTOTA,1
MOTOR CYCLE,RISE,LEADER PLUS,2025,HAMBANTOTA,6
MOTOR CYCLE,OYFLY,TDM BO2,2025,HAMBANTOTA,1
MOTOR CYCLE,RISE,LEADER R 100,2025,VAVUNIYA,1
MOTOR CYCLE,RISE,LEADE R 80 V2.0,2025,COLOMBO,1
MOTOR CYCLE,RISE,LEADER R80 V2.0,2025,KEGALLE,1
CAR,DAIHATSU,5AA-A202S ROCKY,2023,NUWARA-ELIYA,1
MOTOR CYCLE,RISE,LEADER V 2.0,2025,COLOMBO,2
MOTOR CYCLE,RISE,LEADER V 2.0,2025,GALLE,3
CAR,DAIHATSU,5AA-A202S ROCKY,2023,KANDY,1
MOTOR CYCLE,SUNRA,AMALFI,2025,KEGALLE,1
MOTOR CYCLE,LUYUAN ALFAXL,MTA-FS8020-G,2016,KURUNEGALA,1
MOTOR CYCLE,RISE,LEADER,2022,KURUNEGALA,20
MOTOR CYCLE,OYFLY,TDM-119,2024,KURUNEGALA,1
MOTOR CYCLE,LUYUAN ALFAXL,HD-724SP,2009,BADULLA,1
MOTOR CYCLE,OYFLY,TDM-LTW,2023,POLONNARUWA,3
MOTOR CYCLE,OYFLY,TDM-LTW,2024,KALUTARA,3
MOTOR CYCLE,RISE,LEADER R 100,2025,KALUTARA,3
MOTOR CYCLE,ZONGSHEN,TDT1052,2018,ANURADHAPURA,1
MOTOR CYCLE,RISE,LEADER,2022,ANURADHAPURA,5
MOTOR CYCLE,OYFLY,TDM-LTW,2024,MATALE,1
CAR,DAIHATSU,5AA-A202S ROCKY,2023,MATARA,1
MOTOR CYCLE,SUNRA,K6,2025,ANURADHAPURA,1
MOTOR CYCLE,LUYUAN ALFAXL,MD-DS7220-GI,2015,GAMPAHA,3
MOTOR CYCLE,RISE,LEADER,2022,GAMPAHA,80
MOTOR CYCLE,WAOPAI,WANG,2018,MATARA,1
MOTOR CYCLE,RISE,LEADER MAX,2024,MATARA,1
MOTOR CYCLE,RISE,LEADER,2025,GAMPAHA,1
MOTOR CYCLE,RISE,LEADER,2024,KILINOCHCHI,10
MOTOR CYCLE,DASTOL,DW-28,2024,RATNAPURA,1
MOTOR CYCLE,RISE,LEADER,2025,MULLATIVU,1
MOTOR CYCLE,RISE,LEADER PLUS,2025,MULLATIVU,5
CAR,B.M.W.,I.3,2016,COLOMBO,1
THREE WHEELER,DUDU,PROUD 02K,2016,COLOMBO,1
CAR,B.M.W.,13,2015,COLOMBO,2
CAR,B.M.W.,13 ELECTRIC AUTO,2015,COLOMBO,1
CAR,B.M.W.,17XDRIVE 60M SPORT,2023,COLOMBO,1
MOTOR CYCLE,LIMA,JV,2023,GALLE,13
CAR,B.M.W.,I7XDRIVE60EXCELLENCE,2023,COLOMBO,1
CAR,B.M.W.,17X DRIVE 60 M SPORT,2023,COLOMBO,1
CAR,B.M.W.,IX XDRIVE40 ELECTRIC,2023,COLOMBO,1
CAR,B.M.W.,IX 40 X DRIVE,2024,COLOMBO,1
CAR,B.M.W.,IX XDRIVE 40M SPORT,2023,COLOMBO,1
MOTOR CYCLE,LIMA,ELO-07,2024,GALLE,52
MOTOR CYCLE,LIMA,ELO-07,2024,AMPARA,7
MOTOR CYCLE,LIMA,JV 1.5G,2024,MONERAGALA,2
MOTOR CYCLE,ATHER,450X,2024,COLOMBO,63
MOTOR CYCLE,ATHER,450APEX,2024,COLOMBO,1
MOTOR CYCLE,ATHER,450X,2024,HAMBANTOTA,9
MOTOR CYCLE,ATHER,450X,2024,TRINCOMALEE,4
CAR,B.M.W.,IX X DRIVE 40,2024,RATNAPURA,1
CAR,B.M.W.,ZAA-32FK45 I5,2024,COLOMBO,1
CAR,B.M.W.,17 X DRIVE 60,2023,COLOMBO,1
MOTOR CYCLE,ATHER,450X,2025,TRINCOMALEE,8
MOTOR CYCLE,ATHER,450X,2025,KANDY,6
MOTOR CYCLE,WUXI,MC-WM12,2025,COLOMBO,1
MOTOR CYCLE,LIMA,EL07,2025,TRINCOMALEE,2
CAR,BAW,E7,2025,MONERAGALA,5
MOTOR CYCLE,HERO HONDA,CD100DELUXE,2009,KURUNEGALA,1
CAR,B.M.W.,IX3 M SPORT,2023,GAMPAHA,1
MOTOR CYCLE,LIMA,ELO-07,2024,KURUNEGALA,285
MOTOR CYCLE,ATHER,450X,2024,KURUNEGALA,9
MOTOR CYCLE,LIMA,E-BIKE,2025,KURUNEGALA,1
MOTOR CYCLE,LIMA,ELO-07,2024,POLONNARUWA,60
MOTOR CYCLE,ATHER,450X,2025,KALUTARA,42
MOTOR CYCLE,ZUB,MOTOBIKE,2018,MATALE,2
MOTOR CYCLE,YAMAHA,FASCINO,2016,BATTICALOA,2
CAR,B.M.W.,I 3,2014,PUTTALAM,1
MOTOR CYCLE,LE,LUCAS FASTEST B23-A,2022,MATARA,1
MOTOR CYCLE,ATHER,450X,2024,GAMPAHA,12
MOTOR CYCLE,YOUNIU,YN1800DT-2,2024,GAMPAHA,1
MOTOR CYCLE,YAMAHA,FASCINO,2016,MANNAR,1
MOTOR CYCLE,YAMAHA,FASCINO,2016,KILINOCHCHI,1
MOTOR CYCLE,-,GWEM01PRETTY,2016,RATNAPURA,1
MOTOR CYCLE,LE,ELECTRO BLADE BI3A,2022,RATNAPURA,2
MOTOR CYCLE,ATHER,450X,2025,MANNAR,1
MOTOR CYCLE,MOTOLANKA,JPM 30 H2,2009,JAFFNA,1
MOTOR CYCLE,YAMAHA,FASCINO,2016,JAFFNA,4
MOTOR CYCLE,LIMA,JV,2023,MULLATIVU,3
MOTOR CYCLE,LIMA,JV 1.5G,2024,JAFFNA,7
CAR,TESLA,ZAA-SLIS MODEL S,2015,COLOMBO,1
CAR,TESLA,MODEL S,2015,COLOMBO,3
MOTOR CYCLE,AIMA,BATTLE,2017,KEGALLE,2
CAR,TESLA,S 85,2015,COLOMBO,1
MOTOR CYCLE,NWOW,CS,2019,COLOMBO,1
MOTOR CYCLE,NWOW,SE,2020,KANDY,1
MOTOR CYCLE,HERO,NYX CX ER,2022,COLOMBO,100
MOTOR CYCLE,NWOW,ARS,2023,COLOMBO,50
MOTOR CYCLE,NWOW,GB2,2023,COLOMBO,4
MOTOR CYCLE,NWOW,ARS,2022,PUTTALAM,1
MOTOR CYCLE,WUYANG,H7S-PLUS,2023,COLOMBO,1
MOTOR CYCLE,NWOW,SE,2022,PUTTALAM,2
MOTOR CYCLE,NWOW,ERV,2014,COLOMBO,1
MOTOR CYCLE,NWOW,ARS,2024,COLOMBO,8
CAR,TESLA,MODEL 3 RWD,2024,RATNAPURA,1
CAR,TESLA,MODEL Y,2024,KANDY,1
CAR,TESLA,MODEL Y RWD,2024,COLOMBO,2
MOTOR CYCLE,AIMA,SCOOTER,2024,COLOMBO,1
MOTOR CYCLE,NWOW,SE,2017,COLOMBO,2
MOTOR CYCLE,LUYUAN,MNK3,2025,AMPARA,24
MOTOR CYCLE,LUYUAN,MYT,2025,AMPARA,21
MOTOR CYCLE,NWOW,TK 10,2025,PUTTALAM,7
MOTOR CYCLE,DAYWANG(DW)SL,DU,2024,AMPARA,1
MOTOR CYCLE,OPAI,YW-06,2024,AMPARA,1
MOTOR CYCLE,LUYUAN,S90 PLUS,2025,HAMBANTOTA,3
MOTOR CYCLE,NWOW,ARS,2025,COLOMBO,57
CAR,TESLA,MODEL 3,2024,GALLE,1
MOTOR CYCLE,LUYUAN,M-MHH-Z45LJ,2025,HAMBANTOTA,4
MOTOR CYCLE,LUYUAN,MNK3,2025,KANDY,2
MOTOR CYCLE,AIMA,LIBERTY,2025,GALLE,44
MOTOR CYCLE,AIMA,MAVERICK,2025,AMPARA,4
MOTOR CYCLE,AIMA,LIBERTY,2025,TRINCOMALEE,10
MOTOR CYCLE,AIMA,ARIA,2025,AMPARA,3
MOTOR CYCLE,AIMA,LIBERTY,2025,KEGALLE,1
MOTOR CYCLE,GAROW,DM-JG 75450,2025,COLOMBO,1
CAR,WULING,CLOUD EV,2025,GALLE,3
CAR,WULING,BINGUO  E V,2025,COLOMBO,1
MOTOR CYCLE,LUYUAN,MS70 Z23E,2025,PUTTALAM,1
MOTOR CYCLE,NWOW,GOLDEN BATTERFLY,2014,KEGALLE,1
CAR,TESLA,3 RWD,2024,GAMPAHA,1
MOTOR CYCLE,NWOW,TK 10,2024,KURUNEGALA,1
MOTOR CYCLE,AIMA,MANA,2025,KURUNEGALA,38
MOTOR CYCLE,NWOW,SE,2018,KALUTARA,3
MOTOR CYCLE,GK,TRAVELER,2018,KALUTARA,1
MOTOR CYCLE,NWOW,ARS,2023,KALUTARA,14
MOTOR CYCLE,NWOW,WSP,2023,KALUTARA,5
MOTOR CYCLE,LUYUAN,S90 PLUS,2025,BADULLA,1
MOTOR CYCLE,AIMA,BREEZY,2025,POLONNARUWA,74
MOTOR CYCLE,LUYUAN,MS70 Z23E,2025,BADULLA,1
MOTOR CYCLE,NWOW,GB2,2024,KALUTARA,1
MOTOR CYCLE,AIMA,ARIA,2025,POLONNARUWA,12
MOTOR CYCLE,GAROW,SHIZHIZUO,2024,POLONNARUWA,1
MOTOR CYCLE,NWOW,TK 10,2023,MATALE,3
MOTOR CYCLE,DAYWANG(DW)SL,E-MOTOR CYCLE,2024,MATALE,2
MOTOR CYCLE,NWOW,ARS,2023,MATALE,1
MOTOR CYCLE,LUYUAN,MYT,2024,MATALE,1
MOTOR CYCLE,LUYUAN,MYT,2024,ANURADHAPURA,1
MOTOR CYCLE,AIMA,BREEZY,2025,ANURADHAPURA,76
CAR,WULING,CLOUD EV,2025,KALUTARA,6
MOTOR CYCLE,LUYUAN,MS75-Z30LF,2025,ANURADHAPURA,1
MOTOR CYCLE,NWOW,M3,2018,GAMPAHA,1
MOTOR CYCLE,NWOW,TK,2019,GAMPAHA,4
MOTOR CYCLE,NWOW,TK 10,2020,GAMPAHA,2
MOTOR CYCLE,NWOW,WSP,2024,MATARA,3
MOTOR CYCLE,AIMA,BREEZY,2025,GAMPAHA,16
MOTOR CYCLE,AIMA,BREEZY,2025,BATTICALOA,8
MOTOR CYCLE,GK,M6,2018,RATNAPURA,1
MOTOR CYCLE,NWOW,V11,2024,RATNAPURA,1
THREE WHEELER,NWOW,ERVS4 PLUS,2025,PUTTALAM,1
MOTOR CYCLE,AIMA,LIBERTY,2025,KILINOCHCHI,7
THREE WHEELER,NWOW,ERVS4 PLUS,2025,KEGALLE,2
MOTOR CYCLE,AIMA,LIBERTY,2025,MANNAR,1
MOTOR CYCLE,AIMA,LIYING,2017,JAFFNA,2
MOTOR CYCLE,NWOW,TK 10,2023,JAFFNA,1
MOTOR CYCLE,NWOW,SE,2024,JAFFNA,1
MOTOR CYCLE,LUYUAN,MNK3,2025,JAFFNA,1
CAR,NISSAN,ZAA-ZEO/HATCH BACK,2011,COLOMBO,1
CAR,NISSAN,ZAA-ZEO,2012,COLOMBO,18
CAR,NISSAN,ZAA-AZE0 LEAF,2012,COLOMBO,76
CAR,NISSAN,ZAA-ZEO LEAF,2012,BATTICALOA,1
CAR,NISSAN,ZAA-ZEO-LEAF,2012,COLOMBO,5
CAR,MITSUBISHI,ZAA - HA4W I-MIEV,2014,COLOMBO,1
CAR,NISSAN,ZAA-AZEO LEAF,2014,COLOMBO,246
CAR,NISSAN,LEAF ACENTA,2014,COLOMBO,85
CAR,NISSAN,ZAA-ZEO -LEAF,2012,COLOMBO,1
CAR,NISSAN,ZAA-AZEO LEAF,2012,GALLE,10
CAR,NISSAN,ZAA-AZE0 LEAF,2012,GALLE,9
DUAL PURPOSE (COMMERCIAL),MITSUBISHI,ZAB-U67V MINICAB,2012,COLOMBO,2
CAR,NISSAN,AZZ-ZEO LEAF VISLA,2015,COLOMBO,1
CAR,NISSAN,ZAA-AZE LEAF,2013,COLOMBO,1
CAR,NISSAN,ZAA-AZEO,2013,RATNAPURA,2
CAR,VOLKSWAGEN,E-GOLF,2014,COLOMBO,3
CAR,NISSAN,ZAA-ZAE0 LEAF,2013,GALLE,1
CAR,NISSAN,ZAA AZEO LEAF,2012,KANDY,2
CAR,NISSAN,ZAA-AZEO LEAF,2014,MATALE,6
CAR,NISSAN,LEAF ACENTS,2014,COLOMBO,1
CAR,NISSAN,ZAA ZEO LEAF,2012,GALLE,2
CAR,NISSAN,ZAA-AZE0  LEAF,2014,GALLE,1
CAR,NISSAN,ZAA AZEO LEAF,2012,RATNAPURA,1
CAR,NISSAN,ZAA-ZEO LEAF,2014,COLOMBO,1
CAR,NISSAN,ZAA-AZEA LEAF,2013,COLOMBO,1
CAR,NISSAN,LEAF ACENTA ZEO,2015,COLOMBO,1
CAR,MITSUBISHI,ZAA-HA3W 1-MIEV,2013,COLOMBO,1
CAR,NISSAN, ZAA-AZEO LEAF,2013,COLOMBO,1
CAR,MITSUBISHI,ZAA-HA3W 1 MIEV,2013,COLOMBO,1
MOTOR CYCLE,SANYA,SY8-TY60,2016,COLOMBO,1
CAR,NISSAN,ZAA-AZEO LEAF,2016,COLOMBO,6
CAR,NISSAN,ZAA- AZEO- LEAF,2015,COLOMBO,1
CAR,NISSAN,LEAF ACENTA- 30 KWH,2015,COLOMBO,1
CAR,NISSAN,ZAA- AZEO- LEAF,2013,COLOMBO,1
MOTOR CYCLE,QIANGSHENG,QS-XY,2016,COLOMBO,1
MOTOR CYCLE,TERRA,ELECTRICT BICK,2015,COLOMBO,1
CAR,NISSAN,LEAF TEKNA,2018,COLOMBO,6
CAR,NISSAN,ZAA-ZE1 LEAF,2018,COLOMBO,7
CAR,NISSAN,ZAA-ZEI LEAF,2018,KANDY,2
CAR,NISSAN,ZAA-ZE1 LEAF,2019,COLOMBO,2
CAR,NISSAN,ZAA-ZEI LEAF,2019,COLOMBO,1
DUAL PURPOSE (COMMERCIAL),MITSUBISHI,ZAB-U68V MINICAB,2017,MONERAGALA,1
CAR,NISSAN,LEAF ZEROE,2012,COLOMBO,1
DUAL PURPOSE (COMMERCIAL),NISSAN,E NV 200,2015,COLOMBO,1
CAR,NISSAN,LEAF ACENTA,2023,COLOMBO,1
CAR,VOLKSWAGEN,ID.4 LIFE,2023,COLOMBO,3
CAR,VOLKSWAGEN,ID 4 LIFE,2023,COLOMBO,3
CAR,VOLKSWAGEN,ID4 LIFE,2023,COLOMBO,1
CAR,NISSAN,LEAF ZAA-ZE1,2022,COLOMBO,1
MOTOR CYCLE,SUPER SOCO,CPX,2023,KANDY,1
MOTOR CYCLE,TERRA,A4000I,2015,KANDY,1
MOTOR CYCLE,SUPER SOCO,TS STREET HUNTER,2024,TRINCOMALEE,1
CAR,NISSAN,ZAA-ZE1 LEAF,2023,COLOMBO,1
CAR,NISSAN,LEAF-N-CONNECTA,2023,KANDY,1
CAR,VOLKSWAGEN,ZAA-E2EBJ ID4,2024,KANDY,1
CAR,VOLKSWAGEN,ZAA-E2EBJ ID4 PRO,2024,KANDY,1
MOTOR CYCLE,SUPER SOCO,TS STREET HUNTER,2022,KANDY,1
CAR,MITSUBISHI,ZAA-B5AW EK X,2023,KANDY,1
MOTOR CYCLE,DIMEN,D60,2025,GALLE,16
MOTOR CYCLE,SUPER SOCO,CUX PRO,2024,PUTTALAM,1
CAR,GAC,AION Y,2025,COLOMBO,6
CAR,NISSAN,6AA-E13 NOTE,2023,COLOMBO,1
CAR,LEAPMOTOR,C10 REEV,2025,COLOMBO,8
CAR,NISSAN,ZAA-ZE0,2012,GAMPAHA,3
CAR,NISSAN,ZAA-AZE0 LEAF,2014,BADULLA,5
CAR,NISSAN,ZAA-AZE0 LEAF,2013,ANURADHAPURA,1
CAR,NISSAN,ZAA AZEO LEAF,2014,GAMPAHA,16
CAR,NISSAN,ZAA-AZEO LEAF,2015,GAMPAHA,13
CAR,NISSAN,ZAA-AZEO LEAF,2012,ANURADHAPURA,2
CAR,NISSAN,LEAF ZEO,2013,GAMPAHA,2
CAR,NISSAN,ZAA-ZE0 LEAF ACENTA,2014,GAMPAHA,1
CAR,NISSAN,TEKNA LEAF,2015,GAMPAHA,1
CAR,NISSAN,LEAF,2013,BADULLA,2
CAR,NISSAN,LEAF 2 ZERO,2018,GAMPAHA,1
CAR,NISSAN,LEAF TEKNA,2018,GAMPAHA,1
CAR,VOLKSWAGEN,ID4 PRO,2024,GAMPAHA,3
CAR,VOLKSWAGEN,ID4,2024,GAMPAHA,1
CAR,NISSAN,6AA-FE13,2023,GAMPAHA,1
CAR,NISSAN,6AA-E13 NOTE,2024,GAMPAHA,2
CAR,NISSAN,6AA-E13 NOTE,2023,GAMPAHA,2
MOTOR CYCLE,SUPER SOCO,CUX PRO,2022,POLONNARUWA,1
CAR,NISSAN,ZAA-ZEO LEAF,2012,KALUTARA,8
CAR,NISSAN,LEAF TEKNA,2014,KURUNEGALA,2
CAR,NISSAN,ZAA-AZE0 LEAF,2012,KEGALLE,6
CAR,NISSAN,LEAF,2013,KALUTARA,5
CAR,NISSAN,ZAA-AZEO LEAF,2015,KURUNEGALA,6
CAR,NISSAN,ZAA AZEO LEAF,2015,KALUTARA,2
CAR,NISSAN,LEAF ACENTA,2015,KURUNEGALA,3
CAR,NISSAN,ZAA-AZEO  LEAF,2014,AMPARA,1
CAR,NISSAN,ZAA-ZEO LEAF,2012,AMPARA,1
CAR,NISSAN,ZAA-AZE0  LEAF,2015,KALUTARA,1
CAR,NISSAN,ZAA-AZEO  LEAF,2014,KALUTARA,2
CAR,NISSAN,LEAF,2017,KALUTARA,1
CAR,NISSAN,ZAA-ZE1 LEAF,2018,KALUTARA,1
CAR,MITSUBISHI,ZAB-U67V,2012,KURUNEGALA,1
CAR,NISSAN,6AA-GC28 SERENA,2024,MATARA,1
CAR,GAC,AION V LUXURY,2025,KEGALLE,2
CAR,NISSAN,ZAA-AZEO,2013,PUTTALAM,2
CAR,NISSAN,ZAA-AZE0 LEAF,2012,PUTTALAM,6
CAR,NISSAN,ZAA-AZEO  LEAF,2014,PUTTALAM,1
CAR,NISSAN,ZAA-ZEO LEAF,2012,PUTTALAM,4
CAR,NISSAN,ZAA-AZEO LEAF,2013,PUTTALAM,21
CAR,NISSAN,ZAA ZEO  LEAF,2012,PUTTALAM,1
CAR,NISSAN,ZAA ZE0 LEAF,2012,PUTTALAM,1
CAR,NISSAN,LEAF ACENTA,2014,PUTTALAM,1
MOTOR CYCLE,TERRA,SEED  40,2015,GAMPAHA,1
MOTOR CYCLE,SCOOTER,SHARK,2017,GAMPAHA,1
MOTOR CYCLE,CHINA,SE,2017,GAMPAHA,17
MOTOR CYCLE,TERRA,A4000I,2016,GAMPAHA,3
MOTOR CYCLE,SUPER SOCO,CPX,2023,GAMPAHA,6
MOTOR CYCLE,SUPER SOCO,TS STREET HUNTER,2024,GAMPAHA,26
CAR,NISSAN,ZAA-AZEO LEAF,2013,POLONNARUWA,2
CAR,VOLKSWAGEN,ID4 LIFE PURE,2023,POLONNARUWA,1
DUAL PURPOSE (COMMERCIAL),MITSUBISHI,ZAB-U67V MINICAB,2011,RATNAPURA,1
SINGLE CAB,MITSUBISHI,ZAB-U68T MINICAB,2013,COLOMBO,7
DUAL PURPOSE (COMMERCIAL),MITSUBISHI,ZAB-U68V  MINICAB,2017,RATNAPURA,1
MOTOR CYCLE,POWER STAR,0,2005,COLOMBO,1
MOTOR CYCLE,AMUR LEOPARD,LUHU,2013,COLOMBO,1
MOTOR CYCLE,AMUR LEOPARD,SKY CAT 48 V,2015,COLOMBO,2
MOTOR CYCLE,AMUR LEOPARD,WUYANG PRINCESS,2014,MONERAGALA,1
MOTOR CYCLE,AMUR LEOPARD,FIGHT EAGLE,2015,AMPARA,2
MOTOR CYCLE,AMUR LEOPARD,THUNDER  KING,2015,AMPARA,1
MOTOR CYCLE,AMUR LEOPARD,TITAN  60 V,2015,AMPARA,2
MOTOR CYCLE,AMUR LEOPARD,JUFENG,2015,AMPARA,1
MOTOR CYCLE,AMUR LEOPARD,JIYAYING,2015,AMPARA,1
MOTOR CYCLE,LUYUAN ALFA,MN3-CSQ6020-G1,2016,GALLE,5
MOTOR CYCLE,LUYUAN ALFA,MN3-CSQ6020-G1,2016,KEGALLE,1
MOTOR CYCLE,LUYUAN ALFA,MN3-CSQ6020-G1,2016,MONERAGALA,2
MOTOR CYCLE,SINSKI,TDR 137Z,2015,PUTTALAM,1
MOTOR CYCLE,LUYUAN ALFA,MN3-CSQ6020-G1,2017,TRINCOMALEE,4
MOTOR CYCLE,LUYUAN ALFA,MN3-CSQ6020-G1,2017,KEGALLE,1
MOTOR CYCLE,LUYUAN ALFA,MN5 CAS7220-Z5,2017,COLOMBO,1
MOTOR CYCLE,LUYUAN ALFA,MN3-CSQ6020-G1,2017,COLOMBO,2
MOTOR CYCLE,TAING,TDR398Z,2017,COLOMBO,1
MOTOR CYCLE,LUYUAN ALFA,MN5-CAS7220-Z5,2018,GALLE,2
MOTOR CYCLE,SINSKI,TDR 137 Z,2017,PUTTALAM,1
MOTOR CYCLE,GEISMAR,YD-GM010,2019,COLOMBO,1
MOTOR CYCLE,LUYUAN ALFA,MKK-Z23E-12-C,2023,GALLE,10
MOTOR CYCLE,LUYUAN ALFA,M MKK-Z30LJ-12-C,2023,COLOMBO,3
MOTOR CYCLE,SINSKI,TDR91Z,2014,COLOMBO,1
MOTOR CYCLE,SINSKI,TDR283 Z,2014,KEGALLE,1
CAR,HYUNDAI,IONIQ 6 EV,2024,COLOMBO,1
MOTOR CYCLE,LENCAR,ERC80,2023,HAMBANTOTA,2
MOTOR CYCLE,LUYUAN ALFA,MKK-Z23E-12-C,2025,AMPARA,18
MOTOR CYCLE,LUYUAN ALFA,MKK-Z23E-12-C,2025,KANDY,2
CAR,HYUNDAI,CRETA,2025,COLOMBO,1
CAR,DONGFENG,BOX E3,2025,COLOMBO,2
THREE WHEELER,MM,WH 5000 DZK,2025,KURUNEGALA,1
CAR,HYUNDAI,KONA,2023,COLOMBO,1
MOTOR CYCLE,LENCAR,ERC80,2025,KEGALLE,1
CAR,KIA,EV5-EARTH LONG RANGE,2025,COLOMBO,1
MOTOR CYCLE,FST,V9,2025,COLOMBO,1
MOTOR CYCLE,LUYUAN ALFA,MKK-Z23E-12-C,2025,VAVUNIYA,1
CAR,HYUNDAI,IONIQ-9-EV,2025,COLOMBO,1
MOTOR CYCLE,LUYUAN ALFA,MN3-CSQ6020-G1,2016,KURUNEGALA,7
MOTOR CYCLE,LUYUAN ALFA,MN3-CSQ6020-G1,2018,KURUNEGALA,1
MOTOR CYCLE,LUYUAN ALFA,MKK-Z23E-12-C,2023,KALUTARA,6
MOTOR CYCLE,IZUKI,WOLF 3 E-SCOOTER,2023,BADULLA,1
MOTOR CYCLE,LUYUAN ALFA,MKK-Z23E-12-C,2024,KALUTARA,7
MOTOR CYCLE,LUYUAN ALFA,M-MKK-Z30LJ-12-C,2025,POLONNARUWA,2
MOTOR CYCLE,LENCAR,ERC80,2025,BADULLA,1
MOTOR CYCLE,LUYUAN ALFA,MYT,2025,ANURADHAPURA,1
MOTOR CYCLE,SINSKI,TDR 137 Z,2015,GAMPAHA,2
MOTOR CYCLE,SINSKI,TDR283Z,2015,GAMPAHA,2
MOTOR CYCLE,LUYUAN ALFA,M7,2018,GAMPAHA,1
MOTOR CYCLE,SINSKI,TDR93Z,2014,MATARA,1
MOTOR CYCLE,LUYUAN ALFA,E-MNP2-7223D-9B-C,2022,GAMPAHA,4
MOTOR CYCLE,LUYUAN ALFA,M-MKK-Z30LJ-12-C,2024,GAMPAHA,4
MOTOR CYCLE,LENCAR,ERC80,2023,MATARA,1
MOTOR CYCLE,AMUR LEOPARD,FIGHT EAGLE,2015,KILINOCHCHI,1
MOTOR CYCLE,AMUR LEOPARD,WYWANG PRINCES,2013,RATNAPURA,1
MOTOR CYCLE,AMUR LEOPARD,WYWANG PRINCES,2014,MANNAR,1
MOTOR CYCLE,LUYUAN ALFA,MDFS7220-G1,2016,RATNAPURA,1
MOTOR CYCLE,LUYUAN ALFA,M MKK-Z30LJ-12-C,2022,RATNAPURA,1
MOTOR CYCLE,AMUR LEOPARD,WUYANG PRINCESS,2014,JAFFNA,4
MOTOR CYCLE,LUYUAN ALFA,MKK-Z23E-12-C,2024,JAFFNA,2
CAR,PEUGEOT,E2008 ALLURE PREMIUM,2022,KANDY,1
CAR,PEUGEOT,2008 GT PREMIUM EV,2023,COLOMBO,2
CAR,KAIYI,X3 PRO EV,2025,COLOMBO,1
MOTOR CYCLE,GALLANT,ZX-HYBRID,2018,KURUNEGALA,1
MOTOR CYCLE,GALLANT,XK-HYBIRD,2018,GAMPAHA,1
MOTOR CYCLE,GALLANT,ZX- HYBRIDI,2019,GAMPAHA,1
MOTOR CYCLE,GALLANT,CTTY WALKER,2018,GAMPAHA,1
MOTOR CYCLE,OKAYA,FAAST F2,2023,BATTICALOA,1
MOTOR CYCLE,GUOWEI EAGLE,GWEMOIPRETTY,2019,RATNAPURA,1
MOTOR CYCLE,OKAYA,FAAST F2T,2022,MANNAR,1
MOTOR CYCLE,OKAYA,FAAST F2T,2022,RATNAPURA,2
MOTOR CYCLE,RIKODA,YSY,2022,JAFFNA,10
MOTOR CYCLE,STAR,HURRICANE,2018,COLOMBO,1
MOTOR CYCLE,ELECTRA,QUANNENGWANG,2017,COLOMBO,1
THREE WHEELER,MAHINDRA,TREO,2019,COLOMBO,4
CAR,MAHINDRA,E 20,2016,JAFFNA,1
MOTOR CYCLE,VINFAST,FELIZ,2024,COLOMBO,3
CAR,KGM,TORREX EVX,2024,KANDY,1
MOTOR CYCLE,TVS,IQUBE,2025,HAMBANTOTA,12
THREE WHEELER,MAHINDRA,TREO,2025,KANDY,5
THREE WHEELER,MAHINDRA,TREO,2025,MATARA,3
MOTOR TRICYCLE VAN,MAHINDRA,TREO ZOR DV,2025,COLOMBO,1
MOTOR TRICYCLE VAN,MAHINDRA,TREO ZOR PICKUP,2025,KURUNEGALA,1
CAR,IM,IM06-75KW RWD,2025,COLOMBO,4
CAR,IM,IM06,2025,COLOMBO,2
CAR,MAHINDRA,E20,2016,BADULLA,1
MOTOR CYCLE,TVS,IQUBE,2024,KALUTARA,15
MOTOR CYCLE,TAILING,JL1200 DT-47T,2024,NUWARA-ELIYA,1
THREE WHEELER,MAHINDRA,TREO,2025,VAVUNIYA,1
MOTOR CYCLE,ELECTRA,ST 09,2018,GAMPAHA,1
MOTOR CYCLE,TVS,IQUBE,2024,GAMPAHA,72
MOTOR CYCLE,SPORT,SPORT POWER,2024,GAMPAHA,1
THREE WHEELER,OZONE,CHAPPIE,2015,COLOMBO,1
MOTOR CYCLE,ALFA,DPX,2018,COLOMBO,3
MOTOR CYCLE,ALFA,XY III METRO,2018,GALLE,1
MOTOR CYCLE,LVYUAN,DPX,2019,HAMBANTOTA,1
MOTOR CYCLE,HUAIHAI,HUAIHAI,2023,COLOMBO,17
CAR,CITROEN,EC3-FEEL ELECTRIC,2023,KANDY,1
CAR,VOLVO,XC 40,2023,COLOMBO,1
THREE WHEELER,ELEKTRATEQ,ETX,2024,KALUTARA,1
CAR,MERCEDES,EQS 450,2024,COLOMBO,1
THREE WHEELER,ELEKTRATEQ,ETX,2024,BADULLA,1
MOTOR CYCLE,V28,V28,2023,COLOMBO,1
THREE WHEELER,ELEKTRATEQ,ETX,2024,HAMBANTOTA,3
THREE WHEELER CAR,ELEKTRATEQ,ETX,2024,GALLE,1
MOTOR CYCLE,HUAIHAI,HUAIHAI,2023,HAMBANTOTA,1
THREE WHEELER,ELEKTRATEQ,ETX,2025,COLOMBO,19
MOTOR CYCLE,HUAIHAI,ZL9,2025,COLOMBO,3
MOTOR CYCLE,HUAIHAI,ZL9,2025,MONERAGALA,5
CAR,CHANGAN,S05,2025,GALLE,1
CAR,CHANGAN,L07,2025,GALLE,1
CAR,CHANGAN,S 07,2025,GAMPAHA,19
CAR,CHANGAN,S 07,2025,BADULLA,1
MOTOR CYCLE,ALFA,XY III METRO,2018,KALUTARA,6
MOTOR CYCLE,LVYUAN,DPX,2019,NUWARA-ELIYA,1
MOTOR CYCLE,DYNAMIC,SL,2024,KALUTARA,10
CAR,CHANGAN,S05,2025,KALUTARA,4
THREE WHEELER,VMOTO,ELRCTRIC V5,2014,COLOMBO,1
MOTOR CYCLE,VESPER,ELECTRICSCOOTER-HIGH,2016,COLOMBO,1
MOTOR CYCLE,YADEA,YD-EM 151,2016,AMPARA,1
MOTOR CYCLE,YADEA,YD EM 163,2018,AMPARA,4
MOTOR CYCLE,YADEA,YD- EM17,2017,TRINCOMALEE,1
MOTOR CYCLE,YADEA,YD-X5,2019,GALLE,1
MOTOR CYCLE,YADEA,YD-M6,2020,MONERAGALA,1
MOTOR CYCLE,YADEA,YD-EM66,2016,MONERAGALA,2
MOTOR CYCLE,YADEA,YD-EM163,2018,HAMBANTOTA,1
MOTOR CYCLE,YADEA,YD EM17,2016,COLOMBO,1
MOTOR CYCLE,YADEA,YDET-66,2018,GALLE,1
MOTOR CYCLE,YADEA,YD- EM17,2016,PUTTALAM,1
CAR,MG,MG4 SE,2022,COLOMBO,1
MOTOR CYCLE,NEO,AVATAR,2022,MONERAGALA,21
MOTOR CYCLE,YADEA,YD-X5,2018,KANDY,1
CAR,MG,MG4 ELECTRIC D,2023,COLOMBO,2
CAR,MG,EP,2023,KANDY,1
CAR,MG,MG4 ELECTRIC X,2023,COLOMBO,5
MOTOR CYCLE,YADEA,EZEEGO,2023,COLOMBO,7
MOTOR CYCLE,YADEA,E8S PRO,2024,HAMBANTOTA,29
MOTOR CYCLE,YADEA,M6,2023,PUTTALAM,7
MOTOR CYCLE,YADEA,RUIBIN,2024,HAMBANTOTA,132
MOTOR CYCLE,YADEA,T5,2024,TRINCOMALEE,117
MOTOR CYCLE,YADEA,RUIBIN,2024,PUTTALAM,46
MOTOR CYCLE,YADEA,E8S PRO,2024,KEGALLE,20
MOTOR CYCLE,YADEA,EZEEGO,2024,HAMBANTOTA,6
MOTOR CYCLE,QUANLE,XGW,2024,GALLE,3
MOTOR CYCLE,YADEA,M6,2024,KEGALLE,6
CAR,MG,MG 4X ELECTRIC,2024,GALLE,1
CAR,MG,MG 4 EV - X,2024,MATALE,1
MOTOR CYCLE,YADEA,T 9,2023,GALLE,2
MOTOR CYCLE,YADEA,E8S PRO,2024,VAVUNIYA,2
MOTOR CYCLE,QUANLE,XGW,2025,HAMBANTOTA,20
MOTOR CYCLE,YADEA,T 9,2025,GALLE,129
MOTOR CYCLE,YADEA,T5,2025,KANDY,47
MOTOR CYCLE,YADEA,T 9,2025,MONERAGALA,26
MOTOR CYCLE,YADEA,E8S PRO,2025,MONERAGALA,5
MOTOR CYCLE,YADEA,EPOC H,2025,GALLE,25
MOTOR CYCLE,VMOTO,CITI,2025,PUTTALAM,34
MOTOR CYCLE,YADEA,M6,2025,HAMBANTOTA,1
CAR,MG4,MG4 V ELECTRIC,2024,COLOMBO,3
MOTOR CYCLE,TMR QUANLE,ZS,2025,KEGALLE,1
MOTOR CYCLE,TMR QUANLE,ZL,2025,KANDY,2
MOTOR CYCLE,TMR QUANLE,XGW,2025,TRINCOMALEE,10
MOTOR CYCLE,TMR QUANLE,ZL,2025,COLOMBO,3
MOTOR CYCLE,YADEA,YD EM 151,2017,AMPARA,1
MOTOR CYCLE,YADEA,COOLJOY,2025,COLOMBO,15
MOTOR CYCLE,YADEA,YD EM66,2016,PUTTALAM,1
MOTOR CYCLE,YADEA,COOLJOY,2025,PUTTALAM,3
MOTOR CYCLE,YADEA,T5 L,2025,AMPARA,3
MOTOR CYCLE,YADEA,COOLJOY,2025,KEGALLE,1
MOTOR CYCLE,YADEA,YD-EM 17,2017,KURUNEGALA,3
THREE WHEELER,XINGBANG,DUDO-02K,2016,GAMPAHA,1
MOTOR CYCLE,YADEA,E8S PRO,2024,KURUNEGALA,113
MOTOR CYCLE,YADEA,T 9,2025,KURUNEGALA,168
CAR,MG,MG4 ELECTRIC VEHICLE,2024,GAMPAHA,1
MOTOR CYCLE,YADEA,COOLJOY,2025,KURUNEGALA,39
MOTOR CYCLE,YADEA,YD-EM151,2016,POLONNARUWA,2
MOTOR CYCLE,YADEA,YD EM 151,2016,BADULLA,2
MOTOR CYCLE,YADEA,YDET-66,2018,POLONNARUWA,16
MOTOR CYCLE,YADEA,YD-GMO 10,2018,KALUTARA,1
MOTOR CYCLE,NEO,AVATAR,2022,NUWARA-ELIYA,1
MOTOR CYCLE,VMOTO,VS2,2022,KALUTARA,3
MOTOR CYCLE,YADEA,T5,2024,KALUTARA,292
MOTOR CYCLE,YADEA,T 9,2024,BADULLA,10
MOTOR CYCLE,QUANLE,G18,2024,KALUTARA,1
MOTOR CYCLE,YADEA,T5,2024,NUWARA-ELIYA,3
MOTOR CYCLE,QUANLE,XGW,2024,POLONNARUWA,2
MOTOR CYCLE,YADEA,RUIBIN,2025,BADULLA,42
MOTOR CYCLE,YADEA,RUIBIN,2025,POLONNARUWA,210
MOTOR CYCLE,QUANLE,ZL,2025,NUWARA-ELIYA,1
MOTOR CYCLE,YADEA,M6,2025,KALUTARA,10
MOTOR CYCLE,YADEA,E8S PRO,2025,KALUTARA,1
MOTOR CYCLE,TMR QUANLE,Q1,2025,POLONNARUWA,1
MOTOR CYCLE,YADEA,YD EM 151,2017,ANURADHAPURA,2
MOTOR CYCLE,YADEA,YD-EM 17,2017,ANURADHAPURA,1
MOTOR CYCLE,YADEA,YD-EM66,2016,MATALE,1
MOTOR CYCLE,YADEA,YD EM163,2018,ANURADHAPURA,3
MOTOR CYCLE,YADEA,YD-EM151,2017,ANURADHAPURA,1
MOTOR CYCLE,YADEA,YD-EM17,2017,MATALE,1
MOTOR CYCLE,YADEA,T 9,2024,MATALE,77
MOTOR CYCLE,YADEA,RUIBIN,2024,ANURADHAPURA,226
MOTOR CYCLE,QUANLE,ZL,2024,ANURADHAPURA,15
MOTOR CYCLE,YADEA,T5,2025,ANURADHAPURA,1269
CAR,MG,MG4 V ELECTRIC,2024,MATARA,1
MOTOR CYCLE,TMR QUANLE,ZL,2025,MATALE,1
MOTOR CYCLE,YADEA,YD800DQT-30A,2025,ANURADHAPURA,1
MOTOR CYCLE,YADEA,YD-EM66,2016,BATTICALOA,3
MOTOR CYCLE,YADEA,YDEM17,2017,BATTICALOA,1
MOTOR CYCLE,YADEA,YD-EM151,2017,GAMPAHA,1
MOTOR CYCLE,YADEA,YD-EM17,2016,BATTICALOA,1
MOTOR CYCLE,NEO,AVATAR,2023,BATTICALOA,1
MOTOR CYCLE,YADEA,E8S PRO,2023,GAMPAHA,95
MOTOR CYCLE,YADEA,E8S PRO,2023,MATARA,39
MOTOR CYCLE,QUANLE,ZL,2024,GAMPAHA,37
MOTOR CYCLE,YADEA,YD1200DT-71B,2023,GAMPAHA,1
MOTOR CYCLE,YADEA,RUIBIN,2025,BATTICALOA,30
MOTOR CYCLE,YADEA,T 9,2025,GAMPAHA,95
MOTOR CYCLE,TMR QUANLE,ZL,2025,GAMPAHA,38
MOTOR CYCLE,YADEA,TDR33,2025,MATARA,1
MOTOR CYCLE,YADEA,YD-ET66,2016,RATNAPURA,1
MOTOR CYCLE,YADEA,YD EM 163,2018,KILINOCHCHI,1
MOTOR CYCLE,YADEA,YD-EM66,2016,RATNAPURA,3
MOTOR CYCLE,YADEA,YD-EM17,2017,MANNAR,2
MOTOR CYCLE,YADEA,M6,2023,RATNAPURA,3
MOTOR CYCLE,YADEA,E8S PRO,2024,KILINOCHCHI,2
MOTOR CYCLE,YADEA,M6,2024,KILINOCHCHI,1
MOTOR CYCLE,YADEA,EPOC H,2024,KILINOCHCHI,1
MOTOR CYCLE,TMR QUANLE,ZS,2025,RATNAPURA,12
MOTOR CYCLE,YADEA,T5 L,2025,KILINOCHCHI,5
MOTOR CYCLE,YADEA,T5,2023,JAFFNA,6
MOTOR CYCLE,YADEA,RUIBIN,2024,JAFFNA,41
MOTOR CYCLE,YADEA,E8S PRO,2024,JAFFNA,7
MOTOR CYCLE,YADEA,T5,2025,MULLATIVU,133
MOTOR CYCLE,TMR QUANLE,ZS,2025,JAFFNA,4
MOTOR CYCLE,ENOW,MASTER,2015,COLOMBO,17
MOTOR CYCLE,SOLID,SPORTY,2017,HAMBANTOTA,1
MOTOR CYCLE,SOLID,REO,2017,PUTTALAM,5
MOTOR CYCLE,SOLID,CHALLENGER,2017,PUTTALAM,3
MOTOR CYCLE,SLING,CLASIC SUPER POWER,2019,COLOMBO,1
MOTOR CYCLE,SOLID,E RIDER,2019,COLOMBO,1
MOTOR CYCLE,SOLID,CLASSIC,2016,GALLE,1
MOTOR CYCLE,HAWKS,SCOOTER,2017,COLOMBO,1
CAR,SAIC,MG 4,2023,COLOMBO,2
CAR,SAIC,MG4,2023,KANDY,2
MOTOR CYCLE,MIZUKI,WIND,2022,COLOMBO,1
MOTOR CYCLE,SOLID,G6,2024,PUTTALAM,23
MOTOR CYCLE,SOLID,G6,2024,HAMBANTOTA,8
MOTOR CYCLE,SOLID,G6,2024,GALLE,12
MOTOR CYCLE,SOLID,LEO,2024,GALLE,4
CAR,BYD,SEAL PREMIUM,2024,COLOMBO,1
MOTOR CYCLE,SOLID,CHALLENGER,2017,GALLE,1
MOTOR CYCLE,QCIX,QCIX-LH,2024,COLOMBO,1
CAR,BYD,BYD SEAL,2024,COLOMBO,2
CAR,BYD,ATTO 3 SUPERIOR,2025,KANDY,1
MOTOR CYCLE,ZUBOO,PARIS,2025,HAMBANTOTA,5
THREE WHEELER,PIAGGIO,APE E CITY FX MAX,2025,KURUNEGALA,1
MOTOR CYCLE,ENOW,MASTER,2016,KURUNEGALA,4
MOTOR CYCLE,SOLID,CHALLENGER,2018,KURUNEGALA,6
MOTOR CYCLE,SOLID,E-RIDER,2018,KURUNEGALA,1
CAR,M.G.,MG4 I SAMART,2023,GAMPAHA,1
MOTOR CYCLE,SOLID,G 6,2023,KURUNEGALA,1
CAR,M.G.,MG4ELECTRIC X,2024,GAMPAHA,1
CAR,M.G.,MG4 V ELECTRIC,2024,GAMPAHA,1
CAR,M.G.,MG4 X  ELECTRIC,2024,GAMPAHA,1
CAR,BYD,ATTO-3-SUPERIOR,2025,GAMPAHA,189
CAR,BYD,DOLPHIN-DYNAMIC 70,2025,GAMPAHA,74
CAR,BYD,M6 SUPERIOR,2025,GAMPAHA,15
CAR,BYD,DOLPHIN-DYNAMIC 49,2025,GAMPAHA,1
MOTOR CYCLE,ENOW,RAIDER,2015,KALUTARA,1
MOTOR CYCLE,SOLID,LEO,2023,KALUTARA,1
MOTOR CYCLE,PHOENIX,ZHENBAO,2025,KALUTARA,3
CAR,M.G.,ZS EV,2019,KILINOCHCHI,1
MOTOR CYCLE,SOLID,LEO,2023,MATALE,1
CAR,BYD,ATTO3-ADVANCED,2025,KALUTARA,102
CAR,BYD,SEAL-COMFORT,2025,KALUTARA,21
CAR,BYD,M6 STANDARD,2025,KALUTARA,1
CAR,BYD,ATTO 2 PRIMIUM,2025,KURUNEGALA,11
CAR,BYD,ATTO 1 PREMIUM,2025,AMPARA,1
MOTOR CYCLE,SOLID,SPORTY,2017,GAMPAHA,13
CAR,BYD,ATTO3-ADVANCED,2025,PUTTALAM,26
MOTOR CYCLE,SOLID,G6,2025,GAMPAHA,33
MOTOR CYCLE,SOLID,LEO,2023,RATNAPURA,1
MOTOR CYCLE,SOLID,CLASSIC,2017,JAFFNA,1
CAR,GTL,1061,2007,COLOMBO,1
MOTOR CYCLE,LUYUAN ALFAXL,MK-B4820-Z1,2014,COLOMBO,13
MOTOR CYCLE,LUYUAN ALFAXL,MT-FS8020-GI,2015,KEGALLE,1
MOTOR CYCLE,LUYUAN ALFAXL,MT-FS8020-GI,2016,AMPARA,1
MOTOR CYCLE,LUYUAN ALFAXL,MT-FS8020-GI,2016,TRINCOMALEE,1
CAR,JAGUAR,I-PACE,2019,COLOMBO,1
MOTOR CYCLE,RISE,LEADER,2022,KEGALLE,6
MOTOR CYCLE,SUNRA,M3,2016,KANDY,1
MOTOR CYCLE,RISE,LEADER,2023,COLOMBO,51
MOTOR CYCLE,RISE,LEADER,2023,GALLE,80
MOTOR CYCLE,OYFLY,TDM-LTW,2023,PUTTALAM,2
MOTOR CYCLE,OYFLY,TDM-LTW,2024,KEGALLE,3
MOTOR CYCLE,OYFLY,TDN119,2024,KANDY,1
MOTOR CYCLE,RISE,LEADER R 100,2025,COLOMBO,11
MOTOR CYCLE,OYFLY,TDM-LTW,2025,COLOMBO,5
MOTOR CYCLE,DASTOL,DW-28,2025,HAMBANTOTA,5
MOTOR CYCLE,E-LUNA,NEXT,2025,COLOMBO,20
DUAL PURPOSE (COMMERCIAL),KYC,V7,2024,COLOMBO,1
CAR,KYC,V5EV,2024,COLOMBO,1
CAR,DAIHATSU,5AA-A202S,2023,COLOMBO,1
CAR,RIVON,320-R,2025,COLOMBO,1
MOTOR CYCLE,RISE,LEADER PLUS,2025,KURUNEGALA,16
MOTOR CYCLE,SUNRA,AMALFI,2025,KURUNEGALA,5
MOTOR CYCLE,SUNRA,K3,2025,KURUNEGALA,9
MOTOR CYCLE,LUYUAN ALFAXL,MT-FS8020-GI,2016,NUWARA-ELIYA,1
MOTOR CYCLE,LUYUAN ALFAXL,MT-FS8020-GI,2016,POLONNARUWA,1
MOTOR CYCLE,RISE,LEADER,2022,KALUTARA,43
MOTOR CYCLE,RISE,LEADER,2024,KALUTARA,24
MOTOR CYCLE,RISE,LEADER,2024,POLONNARUWA,17
MOTOR CYCLE,OYFLY,TDM-LTW,2024,BADULLA,1
MOTOR CYCLE,RISE,LEADER R 100,2025,POLONNARUWA,9
MOTOR CYCLE,FEIYE,FY1200DT-5,2024,BADULLA,1
MOTOR CYCLE,RISE,LEADER MAX,2023,MATALE,1
MOTOR CYCLE,RISE,LEADER PLUS,2025,ANURADHAPURA,19
MOTOR CYCLE,RISE,LEADER R 100,2024,ANURADHAPURA,1
MOTOR CYCLE,RISE,LEADER R80 V2.0,2025,MATALE,7
MOTOR CYCLE,RISE,LEADER V 2.0,2025,MATALE,3
MOTOR CYCLE,LUYUAN ALFAXL,MT-FS8020-GI,2018,MATARA,1
MOTOR CYCLE,ZONGSHEN,TDT1052,2018,GAMPAHA,1
MOTOR CYCLE,RISE,LEADER,2022,MATARA,8
MOTOR CYCLE,RISE,LEADER,2023,GAMPAHA,45
MOTOR CYCLE,RISE,LEADER,2024,BATTICALOA,1
MOTOR CYCLE,OYFLY,TDM-LTW,2025,MATARA,6
MOTOR CYCLE,OYFLY,VRS,2025,GAMPAHA,1
MOTOR CYCLE,RISE,LEADER R80 V2.0,2025,GAMPAHA,2
MOTOR CYCLE,RISE,LEADER R80 V2.0,2025,MATARA,2
MOTOR CYCLE,RISE,LEADER MAX,2023,RATNAPURA,1
MOTOR CYCLE,OYFLY,TDM-LTW,2024,RATNAPURA,3
MOTOR CYCLE,DASTOL,DW-28,2025,RATNAPURA,1
MOTOR CYCLE,RISE,LEADER V 2.0,2025,RATNAPURA,6
MOTOR CYCLE,OYFLY,TDM-LTW,2023,JAFFNA,1
MOTOR CYCLE,RISE,LEADER MAX,2023,JAFFNA,1
MOTOR CYCLE,OYFLY,TDM-LTW,2024,JAFFNA,7
CAR,B.M.W.,I3,2016,COLOMBO,2
CAR,B.M.W.,I 3,2016,COLOMBO,1
THREE WHEELER,DUDU,02K,2016,COLOMBO,3
MOTOR CYCLE,CHENG XUN,TDR06Z,2019,GALLE,1
MOTOR CYCLE,LE,LUCAS FASTEST B23-A,2022,HAMBANTOTA,1
MOTOR CYCLE,LIMA,ELO-07,2024,KANDY,23
MOTOR CYCLE,LIMA,ELO-07,2024,MONERAGALA,22
MOTOR CYCLE,LIMA,JV 1.5G,2024,AMPARA,1
MOTOR CYCLE,ATHER,450 X,2024,COLOMBO,1
CAR,B.M.W.,I7 X DRIVE 60M SPORT,2023,RATNAPURA,1
CAR,B.M.W.,ZAA-52EJ89,2023,COLOMBO,1
MOTOR CYCLE,ATHER,450X,2024,VAVUNIYA,1
CAR,B.M.W.,ZAA-32FK45 I5-EDRIVE,2024,COLOMBO,1
MOTOR CYCLE,LIMA,EL07,2025,AMPARA,2
CAR,B.M.W.,I7 X DRIVE 60M SPORT,2023,ANURADHAPURA,1
CAR,B.M.W.,I7 X DRIVE 60M SPORT,2024,GAMPAHA,1
MOTOR CYCLE,ATHER,450X,2025,KURUNEGALA,22
MOTOR CYCLE,YAMAHA,FASCINO,2016,POLONNARUWA,1
MOTOR CYCLE,ATHER,450X,2025,BADULLA,5
MOTOR CYCLE,YAMAHA,FASCINO,2016,ANURADHAPURA,1
MOTOR CYCLE,LIMA,JV,2023,MATALE,1
MOTOR CYCLE,LIMA,ELO-07,2025,ANURADHAPURA,5
MOTOR CYCLE,LIMA,ELO-07,2025,MATALE,2
CAR,DONGFENG,BOX E3,2025,KALUTARA,4
CAR,BAW,E7,2025,KEGALLE,15
MOTOR CYCLE,LIMA,EL07,2025,BATTICALOA,1
MOTOR CYCLE,LIMA,LM1500DT-68,2025,GAMPAHA,1
MOTOR CYCLE,LIMA,ELO-07,2024,MANNAR,2
MOTOR CYCLE,ATHER,450X,2025,KILINOCHCHI,3
CAR,AUSTIN, ,1965,COLOMBO,1
CAR,TESLA,S70D,2016,COLOMBO,1
MOTOR CYCLE,UJET,T D T18388 Z,2019,GALLE,1
MOTOR CYCLE,EAGLE BRAND,GWEMOIPRETTY,2019,MONERAGALA,3
MOTOR CYCLE,GK,SHIELD,2018,COLOMBO,1
MOTOR CYCLE,NWOW,ERV,2020,COLOMBO,2
MOTOR CYCLE,NWOW,GB-2,2022,COLOMBO,1
MOTOR CYCLE,NWOW,TK 10,2022,COLOMBO,39
CAR,NETA,NETA-V,2022,COLOMBO,1
CAR,NETA,NETA V,2022,COLOMBO,1
CAR,TESLA,MODEL Y RWD,2023,COLOMBO,2
MOTOR CYCLE,GK,TRAVELER,2018,COLOMBO,1
CAR,TESLA,ZAA-YLIYT MODEL Y,2024,COLOMBO,2
MOTOR CYCLE,NWOW,WSP,2024,COLOMBO,54
CAR,TESLA,ZAA-YL1YT,2023,MATALE,1
MOTOR CYCLE,LUYUAN,MNK3,2024,TRINCOMALEE,3
MOTOR CYCLE,NWOW,WSP,2024,HAMBANTOTA,1
MOTOR CYCLE,WIN FAST EVO200,EVO200-E/BIKE,2024,COLOMBO,2
MOTOR CYCLE,LUYUAN,MYY-Z35J,2024,HAMBANTOTA,4
MOTOR CYCLE,LUYUAN,MNK3,2025,KEGALLE,3
MOTOR CYCLE,LUYUAN,S90 PLUS,2025,COLOMBO,8
CAR,TESLA,ZAA-3L13T MODEL 3,2023,COLOMBO,1
MOTOR CYCLE,AIMA,MAVERICK,2025,COLOMBO,15
MOTOR CYCLE,NWOW,TK 10,2025,AMPARA,1
THREE WHEELER,NWOW,ERVS4 PLUS,2025,GALLE,3
MOTOR CYCLE,AIMA,LIBERTY,2025,KANDY,2
MOTOR CYCLE,NWOW,ARS,2025,MONERAGALA,1
CAR,WULING,CLOUD EV,2025,MONERAGALA,2
SPECIAL PURPOSE VEHICLE,LIUGONG,CPD20,2025,KALUTARA,2
CAR,WULING,CLOUD EV,2025,RATNAPURA,1
MOTOR CYCLE,LUYUAN,S90 PLUS,2025,PUTTALAM,1
CAR,TESLA,ZAA-YL1YT MODEL Y,2022,GAMPAHA,1
CAR,TESLA,ZAA-3L13T-MOEL 3 RWD,2024,GAMPAHA,1
THREE WHEELER,NWOW,ERVS4 PLUS,2025,GAMPAHA,7
MOTOR CYCLE,AIMA,LIBERTY,2025,KURUNEGALA,138
MOTOR CYCLE,NWOW,GB2,2025,KURUNEGALA,1
MOTOR CYCLE,LUYUAN,M-MHH-Z45LJ,2025,KURUNEGALA,1
MOTOR CYCLE,NWOW,SE,2020,KALUTARA,1
MOTOR CYCLE,NWOW,SE,2022,KALUTARA,2
MOTOR CYCLE,NWOW,TK 10,2023,KALUTARA,13
MOTOR CYCLE,NWOW,SE,2019,KALUTARA,1
MOTOR CYCLE,NWOW,TK 10,2023,NUWARA-ELIYA,1
MOTOR CYCLE,LUYUAN,MYT,2024,KALUTARA,1
MOTOR CYCLE,DAYWANG(DW)SL,E-MOTOR CYCLE,2024,BADULLA,1
MOTOR CYCLE,NWOW,WSP,2024,BADULLA,1
MOTOR CYCLE,NWOW,ARS,2025,KALUTARA,32
MOTOR CYCLE,AIMA,MANA,2025,NUWARA-ELIYA,1
MOTOR CYCLE,AIMA,LIBERTY,2025,POLONNARUWA,106
CAR,TESLA,MODEL Y,2023,MATARA,1
CAR,TESLA,MODEL 3 RWD,2024,KALUTARA,1
MOTOR CYCLE,AIMA,AMI200DT-39,2024,MATALE,1
MOTOR CYCLE,NWOW,ERV S,2018,GAMPAHA,1
MOTOR CYCLE,NWOW,ERVS,2019,GAMPAHA,3
MOTOR CYCLE,NWOW,SE,2019,GAMPAHA,62
MOTOR CYCLE,LVJU,TDZ255Z,2018,GAMPAHA,1
MOTOR CYCLE,NWOW,GB2,2022,GAMPAHA,2
MOTOR CYCLE,NWOW,ERVE,2021,GAMPAHA,1
MOTOR CYCLE,NWOW,ERVS,2021,GAMPAHA,1
MOTOR CYCLE,NWOW,WSP,2023,GAMPAHA,12
MOTOR CYCLE,NWOW,SE,2023,BATTICALOA,3
MOTOR CYCLE,NWOW,TK 10,2024,GAMPAHA,88
MOTOR CYCLE,NWOW,SWIFT EAGLE,2018,GAMPAHA,1
MOTOR CYCLE,NWOW,ARS,2023,MATARA,1
MOTOR CYCLE,LUYUAN,MHH-Z30LJ,2024,MATARA,1
MOTOR CYCLE,LUYUAN,MYT,2024,MATARA,1
MOTOR CYCLE,NWOW,WSP,2024,GAMPAHA,51
MOTOR CYCLE,NWOW,TK 10,2018,GAMPAHA,2
MOTOR CYCLE,AIMA,MAVERICK,2025,GAMPAHA,7
MOTOR CYCLE,NWOW,GB2,2025,GAMPAHA,5
MOTOR CYCLE,LUYUAN,MYT,2025,GAMPAHA,1
MOTOR CYCLE,NWOW,WSP,2025,BATTICALOA,1
MOTOR CYCLE,LUYUAN,MNK3,2024,RATNAPURA,6
MOTOR CYCLE,LUYUAN,MNK3,2025,RATNAPURA,39
MOTOR CYCLE,AIMA,MANA,2025,RATNAPURA,1
MOTOR CYCLE,AIMA,ARIA,2025,RATNAPURA,5
CAR,NISSAN,ZAA-AZEO LEAF X,2013,KANDY,1
CAR,NISSAN,LEAF ZAA-ZEO,2012,COLOMBO,2
CAR,NISSAN,ZAA-AZE0 LEAF,2015,GALLE,3
CAR,NISSAN,ZAA-AZEO,2012,RATNAPURA,1
CAR,NISSAN,AZZ-ZE0  LEAF VISIA,2015,COLOMBO,1
CAR,NISSAN,ZAA-AZEO,2014,KANDY,1
CAR,NISSAN,ZAA AZEO LEAF,2014,COLOMBO,24
CAR,NISSAN,ZAA-AZE0 LEAF,2013,TRINCOMALEE,2
CAR,NISSAN,ZAA-AZEO LEAF,2012,KANDY,9
CAR,VOLKSWAGEN,VW ELECTRIC GOLF,2015,COLOMBO,1
CAR,NISSAN,ZAA ZEO LEAF,2012,COLOMBO,6
DUAL PURPOSE (COMMERCIAL),NISSAN,E-NV200ACENTA RAPID,2014,COLOMBO,1
CAR,MITSUBISHI,ZAA-HA3W I MIVE,2013,COLOMBO,3
CAR,NISSAN,ZAA-AZEO LEAF,2015,KANDY,2
CAR,NISSAN,ZAA-AZE0 LEAF,2013,HAMBANTOTA,1
CAR,NISSAN,ZAA AZEO  LEAF,2013,GALLE,1
CAR,NISSAN,LEAF TEKNA,2015,KANDY,3
CAR,NISSAN,LEAF ACENTA,2015,JAFFNA,1
CAR,MITSUBISHI,ZAA-HA3W  I-MIEV,2014,JAFFNA,1
CAR,NISSAN,ZAA-ZEO LEAF,2012,RATNAPURA,2
CAR,MITSUBISHI,ZAA-HA3W I MIEV,2013,COLOMBO,5
CAR,NISSAN,ZAA-AZEO-LEAF,2012,GALLE,1
CAR,NISSAN,LEAF ELECTRIC,2015,COLOMBO,1
CAR,NISSAN,LEAF ACENTA,2015,KANDY,3
MOTOR CYCLE,TERRA,SEED 48,2015,GALLE,1
CAR,NISSAN,ZAA-AZE0 LEAF,2016,COLOMBO,2
CAR,NISSAN,ZAA-AZEO LEAF,2016,KANDY,1
CAR,NISSAN,ZAA- AZEO- LEAF,2014,COLOMBO,1
CAR,NISSAN,TEKNA LEAF,2015,COLOMBO,1
DUAL PURPOSE (COMMERCIAL),NISSAN,NV 200,2014,COLOMBO,1
MOTOR CYCLE,TERRA,A40001,2015,COLOMBO,1
CAR,NISSAN,LEAF 2 ZERO,2018,KANDY,1
CAR,NISSAN,LEAF,2014,TRINCOMALEE,1
CAR,NISSAN,TEKNA,2018,COLOMBO,3
MOTOR CYCLE,CHINA,GB2,2018,COLOMBO,1
DUAL PURPOSE (COMMERCIAL),MITSUBISHI,ZAB-U68T  MINICAB,2013,MATALE,1
CAR,NISSAN,LEAF,2019,COLOMBO,3
MOTOR CYCLE,SUPER SOCO,TS STREET HUNTER,2022,COLOMBO,21
THREE WHEELER,VEGA,3W,2022,COLOMBO,1
CAR,NISSAN,ZAA-ZEI LEAF,2022,COLOMBO,1
CAR,VOLKSWAGEN,ID 4 LIFE EDITION,2023,COLOMBO,3
MOTOR CYCLE,TERRA,A4000I,2015,KEGALLE,7
CAR,VOLKSWAGEN,ZAA-E2EBJ ID.4 PRO,2023,COLOMBO,1
MOTOR CYCLE,SUPER SOCO,TS STREET HUNTER,2024,COLOMBO,36
MOTOR CYCLE,SUPER SOCO,TS STREET HUNTER,2024,AMPARA,1
MOTOR CYCLE,TERRA,A4000 I,2015,KANDY,2
MOTOR CYCLE,SUPER SOCO,CUX PRO,2023,HAMBANTOTA,2
CAR,VOLKSWAGEN,ID4 STYLE EDITION,2023,COLOMBO,1
MOTOR CYCLE,SUPER SOCO,TS STREET HUNTER,2024,KANDY,1
MOTOR CYCLE,SUPER SOCO,CPX,2024,COLOMBO,2
MOTOR CYCLE,SUPER SOCO,TS STREET HUNTER,2025,COLOMBO,20
CAR,VOLKSWAGEN,ID.4,2024,COLOMBO,1
MOTOR CYCLE,TERRA,A40001,2025,KEGALLE,1
CAR,NISSAN,6AA-T33  X-TRAIL,2023,COLOMBO,1
CAR,NISSAN,6AA-GFC28 SERENA,2025,COLOMBO,1
CAR,NISSAN,ZAA-ZEO,2011,GAMPAHA,1
CAR,NISSAN,ZAA-AZEO,2012,GAMPAHA,3
CAR,NISSAN,ZAA-AZEO  LEAF,2013,GAMPAHA,6
CAR,MITSUBISHI,DLA-GG2W OUTLANDER,2014,GAMPAHA,1
CAR,NISSAN,LEAF,2012,BADULLA,1
CAR,NISSAN,ZAA-AZEO LEAF,2013,ANURADHAPURA,3
CAR,NISSAN,ZAA-ZAEO LEAF,2014,GAMPAHA,1
CAR,NISSAN,ZEO LEAF ACENTA,2013,GAMPAHA,1
CAR,NISSAN,TEKNA,2015,GAMPAHA,2
CAR,NISSAN,ZAA-AZE0  LEAF,2017,GAMPAHA,1
CAR,VOLKSWAGEN,ID.5 STYLE PRO,2023,GAMPAHA,1
CAR,VOLKSWAGEN,ID 4 LITE,2024,GAMPAHA,1
MOTOR CYCLE,SUPER SOCO,TS STREET HUNTER,2024,BADULLA,1
CAR,NISSAN,ZAA-ZEO,2012,AMPARA,1
CAR,NISSAN,ZAA-ZEO LEAF,2012,MATARA,4
CAR,NISSAN,ZAA-AZEO LEAF,2014,KURUNEGALA,29
CAR,NISSAN,ZAA-AZEO LEAF,2013,KEGALLE,11
CAR,NISSAN,ZAA-AZEO LEAF,2014,MATARA,4
CAR,NISSAN,ZAA-AZEO  LEAF,2013,KALUTARA,2
CAR,NISSAN,ZAA-AZEO LEAF,2014,KALUTARA,30
CAR,NISSAN,LEAF ACENTA,2013,KURUNEGALA,5
CAR,NISSAN,ZAA AZEO LEAF,2012,KEGALLE,2
CAR,VOLKSWAGEN,E-GOLF,2015,KALUTARA,1
CAR,NISSAN,LEAF ACENTA,2018,KALUTARA,2
CAR,NISSAN,ZAA-ZE0 LEAF,2013,PUTTALAM,1
CAR,NISSAN,LEAF TEKNA,2018,PUTTALAM,1
MOTOR CYCLE,SUPER SOCO,TS STREET HUNTER,2023,GAMPAHA,12
MOTOR CYCLE,SUPER SOCO,CPX,2024,MATARA,1
DUAL PURPOSE (COMMERCIAL),MITSUBISHI,ZAB U67V MINICAB,2011,RATNAPURA,1
CAR,REVA,AC,2005,COLOMBO,1
MOTOR CYCLE,AMUR LEOPARD,WUYANA PRINCESS,2013,TRINCOMALEE,1
MOTOR CYCLE,AMUR LEOPARD,ZUMA,2013,COLOMBO,1
MOTOR CYCLE,AMUR LEOPARD,WUYANG PRINCESS,2013,KEGALLE,1
MOTOR CYCLE,AMUR LEOPARD,GOLDENTYRANT,2014,TRINCOMALEE,2
MOTOR CYCLE,AMUR LEOPARD,GOLDENTYRANT,2013,AMPARA,1
CAR,SHIFENG,GD04C,2013,COLOMBO,9
MOTOR CYCLE,AMUR LEOPARD,LUKY STAR,2014,TRINCOMALEE,2
MOTOR CYCLE,AMUR LEOPARD,ZUMA,2014,AMPARA,1
MOTOR CYCLE,AMUR LEOPARD,FLLIGHT EAGLE,2015,COLOMBO,1
MOTOR CYCLE,AMUR LEOPARD,JUFENG  72 V,2015,COLOMBO,1
MOTOR CYCLE,AMUR LEOPARD,TITAN  60 V,2015,COLOMBO,1
MOTOR CYCLE,AMUR LEOPARD,WUYANG PRINCESS,2015,GALLE,1
MOTOR CYCLE,AMUR LEOPARD,THUNDER  KING,2015,COLOMBO,1
MOTOR CYCLE,AMUR LEOPARD,WYWANG PRINCES,2014,KANDY,1
MOTOR CYCLE,SINSKI,TDR 137 Z,2015,PUTTALAM,1
MOTOR CYCLE,CN,7220,2016,KANDY,2
MOTOR CYCLE,GALVO,ECO 1.0,2017,COLOMBO,1
MOTOR CYCLE,LUYUAN ALFA,MNR-DAS7250-Z7,2018,COLOMBO,1
MOTOR CYCLE,TAING,TDR 398Z,2017,COLOMBO,1
MOTOR CYCLE,SINSKI,TDR91Z OPEN,2014,KANDY,1
MOTOR CYCLE,DECO,EBIKE,2023,COLOMBO,24
MOTOR CYCLE,LENCAR,ERC80,2023,COLOMBO,46
MOTOR CYCLE,LUYUAN ALFA,M-MKK-Z30LJ-12-C,2024,COLOMBO,27
MOTOR CYCLE,LENCAR,ERC80,2023,PUTTALAM,1
CAR,KIA,EV5,2024,COLOMBO,1
CAR,KIA,EV5,2025,KANDY,1
MOTOR CYCLE,LUYUAN ALFA,M-MKK-Z30LJ-12-C,2025,HAMBANTOTA,1
MOTOR CYCLE,FST,FLY,2025,COLOMBO,1
MOTOR CYCLE,LUYUAN ALFA,MN3-CSQ6020-G1,2016,POLONNARUWA,3
MOTOR CYCLE,SINSKI,TDR-06Z,2014,POLONNARUWA,1
MOTOR CYCLE,SINSKI,TDR1312,2015,KALUTARA,1
MOTOR CYCLE,IZUKI,FASHION E-SCOOTER,2023,BADULLA,1
MOTOR CYCLE,LUYUAN ALFA,M-MKK-Z30LJ-12-C,2024,KALUTARA,4
LAND VEHICLE (SMALL),AGROTECH,GN 12,2008,PUTTALAM,1
MOTOR CYCLE,LUYUAN ALFA,E-MNP2-7223D-9B-C,2022,ANURADHAPURA,1
MOTOR CYCLE,LUYUAN ALFA,MKK-Z23E-12-C,2025,ANURADHAPURA,23
MOTOR CYCLE,LENCAR,ERC80,2025,ANURADHAPURA,1
MOTOR CYCLE,LUYUAN ALFA,M1,2025,ANURADHAPURA,4
MOTOR CYCLE,POWER STAR,PSTR 205,2005,GAMPAHA,1
MOTOR CYCLE,SINSKI,TRD 93 Z,2015,GAMPAHA,1
MOTOR CYCLE,LUYUAN ALFA,MNR- DAS7250-Z7,2018,GAMPAHA,1
MOTOR CYCLE,SINSKI,TDR93Z,2015,MATARA,1
MOTOR CYCLE,LUYUAN ALFA,M-MKK-Z30LJ-12-C,2022,MATARA,1
MOTOR CYCLE,LUYUAN ALFA,MKK-Z23E-12-C,2023,GAMPAHA,4
MOTOR CYCLE,SINSKI,SLBLUE,2023,MATARA,1
MOTOR CYCLE,MM,ZOOM X3,2024,GAMPAHA,1
MOTOR CYCLE,LUYUAN ALFA,MKK-Z23E-12-C,2024,RATNAPURA,1
MOTOR CYCLE,AMUR LEOPARD,WUYANG PRINCESS,2013,JAFFNA,33
MOTOR CYCLE,AMUR LEOPARD,GOLDENTYRANT,2013,JAFFNA,1
MOTOR CYCLE,OKAYA,FREEDUM,2023,MONERAGALA,2
MOTOR CYCLE,OKAYA,FREEDUM,2023,GALLE,1
MOTOR CYCLE,RIKODA,YSY,2022,HAMBANTOTA,1
MOTOR CYCLE,CHINA BASE,10ZW6071316YA,2023,KURUNEGALA,1
MOTOR CYCLE,RIKODA,YSY,2022,KURUNEGALA,2
CAR,PEUGEOT,E2008 GT,2024,GAMPAHA,1
MOTOR CYCLE,ROHAN WINGS,60V12AH,2023,KURUNEGALA,1
CAR,JAECOO,J6,2025,GAMPAHA,1
CAR,PEUGEOT,E-2008 ALLURE,2022,MATARA,1
MOTOR CYCLE,GALLANT,GALLANT CITY WALKER,2019,GAMPAHA,1
CAR,MAHINDRA,E20 TECHX,2016,KANDY,1
CAR,MAHINDRA,E 20,2016,COLOMBO,8
CAR,MAHINDRA,E 20,2016,GALLE,1
CAR,FORD,MUSTANG MACH-E,2024,COLOMBO,1
CAR,KGM,TORRES EVX,2024,COLOMBO,3
CAR,KGM,TORREX EVX,2024,COLOMBO,1
MOTOR CYCLE,TVS,IQUBE,2025,KANDY,20
MOTOR TRICYCLE VAN,MAHINDRA,TREO ZOR DV,2025,KURUNEGALA,1
MOTOR TRICYCLE VAN,MAHINDRA,TREO ZOR DV,2025,MATARA,2
CAR,IM,IM-5,2025,COLOMBO,2
CAR,IM,IM6,2025,COLOMBO,5
MOTOR CYCLE,ELECTRA,GRACE X5,2017,KURUNEGALA,1
THREE WHEELER,TVS,KING  EV  MAX,2025,GAMPAHA,2
MOTOR CYCLE,NQY,NY800DQT,2019,KALUTARA,1
CAR,MAHINDRA,E 20,2016,KURUNEGALA,3
MOTOR CYCLE,MODERN YANG GUANG,GESUN,2018,GAMPAHA,1
MOTOR CYCLE,TVS,IQUBE,2024,MATARA,15
MOTOR CYCLE,TVS,IQUBE,2024,MANNAR,2
MOTOR CYCLE,ALFA,XY III METRO,2018,MONERAGALA,2
CAR,PORSCHE,TAYCAN TURBO S,2023,COLOMBO,1
MOTOR CYCLE,RAPTOR,MAX,2022,COLOMBO,1
CAR,TATA,PUNCH EV,2025,KANDY,1
CAR,CHANGAN,E07,2025,GALLE,1
CAR,CHANGAN,S 07,2025,TRINCOMALEE,1
CAR,CITROEN,EC3 FEEL ELECTRIC,2023,GAMPAHA,1
CAR,PORSCHE,TAYCAN TURBO,2023,GAMPAHA,2
MOTOR CYCLE,ALFA,M7,2017,KALUTARA,1
MOTOR CYCLE,KINO,CALF,2018,KALUTARA,1
MOTOR CYCLE,ALFA,XY III METRO,2019,KALUTARA,3
MOTOR CYCLE,HOMAYE,ELECTRIC-JL20,2017,KALUTARA,1
MOTOR CYCLE,WOLF,4,2023,BADULLA,1
MOTOR CYCLE,LVYUAN,M-MNK2-7250120025AZH,2019,MATARA,1
MOTOR CYCLE,HUAIHAI,HUAIHAI,2023,MATARA,11
MOTOR CYCLE,RAPTOR,ELECTRIC BICYCLE,2022,BATTICALOA,1
CAR,CHANGAN,S05,2025,PUTTALAM,1
MOTOR CYCLE,HUAIHAI,HUAIHAI,2023,JAFFNA,1
MOTOR CYCLE,KRAL,SD,2016,COLOMBO,1
MOTOR CYCLE,YADEA,YD-EM17,2016,TRINCOMALEE,1
MOTOR CYCLE,YADEA,YD-EM17,2017,TRINCOMALEE,3
MOTOR CYCLE,YADEA,YDET-66,2017,AMPARA,16
MOTOR CYCLE,YADEA,YD EM 17,2017,AMPARA,5
MOTOR CYCLE,YADEA,YDET-66,2017,TRINCOMALEE,2
MOTOR CYCLE,YADEA,YDET-66,2018,AMPARA,5
MOTOR CYCLE,YADEA,YD-EM17,2016,HAMBANTOTA,2
MOTOR CYCLE,YADEA,YD-GM010,2019,COLOMBO,14
MOTOR CYCLE,YADEA,YD-GM010,2019,PUTTALAM,3
MOTOR CYCLE,YADEA,YD-GM010,2018,AMPARA,1
MOTOR CYCLE,YADEA,YD-EM151,2017,AMPARA,1
MOTOR CYCLE,YADEA,YD-EM151,2016,KANDY,2
MOTOR CYCLE,YADEA,YD-EM17,2016,KANDY,1
MOTOR CYCLE,NEO,AVATAR,2022,GALLE,1
MOTOR CYCLE,NEO,CLASSIC,2022,COLOMBO,4
MOTOR CYCLE,YADEA,E8S PRO,2023,COLOMBO,129
MOTOR CYCLE,YADEA,T9,2023,HAMBANTOTA,19
MOTOR CYCLE,YADEA,E8S PRO,2023,GALLE,50
MOTOR CYCLE,YADEA,T9,2023,MONERAGALA,12
MOTOR CYCLE,YADEA,E8S PRO,2023,MONERAGALA,13
MOTOR CYCLE,NEO,AVATAR,2022,AMPARA,2
MOTOR CYCLE,YADEA,RUIBIN,2023,GALLE,21
MOTOR CYCLE,YADEA,RUIBIN,2023,KANDY,1
CAR,MG,MG4,2023,COLOMBO,1
MOTOR CYCLE,YADEA,M6,2023,GALLE,8
CAR,MG,MG4 X,2024,COLOMBO,1
MOTOR CYCLE,YADEA,T5,2024,HAMBANTOTA,939
MOTOR CYCLE,YADEA,T5,2024,COLOMBO,371
MOTOR CYCLE,YADEA,T 9,2024,HAMBANTOTA,190
CAR,MG,MG4 ELECTRIC ICON X,2024,COLOMBO,1
MOTOR CYCLE,VMOTO,CITI,2024,COLOMBO,60
MOTOR CYCLE,VMOTO,CITI,2024,GALLE,1
MOTOR CYCLE,YADEA,T 9,2023,HAMBANTOTA,1
MOTOR CYCLE,QUANLE,XGW,2024,AMPARA,2
CAR,MG,MG 4 V ELECTRIC,2024,KANDY,1
CAR,MG,MG4 V ELECTRIC,2024,GALLE,2
MOTOR CYCLE,QUANLE,G18,2024,HAMBANTOTA,30
MOTOR CYCLE,QUANLE,G18,2024,PUTTALAM,3
MOTOR CYCLE,YADEA,EPOC H,2024,KANDY,5
MOTOR CYCLE,QUANLE,Q1,2024,MONERAGALA,2
MOTOR CYCLE,QUANLE,ZL,2025,COLOMBO,9
MOTOR CYCLE,QUANLE,ZS,2024,GALLE,1
CAR,MG,MG4,2024,COLOMBO,5
MOTOR CYCLE,QUANLE,ZS,2025,MONERAGALA,5
MOTOR CYCLE,YADEA,T5,2025,MONERAGALA,325
MOTOR CYCLE,YADEA,RUIBIN,2025,COLOMBO,134
MOTOR CYCLE,QUANLE,ZS,2025,PUTTALAM,3
MOTOR CYCLE,YADEA,E8S PRO,2025,COLOMBO,10
MOTOR CYCLE,VMOTO,CPX,2025,COLOMBO,1
MOTOR CYCLE,YADEA,RUIBIN,2025,VAVUNIYA,16
MOTOR CYCLE,QUANLE,N9 (NINEBOT),2025,GALLE,7
MOTOR CYCLE,QUANLE,N9 (NINEBOT),2025,MONERAGALA,4
MOTOR CYCLE,TMR QUANLE,ZS,2024,PUTTALAM,1
MOTOR CYCLE,TMR QUANLE,N9 (NINEBOT),2025,HAMBANTOTA,1
MOTOR CYCLE,TMR QUANLE,G18,2025,MONERAGALA,13
MOTOR CYCLE,YADEA,E8S PRO,2025,AMPARA,2
MOTOR CYCLE,VMOTO,CITI,2025,HAMBANTOTA,1
MOTOR CYCLE,YADEA,EPOC H,2025,HAMBANTOTA,7
CAR,MG,MG4-ELECTRIC,2024,COLOMBO,1
MOTOR CYCLE,YADEA,EPOC H,2025,AMPARA,1
MOTOR CYCLE,YADEA,YD- EM17,2017,KURUNEGALA,1
MOTOR CYCLE,YADEA,YD EM 17,2017,KURUNEGALA,1
MOTOR CYCLE,GDI,X-GOD,2021,KURUNEGALA,5
CAR,MG,MG4 ELECTRIC X,2023,GAMPAHA,3
MOTOR CYCLE,QUANLE,N9 (NINEBOT),2025,KURUNEGALA,25
MOTOR CYCLE,YADEA,YD-EM66,2016,POLONNARUWA,29
MOTOR CYCLE,YADEA,YD EM151,2017,POLONNARUWA,1
MOTOR CYCLE,YADEA,T9,2023,POLONNARUWA,14
MOTOR CYCLE,YADEA,M6,2023,POLONNARUWA,5
MOTOR CYCLE,YADEA,RUIBIN,2024,KALUTARA,64
MOTOR CYCLE,YADEA,EZEEGO,2024,KALUTARA,5
MOTOR CYCLE,YADEA,RUIBIN,2024,NUWARA-ELIYA,1
MOTOR CYCLE,QUANLE,Q1,2024,KALUTARA,2
MOTOR CYCLE,VMOTO,CITI,2025,KALUTARA,13
MOTOR CYCLE,YADEA,E8S PRO,2025,POLONNARUWA,1
MOTOR CYCLE,TMR QUANLE,XGW,2025,KALUTARA,3
MOTOR CYCLE,YADEA,YDET-66,2018,ANURADHAPURA,8
MOTOR CYCLE,YADEA,YD EM128,2018,MATALE,1
MOTOR CYCLE,YADEA,YD-EM 163,2018,ANURADHAPURA,1
MOTOR CYCLE,NEO,AVATAR,2023,MATALE,2
MOTOR CYCLE,VMOTO,VS2,2023,MATALE,1
MOTOR CYCLE,GDI,X-GOD,2021,ANURADHAPURA,1
MOTOR CYCLE,YADEA,T5,2024,ANURADHAPURA,917
MOTOR CYCLE,QUANLE,XGW,2024,ANURADHAPURA,17
MOTOR CYCLE,QUANLE,ZL,2025,ANURADHAPURA,25
MOTOR CYCLE,YADEA,M6,2025,ANURADHAPURA,13
MOTOR CYCLE,TMR QUANLE,ZL,2025,ANURADHAPURA,18
MOTOR CYCLE,VMOTO,CPX,2024,ANURADHAPURA,1
MOTOR CYCLE,YADEA,RUBIN,2025,MATALE,1
MOTOR CYCLE,TMR QUANLE,Q1,2024,ANURADHAPURA,1
MOTOR TRICYCLE VAN,JINPENG,ZJ150,2025,GALLE,7
MOTOR CYCLE,YADEA,YD-GM010,2018,GAMPAHA,6
MOTOR CYCLE,YADEA,YD-X5,2018,GAMPAHA,2
MOTOR CYCLE,NEO,AVATAR,2022,BATTICALOA,2
MOTOR CYCLE,YADEA,T9,2023,MATARA,16
MOTOR CYCLE,GDI,X-GOD,2023,MATARA,1
MOTOR CYCLE,YADEA,T5,2023,GAMPAHA,12
MOTOR CYCLE,YADEA,M6,2024,MATARA,10
MOTOR CYCLE,QUANLE,Q1,2024,MATARA,1
MOTOR CYCLE,YADEA,T5,2025,BATTICALOA,83
MOTOR CYCLE,YADEA,EPOC H,2025,MATARA,10
MOTOR CYCLE,VMOTO,CITI,2025,GAMPAHA,18
MOTOR CYCLE,YADEA,M6,2025,MATARA,1
MOTOR CYCLE,QUANLE,N9 (NINEBOT),2025,MATARA,2
MOTOR CYCLE,TMR QUANLE,Q1,2024,GAMPAHA,2
MOTOR CYCLE,TMR QUANLE,XGW,2025,MATARA,6
MOTOR CYCLE,YADEA,EZEEGO,2025,GAMPAHA,1
MOTOR CYCLE,YADEA,YD-EM17,2017,RATNAPURA,1
MOTOR CYCLE,YADEA,M6,2023,MANNAR,1
MOTOR CYCLE,YADEA,M6,2024,RATNAPURA,8
MOTOR CYCLE,YADEA,T5,2024,MANNAR,30
MOTOR CYCLE,QUANLE,XGW,2024,RATNAPURA,8
MOTOR CYCLE,YADEA,E8S PRO,2024,MANNAR,1
MOTOR CYCLE,QUANLE,G18,2025,RATNAPURA,4
MOTOR CYCLE,YADEA,E8S PRO,2025,RATNAPURA,1
MOTOR CYCLE,VMOTO,CITI,2025,RATNAPURA,2
MOTOR CYCLE,YADEA,EPOC H,2025,KILINOCHCHI,2
MOTOR CYCLE,TMR QUANLE,XGW,2025,RATNAPURA,16
MOTOR CYCLE,YADEA,M6,2025,RATNAPURA,1
MOTOR CYCLE,TMR QUANLE,ZL,2025,MANNAR,13
MOTOR CYCLE,YADEA,T5 L,2025,RATNAPURA,13
MOTOR CYCLE,ENOW,RAIDER,2015,COLOMBO,4
CAR,BYD,E6,2013,COLOMBO,1
MOTOR CYCLE,SOLID,SPORTY,2016,COLOMBO,4
MOTOR CYCLE,SOLID,ROYAL,2017,COLOMBO,2
MOTOR CYCLE,SOLID,CHALLENGER,2018,MONERAGALA,1
CAR,M.G.,ZS EV,2019,COLOMBO,29
MOTOR CYCLE,SOLID,LEO,2023,VAVUNIYA,1
MOTOR CYCLE,MIZUKI,PACE,2022,KEGALLE,1
MOTOR CYCLE,SOLID,LEO,2024,MONERAGALA,1
CAR,BYD,ATTO-3-SUPERIOR,2025,COLOMBO,547
CAR,BYD,M6 SUPERIOR,2025,GALLE,3
CAR,BYD,DOLPHIN-DYNAMIC 70,2025,GALLE,18
CAR,BYD,M6 SUPERIOR,2025,MATALE,1
MOTOR CYCLE,SOLID,V8,2024,PUTTALAM,1
MOTOR CYCLE,SOLID,S9,2025,COLOMBO,8
MOTOR CYCLE,PHOENIX,ZHENBAO,2025,VAVUNIYA,1
CAR,BYD,ATTO 2 PRIMIUM,2025,MATALE,2
MOTOR CYCLE,ZUBOO,TANK,2025,HAMBANTOTA,13
MOTOR CYCLE,SOLID,G6,2025,KEGALLE,1
MOTOR CYCLE,SOLID,FCZJ (E-RIDER),2016,KURUNEGALA,1
MOTOR CYCLE,SOLID,REO,2017,KURUNEGALA,4
MOTOR CYCLE,SOLID,REO,2018,KURUNEGALA,3
CAR,M.G.,MG4 ELECTRIC X,2023,GAMPAHA,1
CAR,BYD,DOLPHIN-DYNAMIC49,2025,GAMPAHA,87
MOTOR CYCLE,MIZUKI,PACE,2022,BADULLA,1
MOTOR CYCLE,SOLID,G6,2024,KALUTARA,5
MOTOR CYCLE,PHOENIX,CANGLANG,2025,KALUTARA,1
CAR,BYD,SEAL-COMFORT,2025,KURUNEGALA,13
CAR,BYD,DOLPHIN-DYNAMIC49,2025,MATARA,39
CAR,BYD,M6 SUPERIOR,2025,MATARA,2
MOTOR CYCLE,SOLID,KF-135,2017,GAMPAHA,1
MOTOR CYCLE,SOLID,V8,2023,GAMPAHA,2
MOTOR CYCLE,SOLID,V8,2024,GAMPAHA,10
MOTOR CYCLE,SOLID,G6,2024,RATNAPURA,7
CAR,BYD,M6 SUPERIOR,2025,POLONNARUWA,1
MOTOR CYCLE,SOLID,CHALLENGER,2017,JAFFNA,1
MOTOR CYCLE,KOJI,HUMMER 1000W,2009,COLOMBO,1
CAR,SPARK,BY08,2011,COLOMBO,1
MOTOR CYCLE,LUYUAN ALFAXL,MT-FS8020-GI,2017,GALLE,2
MOTOR CYCLE,SPARK,DPX,2018,COLOMBO,1
MOTOR CYCLE,E-BIKE,FK800DQT-4A,2023,KANDY,1
MOTOR CYCLE,OYFLY,TDM-LTW,2023,AMPARA,1
MOTOR CYCLE,OYFLY,TDM-LTW,2023,COLOMBO,7
MOTOR CYCLE,MBI,MBI-S,2021,KANDY,1
MOTOR CYCLE,OYFLY,TDM BO2,2024,MONERAGALA,1
CAR,G.M.C.,HUMMER EV3X,2024,KANDY,1
MOTOR CYCLE,RISE,LEADER R 100,2025,AMPARA,3
MOTOR CYCLE,RISE,LEADER PLUS,2025,PUTTALAM,6
MOTOR CYCLE,RISE,LEADER R80,2024,GALLE,1
MOTOR CYCLE,RISE,LEADER PLUS,2025,KANDY,2
MOTOR CYCLE,OYFLY,TDM-LTW,2025,KANDY,1
MOTOR CYCLE,OYFLY,TDM BO2,2025,GALLE,1
MOTOR CYCLE,RISE,LEADER R80 V2.0,2025,HAMBANTOTA,20
MOTOR CYCLE,RISE,LEADER R80 V2.0,2025,MONERAGALA,10
CAR,DAIHATSU,5AA-A202S  ROCKY,2024,MATALE,1
MOTOR CYCLE,RISE,LEADER V 2.0,2025,HAMBANTOTA,5
CAR,DAIHATSU,5AA-A202S ROCKY,2024,GALLE,1
CAR,KYC,V5EV,2025,RATNAPURA,1
MOTOR CYCLE,SUNRA,K3,2025,COLOMBO,1
CAR,DAIHATSU,5AA-A202S  ROCKY,2024,GALLE,1
CAR,DAIHATSU,5AA-A202S ROCKY,2025,JAFFNA,1
MOTOR CYCLE,LUYUAN ALFAXL,HWY2-9TS7250-GI,2016,KURUNEGALA,1
MOTOR CYCLE,RISE,LEADER R 100,2025,KURUNEGALA,9
MOTOR CYCLE,LUYUAN ALFAXL,MT-FS8020-GI,2016,KALUTARA,5
MOTOR CYCLE,LUYUAN ALFAXL,MD-DS7220-GI,2016,KALUTARA,1
MOTOR CYCLE,LUYUAN ALFAXL,MD-DS7220-GI,2017,KALUTARA,1
MOTOR CYCLE,OYFLY,TDM-LTW,2023,KALUTARA,2
MOTOR CYCLE,RISE,LEADER R80 V2.0,2025,POLONNARUWA,2
MOTOR CYCLE,RISE,LEADER R80 V2.0,2025,BADULLA,1
CAR,DAIHATSU,5AA-A202S  ROCKY,2025,MATARA,1
MOTOR CYCLE,LUYUAN ALFAXL,MD-DS7220-GI,2017,GAMPAHA,1
MOTOR CYCLE,ZONGSHEN,TDT105Z,2018,MATARA,1
MOTOR CYCLE,OYFLY,TDM-LTW,2024,GAMPAHA,17
MOTOR CYCLE,RISE,LEADER R 100,2025,GAMPAHA,3
MOTOR CYCLE,OYFLY,TDM-LTW,2025,GAMPAHA,11
CAR,DAIHATSU,5AA-A202S ROCKY,2024,PUTTALAM,1
MOTOR CYCLE,LUYUAN ALFAXL,MT-FS8020-GI,2015,RATNAPURA,1
MOTOR CYCLE,RISE,LEADER,2024,RATNAPURA,57
MOTOR CYCLE,RISE,LEADER R80,2025,RATNAPURA,13
MOTOR CYCLE,RISE,LEADER 125,2025,RATNAPURA,2
MOTOR CYCLE,RISE,LEADER R80 V2.0,2025,RATNAPURA,11
MOTOR CYCLE,LUYUAN ALFAXL,MT-FS8020-GI,2015,JAFFNA,1
CAR,B.M.W.,E-DRIVE,2014,COLOMBO,1
CAR,B.M.W.,I3,2013,COLOMBO,5
CAR,B.M.W.,ZAA-1Z00  I3,2014,COLOMBO,1
CAR,B.M.W.,I3,2015,COLOMBO,2
CAR,B.M.W.,I3,2014,COLOMBO,5
MOTOR CYCLE,YAMAHA,FASCINO,2016,COLOMBO,2
MOTOR CYCLE,YAMAHA,FASCINO,2016,PUTTALAM,3
CAR,B.M.W.,ZAA-1Z00   BMW 13,2015,COLOMBO,1
MOTOR CYCLE,YAMAHA,FASCINO,2018,TRINCOMALEE,1
MOTOR CYCLE,I-BIKE,TDRD16Z,2018,KANDY,1
MOTOR CYCLE,YAMAHA,FASCINO,2016,VAVUNIYA,1
CAR,B.M.W.,I 3,2017,KANDY,1
MOTOR CYCLE,TRENDY,COCO-HARELY,2022,COLOMBO,1
CAR,B.M.W.,17 X DRIVE 60M SPORT,2023,COLOMBO,1
MOTOR CYCLE,LIMA,JV,2023,KEGALLE,1
CAR,B.M.W.,I7 XDRIVE 60M SPORT,2024,COLOMBO,1
CAR,B.M.W.,IX XDRIVE 4M SPORT,2024,KANDY,1
CAR,B.M.W.,I 4 E DRIVE 40,2023,COLOMBO,1
CAR,B.M.W.,I7X DRIVE 60 M SPORT,2023,COLOMBO,1
CAR,B.M.W.,IX X DRIVE 40,2024,COLOMBO,3
CAR,B.M.W.,I5 E DRIVE 40,2024,COLOMBO,1
CAR,B.M.W.,IX 40,2024,COLOMBO,1
CAR,B.M.W.,IX  XDRIVE 40,2024,KANDY,1
CAR,B.M.W.,I7 X DRIVE60M SPORT,2023,COLOMBO,1
MOTOR CYCLE,ATHER,450X,2024,GALLE,15
MOTOR CYCLE,LIMA,ELO-07,2024,VAVUNIYA,1
MOTOR CYCLE,LIMA,ELO-07,2025,AMPARA,1
MOTOR CYCLE,ATHER,450X,2025,GALLE,61
MOTOR CYCLE,LIMA,EL07,2025,COLOMBO,17
CAR,BAW,E6,2025,COLOMBO,39
CAR,BAW,E7,2025,GALLE,23
CAR,MAXUS,MIFA 09,2025,COLOMBO,1
CAR,BAW,E7,2025,JAFFNA,2
MOTOR CYCLE,LIMA,JV,2023,KALUTARA,8
CAR,B.M.W.,ZAA-IZOO I3,2014,KEGALLE,1
MOTOR CYCLE,ZUB,ELECTRIC SCOOTER,2018,MATALE,3
MOTOR CYCLE,LIMA,JV,2023,ANURADHAPURA,9
MOTOR CYCLE,LIMA,JV 1.5G,2024,ANURADHAPURA,19
CAR,B.M.W.,IX XDRIVE 40M SPORT,2023,KURUNEGALA,1
CAR,BAW,E7,2025,KALUTARA,61
MOTOR CYCLE,LE,FAMILIA M8/A2,2022,GAMPAHA,5
MOTOR CYCLE,ATHER,450X,2024,BATTICALOA,1
MOTOR CYCLE,ATHER,450X,2024,RATNAPURA,20
MOTOR CYCLE,LE,FAMILIA M8A2,2022,RATNAPURA,1
MOTOR CYCLE,ATHER,450X,2025,JAFFNA,26
MOTOR CYCLE,LIMA,EL07,2025,JAFFNA,6
LAND VEHICLE (SMALL),SIFANG,GN8,2007,KURUNEGALA,1
CAR,TESLA,MODELS P85 PLUS,2015,COLOMBO,1
CAR,TESLA,MODELS,2015,COLOMBO,2
CAR,TESLA,S/YR,2015,COLOMBO,1
MOTOR CYCLE,EAGLE BRAND,GWEM01PRETTY,2016,MONERAGALA,3
MOTOR CYCLE,NWOW,SE,2018,COLOMBO,10
MOTOR CYCLE,NWOW,SE,2019,COLOMBO,2
MOTOR CYCLE,NEVORP,SE2020-1,2021,COLOMBO,1
MOTOR CYCLE,NWOW,SE,2018,KEGALLE,1
MOTOR CYCLE,GK,TRAVELER,2018,MONERAGALA,1
MOTOR CYCLE,LUYUAN,ZK5,2022,COLOMBO,1
MOTOR CYCLE,NWOW,ARS,2022,COLOMBO,4
MOTOR CYCLE,NWOW,SE,2022,HAMBANTOTA,1
MOTOR CYCLE,NWOW,WSP,2023,COLOMBO,36
MOTOR CYCLE,NWOW,EDB,2023,COLOMBO,5
MOTOR CYCLE,NWOW,TK 10,2023,COLOMBO,70
MOTOR CYCLE,LUYUAN,MHN3,2023,COLOMBO,1
MOTOR CYCLE,NWOW,SE,2023,MONERAGALA,1
CAR,TESLA,MODEL Y,2023,JAFFNA,1
MOTOR CYCLE,NWOW,ARS,2024,VAVUNIYA,1
MOTOR CYCLE,NWOW,TK 10,2023,PUTTALAM,4
MOTOR CYCLE,NWOW,SE,2024,GALLE,4
CAR,TESLA,ZAA-YL1YT MODEL Y,2024,COLOMBO,3
MOTOR CYCLE,LUYUAN,M-MHH-Z30LJ,2024,GALLE,17
MOTOR CYCLE,LUYUAN,M-MHH-Z45LJ,2024,GALLE,13
CAR,TESLA,ZAA-3L13T,2024,COLOMBO,2
MOTOR CYCLE,LUYUAN,LY1200DT-13C,2024,COLOMBO,2
MOTOR CYCLE,LUYUAN,MS90,2024,HAMBANTOTA,1
MOTOR CYCLE,LUYUAN,S90 PLUS,2024,GALLE,2
MOTOR CYCLE,LUYUAN,MYT,2024,AMPARA,1
MOTOR CYCLE,LUYUAN,MNK3,2025,GALLE,38
MOTOR CYCLE,LUYUAN,MNK3,2025,COLOMBO,7
MOTOR CYCLE,DAYWANG(DW)SL,E-MOTOR CYCLE,2024,HAMBANTOTA,1
MOTOR CYCLE,NWOW,SE,2023,AMPARA,1
MOTOR CYCLE,LUYUAN,S90 PLUS,2025,AMPARA,7
MOTOR CYCLE,NWOW,SE,2025,PUTTALAM,34
MOTOR CYCLE,LUYUAN,MYT,2025,COLOMBO,4
MOTOR CYCLE,AIMA,MAVERICK,2025,KEGALLE,4
MOTOR CYCLE,LUYUAN,S90 PLUS,2025,MONERAGALA,8
MOTOR CYCLE,LUYUAN,MS70 Z23E,2025,HAMBANTOTA,33
MOTOR CYCLE,NWOW,V11,2024,PUTTALAM,2
MOTOR CYCLE,AIMA,BREEZY,2025,GALLE,43
CAR,WULING,AIR EV,2025,COLOMBO,1
MOTOR CYCLE,NWOW,WSP,2025,COLOMBO,24
CAR,WULING,BINGUO,2025,JAFFNA,1
MOTOR CYCLE,GAROW,DM-XM 75450,2025,COLOMBO,1
SPECIAL PURPOSE VEHICLE,LIUGONG,CPD20,2025,COLOMBO,1
MOTOR CYCLE,GAROW,FENGSHEN,2024,PUTTALAM,1
MOTOR CYCLE,LUYUAN,S90 PLUS,2025,TRINCOMALEE,1
THREE WHEELER,NWOW,ERVS4 PLUS,2024,GALLE,1
MOTOR CYCLE,KADIOUKUCHE,TDR 01 Z,2014,KURUNEGALA,1
CAR,TESLA,ZAA-SL1S2A MODELS,2014,GAMPAHA,1
MOTOR CYCLE,NWOW,TK 10,2022,KURUNEGALA,2
MOTOR CYCLE,NWOW,SE,2016,KURUNEGALA,1
MOTOR CYCLE,NWOW,SE,2018,KURUNEGALA,2
MOTOR CYCLE,NWOW,ARS,2019,KURUNEGALA,1
CAR,WULING,BINGUO,2025,BADULLA,2
MOTOR CYCLE,NWOW,ARS,2019,KALUTARA,1
MOTOR CYCLE,NWOW,SE,2023,KALUTARA,15
MOTOR CYCLE,LUYUAN,M-MHH-Z45LJ,2024,KALUTARA,2
MOTOR CYCLE,LUYUAN,S90 PLUS,2024,POLONNARUWA,1
MOTOR CYCLE,LUYUAN,S90 PLUS,2025,POLONNARUWA,12
MOTOR CYCLE,NWOW,TK 10,2025,NUWARA-ELIYA,1
MOTOR CYCLE,AIMA,ARIA,2025,KALUTARA,23
CAR,TESLA,ZAA-YLIYT MODELY,2023,KALUTARA,1
CAR,TESLA,MODEL 3 ELECTRIC,2024,KURUNEGALA,1
MOTOR CYCLE,NWOW,TK 10,2023,ANURADHAPURA,1
CAR,TESLA,MODEL Y RWD,2024,MATARA,1
MOTOR CYCLE,AIMA,MANA,2025,ANURADHAPURA,20
MOTOR CYCLE,LUYUAN,M-MHH-Z30LJ,2025,ANURADHAPURA,1
MOTOR CYCLE,EAGLE BRAND,GT BEAUTY,2017,GAMPAHA,1
MOTOR CYCLE,NWOW,ARS,2017,GAMPAHA,7
MOTOR CYCLE,NWOW,SE,2022,GAMPAHA,42
MOTOR CYCLE,NWOW,ARS,2022,GAMPAHA,12
MOTOR CYCLE,NWOW,ARS,2023,GAMPAHA,52
MOTOR CYCLE,NWOW,SE,2023,MATARA,4
MOTOR CYCLE,NWOW,CPX,2024,GAMPAHA,2
MOTOR CYCLE,LUYUAN,MNK3,2024,MATARA,3
MOTOR CYCLE,LUYUAN,MNK3,2025,MATARA,9
MOTOR CYCLE,LUYUAN,M-MHH-Z30LJ,2025,GAMPAHA,1
MOTOR CYCLE,LUYUAN,M-MHH-Z30LJ,2024,MATARA,1
MOTOR CYCLE,GAROW,SHIZHIZUO,2024,GAMPAHA,1
CAR,WULING,CLOUD EV,2025,PUTTALAM,3
MOTOR CYCLE,EAGLE BRAND,GWEM19RACER,2016,RATNAPURA,3
MOTOR CYCLE,EAGLE BRAND,GWEM19 RACER,2016,RATNAPURA,1
MOTOR CYCLE,NWOW,CS,2019,RATNAPURA,1
MOTOR CYCLE,EAGLE BRAND,GWEMOIPRETTY,2019,RATNAPURA,5
MOTOR CYCLE,AIMA,LIBERTY,2025,RATNAPURA,10
MOTOR CYCLE,NWOW,TK 10,2025,RATNAPURA,2
MOTOR CYCLE,LUYUAN,MYT,2025,RATNAPURA,1
MOTOR CYCLE,AIMA,ARIA,2025,KILINOCHCHI,1
THREE WHEELER,NWOW,ERVS4 PLUS,2024,MATALE,1
MOTOR CYCLE,AIMA,BREEZY,2025,JAFFNA,7
MOTOR CYCLE,AIMA,MANA,2025,MULLATIVU,1
SPECIAL PURPOSE VEHICLE,T.C.M,PB20-7,2010,COLOMBO,1
CAR,NISSAN,ZAA-ZEO,2011,COLOMBO,3
CAR,NISSAN,ZAA-ZE0,2012,GALLE,1
CAR,MITSUBISHI,ZAA-HA3W I-MIEV,2013,COLOMBO,6
CAR,MITSUBISHI,ZAA-IIA3W,2014,COLOMBO,1
CAR,NISSAN,ZAA-AZEO  LEAF,2014,KANDY,1
CAR,NISSAN,ZAA-AZEO  LEAF,2013,GALLE,3
CAR,NISSAN,ZAA-AZE0 LEAF,2014,KANDY,29
CAR,MITSUBISHI,ZAA-HA3W IMIEV,2012,COLOMBO,1
CAR,MITSUBISHI,ZAA-HA3W I MIVE,2013,GALLE,1
CAR,MITSUBISHI,ZAA-HA3W I-MIEV,2013,HAMBANTOTA,1
CAR,NISSAN,ZAA ZEO LEAF,2012,MATALE,1
CAR,NISSAN,ZAA- AZEO  LEAF,2012,COLOMBO,1
CAR,NISSAN,LEAF VISIA,2014,KANDY,2
CAR,NISSAN,LEAF VISIA,2013,COLOMBO,1
CAR,NISSAN,LEAF,2014,GALLE,2
CAR,NISSAN,ZEO  LEAF,2015,COLOMBO,1
CAR,NISSAN,ZAA-AZEOLEAF,2014,COLOMBO,1
DUAL PURPOSE (COMMERCIAL),MITSUBISHI,ZAB-U67V MNICAB,2012,COLOMBO,1
CAR,NISSAN,LEAF,2014,KANDY,2
CAR,NISSAN,ZAA-AZE0-LEAF,2012,GALLE,1
CAR,NISSAN,ZAA-AZE0  LEAF,2012,GALLE,1
CAR,NISSAN,ZAA ZEO LEAF,2013,COLOMBO,1
CAR,NISSAN,ZAA  ZEO LEAF,2012,COLOMBO,1
CAR,NISSAN,ZAA-LEAF ACENTA,2014,COLOMBO,1
CAR,NISSAN,LEAF ACENTA,2015,COLOMBO,32
DUAL PURPOSE (COMMERCIAL),NISSAN,E-NV200 COMBI,2015,COLOMBO,1
CAR,VOLKSWAGEN,ABEBA,2014,KANDY,1
DUAL PURPOSE (COMMERCIAL),MITSUBISHI,ZAB U67V MINICAB,2013,COLOMBO,1
CAR,MITSUBISHI,ZAA HA3W    I-MIEV,2012,COLOMBO,1
CAR,NISSAN,ZAA-AZEO LEAF,2015,GALLE,2
CAR,NISSAN,ZAA AZEO LEAF,2014,RATNAPURA,3
CAR,NISSAN,LEAP,2013,COLOMBO,1
CAR,NISSAN,LEAF ACENTA,2015,GALLE,2
DUAL PURPOSE (COMMERCIAL),MITSUBISHI,ZAB-U67V MIEV,2011,KANDY,1
CAR,MITSUBISHI,ZAA-HA3W MIEV,2012,COLOMBO,1
CAR,NISSAN,ZAA-AZEO LEAF,2015,JAFFNA,1
THREE WHEELER,QIANGSHENG,QS AO,2016,COLOMBO,1
MOTOR CYCLE,TERRA,ELECTRIC BIKE,2015,COLOMBO,1
CAR,NISSAN,ZAA- AZEO - LEAF,2016,COLOMBO,1
CAR,NISSAN,ZAA-AZEO-LEAF,2017,COLOMBO,2
CAR,NISSAN,TEKNA,2018,GALLE,1
DUAL PURPOSE (COMMERCIAL),MITSUBISHI,ZAB-U68V MINICAB MIE,2017,COLOMBO,1
CAR,NISSAN,ZAA-AZEO-LEAF,2015,COLOMBO,1
MOTOR CYCLE,TERRA,A4000I,2015,COLOMBO,3
DUAL PURPOSE (COMMERCIAL),NISSAN,E-NV200 COMBI,2015,KANDY,1
MOTOR CYCLE,CHINA,ERV S,2018,COLOMBO,1
CAR,NISSAN,LEAF TEKNA,2019,COLOMBO,2
CAR,NISSAN,ZAA-ZEO  LEAF,2012,COLOMBO,1
CAR,MITSUBISHI,ZAA-HA4W I-MIEV,2014,COLOMBO,1
CAR,VEGA,EVX,2019,COLOMBO,1
THREE WHEELER,VEGA,3W,2023,COLOMBO,7
MOTOR CYCLE,SUPER SOCO,CPX,2023,COLOMBO,7
MOTOR CYCLE,TERRA,A 4000 I,2015,KEGALLE,2
CAR,NISSAN,ZAA-FEO ARIYA,2023,COLOMBO,1
CAR,VOLKSWAGEN,ID4 LIFE PURE,2023,COLOMBO,1
CAR,VOLKSWAGEN,ZAA-E2EBJ-ID4-PRO,2023,COLOMBO,1
CAR,VOLKSWAGEN,ID4 LITE,2024,COLOMBO,3
CAR,NISSAN,LEAF E N CONNECTA,2023,KANDY,1
CAR,NISSAN,LEAF TEKNA,2023,COLOMBO,2
MOTOR CYCLE,SUPER SOCO,CPX,2024,KANDY,1
MOTOR CYCLE,SUPER SOCO,TS STREET HUNTER,2024,PUTTALAM,3
CAR,NISSAN,6AA-FE13 NOTE AURA,2023,COLOMBO,4
CAR,VOLKSWAGEN,ZAA-E2EBJ ID.4 PRO,2024,GALLE,1
MOTOR CYCLE,I - MOTOR,VAPOR,2024,COLOMBO,1
MOTOR CYCLE,SUPER SOCO,CUX PRO,2024,COLOMBO,1
CAR,GAC,AION V LUXURY,2025,RATNAPURA,2
CAR,VOLKSWAGEN,ZAA-E2EBJ ID.4 LITE,2024,KANDY,1
CAR,NISSAN,6AA-T33 X-TRAIL,2024,COLOMBO,1
CAR,NISSAN,ZAA-ZEO-LEAF,2012,GAMPAHA,2
CAR,NISSAN,LEAF VISIA,2013,GAMPAHA,2
DUAL PURPOSE (COMMERCIAL),NISSAN,E-NV200 ACENTA,2014,KURUNEGALA,1
CAR,NISSAN,ZAA-AZEO LEAF,2013,GAMPAHA,115
CAR,NISSAN,ZAA-ZE1 LEAF,2013,GAMPAHA,1
CAR,NISSAN,ZAA-AZE0 LEAF,2012,ANURADHAPURA,6
CAR,NISSAN,ZAA-ZE0 LEAF,2013,GAMPAHA,1
CAR,NISSAN,ZAA-ZEO LEAF ACENTA,2014,GAMPAHA,1
CAR,NISSAN,LEAF ACENTA,2013,GAMPAHA,1
DUAL PURPOSE (COMMERCIAL),MITSUBISHI,ZAB-U67V MINICAB,2011,KURUNEGALA,1
CAR,NISSAN,ZAA-AZE0 LEAF,2015,BADULLA,1
CAR,MITSUBISHI,ZAB-U67V,2011,GAMPAHA,1
CAR,NISSAN,LEAF,2017,GAMPAHA,1
DUAL PURPOSE (COMMERCIAL),MITSUBISHI,ZAB-U67V HLDDA,2011,KURUNEGALA,1
CAR,NISSAN,ZAA-ZEI  LEAF,2017,GAMPAHA,1
CAR,NISSAN,ZAA-ZE1  LEAF,2019,GAMPAHA,1
CAR,NISSAN,6AA-FE13 AURA,2023,BADULLA,1
CAR,NISSAN,6AA-FE13 NOTE AURA,2023,GAMPAHA,1
DUAL PURPOSE (COMMERCIAL),MITSUBISHI,ZAB-U67V MINICAB,2013,GAMPAHA,2
MOTOR CYCLE,CHINA,SE,2018,KALUTARA,1
MOTOR CYCLE,TERRA,A 4000 I,2015,KALUTARA,1
MOTOR CYCLE,DIMEN,D60,2025,POLONNARUWA,1
CAR,MITSUBISHI,ZAA-HA3W,2014,KALUTARA,1
CAR,NISSAN,ZAA-AZEO,2013,KALUTARA,1
CAR,NISSAN,ZAA-AZEOLEAF,2013,AMPARA,1
CAR,NISSAN,ZAA ZEO LEAF,2012,KALUTARA,3
CAR,NISSAN,ZAA AZEO  LEAF,2013,KURUNEGALA,1
CAR,NISSAN,LEAF ACENTA,2014,MATARA,3
CAR,NISSAN,ZAA-AZE0 LEAF,2012,MATARA,3
CAR,NISSAN,LEAF,2012,KALUTARA,2
CAR,NISSAN,LEAF,2015,KALUTARA,2
CAR,NISSAN,ZAA AZEO LEAF,2015,KEGALLE,1
CAR,NISSAN,ZAA- AZE0 - LEAF,2014,KURUNEGALA,1
MOTOR CYCLE,SUPER SOCO,TS STREET HUNTER,2023,MATALE,2
CAR,VOLKSWAGEN,ID.4,2024,KURUNEGALA,1
CAR,GAC,AION V LUXURY,2025,KURUNEGALA,3
CAR,GAC,AION Y,2025,KALUTARA,1
CAR,NISSAN,6AA-GFC28 SERENA,2024,MATARA,1
CAR,NISSAN,ZAA-ZEO,2012,PUTTALAM,4
SINGLE CAB,MITSUBISHI,ZAB- U68T- MINICAB,2013,GALLE,1
MOTOR CYCLE,SUPER SOCO,CUX PRO,2024,MATARA,1
MOTOR CYCLE,SUPER SOCO,TS STREET HUNTER,2025,RATNAPURA,2
SINGLE CAB,MITSUBISHI,ZAB-U68T MINICAB,2013,GAMPAHA,3
SINGLE CAB,MITSUBISHI,ZAB-U68T,2013,COLOMBO,1
CAR,SHIFENG,GDO4C 72V  D101,2013,COLOMBO,1
MOTOR CYCLE,AMUR LEOPARD,FIGHT EAGLE,2015,TRINCOMALEE,2
MOTOR CYCLE,AMUR LEOPARD,WYWANG PRINCES,2014,COLOMBO,1
MOTOR CYCLE,AMUR LEOPARD,WYWANG PRINCES,2013,COLOMBO,1
MOTOR CYCLE,AMUR LEOPARD,JUFENG  72 V,2015,AMPARA,3
MOTOR CYCLE,LUYUAN ALFA,HWW-HAS7250-D7,2017,COLOMBO,2
MOTOR CYCLE,LUYUAN ALFA,MN5-CAS7220-Z5,2017,PUTTALAM,1
MOTOR CYCLE,LUYUAN ALFA,MD-F57220-G1,2016,TRINCOMALEE,1
MOTOR CYCLE,AMUR LEOPARD,WUYANG PRINCESS,2015,KEGALLE,1
MOTOR CYCLE,AMUR LEOPARD,JUFENG  72 V,2015,VAVUNIYA,1
CAR,HYUNDAI,1ONIQ,2019,COLOMBO,1
MOTOR CYCLE,AMUR LEOPARD,WYWANG PRINCES,2015,VAVUNIYA,1
CAR,HYUNDAI,KONA -EV,2020,COLOMBO,2
CAR,HYUNDAI,KONA-EV,2020,COLOMBO,1
CAR,HYUNDAI,IONIQ-EV,2020,COLOMBO,1
CAR,HYUNDAI,IONIQ EV,2020,COLOMBO,2
MOTOR CYCLE,SINSKI,TDR131Z,2015,COLOMBO,1
MOTOR CYCLE,SINSKI,TDR93Z,2015,COLOMBO,1
MOTOR CYCLE,DECO,E BIKE,2023,COLOMBO,2
MOTOR CYCLE,LUYUAN ALFA,MKK-Z23E-12-C,2024,COLOMBO,10
MOTOR CYCLE,LENCAR,ERC80,2023,GALLE,5
MOTOR CYCLE,MM,CRUISER  V.1,2024,COLOMBO,2
MOTOR CYCLE,LUYUAN ALFA,MKK-Z23E-12-C,2025,PUTTALAM,3
CAR,KIA,EV5-EARTH LONG RANGE,2024,COLOMBO,1
MOTOR CYCLE,LENCAR,ERC80,2025,KANDY,1
CAR,SHIFENG,GDO4C,2013,GAMPAHA,1
CAR,HYUNDAI,KONA EV,2020,GAMPAHA,1
MOTOR CYCLE,LUYUAN ALFA,MKK-Z23E-12-C,2024,KURUNEGALA,1
MOTOR CYCLE,BNC,PERFETTO,2025,KURUNEGALA,1
MOTOR CYCLE,MM,CRUISER  V.1,2024,KURUNEGALA,1
MOTOR CYCLE,LUYUAN ALFA,M-MNK2-725,2020,KALUTARA,1
MOTOR CYCLE,SINSKI,TDR131Z,2015,KALUTARA,1
MOTOR CYCLE,LUYUAN ALFA,MT-FS8020-G1,2016,KALUTARA,1
MOTOR CYCLE,LUYUAN ALFA,MKK-Z23E-12-C,2025,KALUTARA,3
MOTOR CYCLE,LENCAR,ERC80,2025,POLONNARUWA,2
MOTOR CYCLE,LUYUAN ALFA,MKK-Z23E-12-C,2025,BADULLA,2
MOTOR CYCLE,LUYUAN ALFA,M1,2025,KALUTARA,1
MOTOR CYCLE,AMUR LEOPARD,FIGHT EAGLE,2015,ANURADHAPURA,1
MOTOR CYCLE,LUYUAN ALFA,MKK-Z23E-12-C,2024,ANURADHAPURA,33
MOTOR CYCLE,POWER STAR,PSTR 206,2005,GAMPAHA,2
MOTOR CYCLE,AMUR LEOPARD,ZUMA,2013,GAMPAHA,1
MOTOR CYCLE,SINSKI,TDR 07Z,2014,GAMPAHA,1
MOTOR CYCLE,AMUR LEOPARD,THUNDER  KING,2015,BATTICALOA,1
MOTOR CYCLE,AMUR LEOPARD,LITTLETURTLEKING 60V,2015,GAMPAHA,1
MOTOR CYCLE,LUYUAN ALFA,MN5-CAS7220-Z5,2017,GAMPAHA,2
MOTOR CYCLE,SINSKI,TDR137 Z,2017,GAMPAHA,1
MOTOR CYCLE,SINSKI,TDR07Z,2014,GAMPAHA,1
MOTOR CYCLE,CN,SE,2017,GAMPAHA,1
MOTOR CYCLE,SINSKI,SPORT,2017,GAMPAHA,1
MOTOR CYCLE,LENCAR,ERC80,2023,GAMPAHA,13
MOTOR CYCLE,LUYUAN ALFA,MKK-Z23E-12-C,2024,GAMPAHA,6
MOTOR CYCLE,LUYUAN ALFA,MKK-Z23E-12-C,2025,MATARA,2
MOTOR CYCLE,AMUR LEOPARD,GOLDENTYRANT,2013,MANNAR,1
MOTOR CYCLE,DECO,EBIKE,2023,RATNAPURA,1
MOTOR CYCLE,POWER STAR,PSTR-208,2008,JAFFNA,1
MOTOR CYCLE,AMUR LEOPARD,THUNDER  KING,2018,JAFFNA,1
MOTOR CYCLE,ALBA,BATTLE,2017,JAFFNA,1
MOTOR CYCLE,GUOWEI EAGLE,GWEM01PRETTY,2018,HAMBANTOTA,3
MOTOR CYCLE,OKAYA,FREEDUM,2023,HAMBANTOTA,3
MOTOR CYCLE,OKAYA,FAAST F2,2022,GALLE,1
CAR,PEUGEOT,E 2008 GT,2024,COLOMBO,2
MOTOR CYCLE,LUOHAOLIN,TDT025Z,2022,COLOMBO,1
MOTOR CYCLE,LEAP,KEREN,2017,KURUNEGALA,1
MOTOR CYCLE,EM78,JIANGSU XINRI,2017,KALUTARA,1
MOTOR CYCLE,OKAYA,FREEDUM,2022,KALUTARA,2
MOTOR CYCLE,RIKODA,YSY,2022,KALUTARA,2
CAR,PEUGEOT,E 2008 GT,2024,KALUTARA,1
MOTOR CYCLE,GALLANT,ZX HYBRID,2018,GAMPAHA,1
MOTOR CYCLE,GALLANT,CITYWALKER,2019,GAMPAHA,2
MOTOR CYCLE,GALLANT,CITY WALKER,2019,GAMPAHA,4
MOTOR CYCLE,OKAYA,FAAST F2T,2022,GAMPAHA,3
MOTOR CYCLE,OKAYA,FREEDUM,2023,MATARA,2
MOTOR CYCLE,OKAYA,FREEDUM,2023,BATTICALOA,8
MOTOR CYCLE,OKAYA,FAAST F2,2022,GAMPAHA,1
MOTOR CYCLE,OKAYA,FAAST F4,2022,GAMPAHA,1
MOTOR CYCLE,OKAYA,FREEDUM,2023,MULLATIVU,1
MOTOR CYCLE,LONCIN,LX 48-Q,2006,COLOMBO,1
MOTOR CYCLE,AKJ,R1,2016,COLOMBO,1
MOTOR CYCLE,Q8,TDW11442MZ,2016,COLOMBO,1
SPECIAL PURPOSE VEHICLE,AOLITE,922  WEEL LOADER,2017,COLOMBO,1
MOTOR CYCLE,ZED,BETA ZES,2018,COLOMBO,2
CAR,MAHINDRA,E20-TECHX,2017,COLOMBO,1
MOTOR CYCLE,ELECTRA,TIFFANYL2,2017,COLOMBO,1
CAR,FORD,MUSTANG MACH-E STD,2023,COLOMBO,2
MOTOR CYCLE,TVS,IQUBE,2024,KEGALLE,5
MOTOR CYCLE,TVS,IQUBE,2025,MONERAGALA,7
MOTOR CYCLE,ELECTRA,LIEBAO,2017,POLONNARUWA,1
MOTOR CYCLE,TVS,IQUBE,2025,NUWARA-ELIYA,1
CAR,MAHINDRA,E 20 SPORT,2016,KALUTARA,1
MOTOR CYCLE,ELECTRA,LIEBAO,2017,GAMPAHA,1
MOTOR CYCLE,TVS,IQUBE,2025,MATARA,45
MOTOR CYCLE,TVS,IQUBE,2025,RATNAPURA,37
THREE WHEELER,MAHINDRA,TREO,2025,BATTICALOA,2
MOTOR CYCLE,ALFA,AH-XSHG,2012,COLOMBO,1
THREE WHEELER,OZONE,CHAPPIE,2017,COLOMBO,1
MOTOR CYCLE,ALFA,XY III METRO,2018,KANDY,2
MOTOR CYCLE,ALFA,SPARK,2018,COLOMBO,1
MOTOR CYCLE,ALFA,DPX,2018,KANDY,1
CAR,PORSCHE,TAYCAN 4S 93KWH,2023,COLOMBO,2
MOTOR CYCLE,ALFA,ALFA M7,2017,COLOMBO,1
MOTOR CYCLE,HUAIHAI,HUAIHAI,2023,GALLE,1
MOTOR CYCLE,HOMAYE,HOMAYE,2017,KEGALLE,2
THREE WHEELER,ELEKTRATEQ,ETX,2024,JAFFNA,2
THREE WHEELER,ELEKTRATEQ,ETX,2024,KANDY,1
MOTOR CYCLE,HUAIHAI,HUAIHAI,2024,HAMBANTOTA,2
CAR,CHANGAN,LUMIN,2025,COLOMBO,8
THREE WHEELER,ELEKTRATEQ,ETX,2025,KALUTARA,1
MOTOR CYCLE,EMAX,EH-1,2025,COLOMBO,1
MOTOR CYCLE,LADEAEV,E-BIKE A024,2024,KANDY,1
MOTOR CYCLE,ALFA,XY III METRO,2017,KURUNEGALA,4
CAR,TATA,CURVV EV,2025,GAMPAHA,2
THREE WHEELER,ELEKTRATEQ,ETX,2025,GAMPAHA,12
MOTOR CYCLE,ALFA,XCL70-11,2010,NUWARA-ELIYA,1
MOTOR CYCLE,RAPTOR,MAX,2022,POLONNARUWA,8
CAR,MERCEDES,BENZ E-300,2015,KEGALLE,1
MOTOR CYCLE,LVYUAN,M-MNK2,2020,MANNAR,1
MOTOR CYCLE,HUAIHAI,HUAIHAI,2024,RATNAPURA,2
MOTOR CYCLE,VECTRIX,VECTRIX VXI,2010,PUTTALAM,1
MOTOR CYCLE,YADEA,YDET-66,2016,KANDY,1
MOTOR CYCLE,YADEA,YD-GM010,2018,MONERAGALA,1
MOTOR CYCLE,YADEA,YD EM163,2018,KANDY,1
MOTOR CYCLE,YADEA,YD EM 163,2018,KANDY,4
MOTOR CYCLE,YADEA,YDEM163,2018,KANDY,1
MOTOR CYCLE,YADEA,YD-EM151,2017,COLOMBO,4
MOTOR CYCLE,YADEA,T9,2023,KEGALLE,6
MOTOR CYCLE,NEO,AVATAR,2023,MONERAGALA,24
MOTOR CYCLE,GDI,X-GOD,2023,PUTTALAM,1
MOTOR CYCLE,YADEA,T5,2023,COLOMBO,19
CAR,MG,MG4 MODEL X,2024,COLOMBO,2
MOTOR CYCLE,YADEA,RUIBIN,2024,COLOMBO,68
MOTOR CYCLE,YADEA,T 9,2024,COLOMBO,103
CAR,MG,MG4 ELECTRIC X,2024,COLOMBO,9
MOTOR CYCLE,YADEA,M6,2023,MONERAGALA,1
MOTOR CYCLE,YADEA,E8S PRO,2024,GALLE,46
MOTOR CYCLE,YADEA,RUIBIN,2024,TRINCOMALEE,21
MOTOR CYCLE,YADEA,M6,2023,TRINCOMALEE,1
MOTOR CYCLE,YADEA,EZEEGO,2023,MONERAGALA,1
MOTOR CYCLE,YADEA,M6,2024,KANDY,6
MOTOR CYCLE,QUANLE,ZL,2024,COLOMBO,5
MOTOR CYCLE,YADEA,T5,2024,VAVUNIYA,30
CAR,MG,MG4 ELECTRIC,2024,COLOMBO,3
MOTOR CYCLE,QUANLE,ZS,2024,KEGALLE,1
MOTOR CYCLE,QUANLE,Q1,2024,AMPARA,8
MOTOR CYCLE,VMOTO,CITI,2024,VAVUNIYA,2
MOTOR CYCLE,VMOTO,CPX,2024,KANDY,1
MOTOR CYCLE,QUANLE,ZL,2025,KANDY,1
MOTOR CYCLE,YADEA,M6,2025,PUTTALAM,9
MOTOR CYCLE,QUANLE,N9 (NINEBOT),2025,HAMBANTOTA,13
MOTOR CYCLE,TMR QUANLE,ZS,2024,HAMBANTOTA,2
MOTOR CYCLE,TMR QUANLE,G18,2025,PUTTALAM,14
MOTOR CYCLE,TMR QUANLE,ZS,2025,AMPARA,13
MOTOR CYCLE,YADEA,M6,2025,KEGALLE,4
MOTOR CYCLE,TMR QUANLE,XGW,2025,PUTTALAM,19
MOTOR CYCLE,TMR QUANLE,Q1,2025,COLOMBO,1
CAR,MG4,MG 4 ICON X,2024,COLOMBO,1
MOTOR CYCLE,YADEA,M6,2025,VAVUNIYA,1
MOTOR CYCLE,YADEA,YD1200DT-91B,2025,COLOMBO,1
MOTOR CYCLE,VMOTO,CITI,2025,VAVUNIYA,1
MOTOR CYCLE,YADEA,T5 L,2025,GALLE,46
MOTOR CYCLE,YADEA,T5 L,2025,MONERAGALA,15
MOTOR CYCLE,YADEA,COOLJOY,2025,MONERAGALA,15
MOTOR CYCLE,YADEA,COOLJOY,2025,TRINCOMALEE,2
MOTOR CYCLE,YADEA,YD EM 163,2018,KURUNEGALA,2
MOTOR CYCLE,QUANLE,XGW,2024,KURUNEGALA,15
CAR,MG,MG4 X ELECTRIC,2024,GAMPAHA,3
CAR,MG,MG4 ELECTRIC,2024,GAMPAHA,3
MOTOR CYCLE,TMR QUANLE,ZL,2025,KURUNEGALA,46
CAR,MG4,MG4 V ELECTRIC,2024,GAMPAHA,1
MOTOR CYCLE,TMR QUANLE,XGW,2025,KURUNEGALA,77
MOTOR CYCLE,YADEA,YD-EM17,2016,BADULLA,1
MOTOR CYCLE,YADEA,YD EM 17,2017,POLONNARUWA,3
MOTOR CYCLE,YADEA,YD-X5,2018,KALUTARA,3
MOTOR CYCLE,YADEA,YD-GM010,2019,KALUTARA,9
MOTOR CYCLE,YADEA,YD-EM163,2018,POLONNARUWA,3
MOTOR CYCLE,NEO,AVATAR,2022,BADULLA,4
MOTOR CYCLE,NEO,AVATAR,2022,POLONNARUWA,8
MOTOR CYCLE,NEO,AVATAR,2023,POLONNARUWA,23
MOTOR CYCLE,YADEA,E8S PRO,2023,NUWARA-ELIYA,2
MOTOR CYCLE,VMOTO,VS2,2023,KALUTARA,7
MOTOR CYCLE,YADEA,M6,2023,KALUTARA,2
MOTOR CYCLE,YADEA,T 9,2024,POLONNARUWA,70
MOTOR CYCLE,YADEA,M6,2024,KALUTARA,23
MOTOR CYCLE,YADEA,RUIBIN,2025,NUWARA-ELIYA,4
MOTOR CYCLE,TMR QUANLE,ZS,2025,BADULLA,1
MOTOR CYCLE,YADEA,COOLJOY,2025,POLONNARUWA,7
CAR,MG,MG4 ELECTRIC X,2024,AMPARA,1
MOTOR CYCLE,YADEA,T5 L,2025,ANURADHAPURA,29
MOTOR CYCLE,YADEA,YD-EM17,2017,BATTICALOA,3
MOTOR CYCLE,YADEA,YD-GM010,2019,MATARA,2
MOTOR CYCLE,YADEA,YD-EM66,2015,BATTICALOA,1
MOTOR CYCLE,NEO,AVATAR,2022,GAMPAHA,15
MOTOR CYCLE,YADEA,T9,2023,BATTICALOA,1
MOTOR CYCLE,VMOTO,VS2,2022,GAMPAHA,4
MOTOR CYCLE,YADEA,M6,2024,GAMPAHA,33
MOTOR CYCLE,YADEA,RUIBIN,2024,BATTICALOA,8
MOTOR CYCLE,QUANLE,ZS,2024,GAMPAHA,44
MOTOR CYCLE,VMOTO,CITI,2024,GAMPAHA,12
MOTOR CYCLE,YADEA,RUIBIN,2025,GAMPAHA,120
MOTOR CYCLE,YADEA,T 9,2025,MATARA,93
MOTOR CYCLE,TMR QUANLE,G18,2025,MATARA,3
MOTOR CYCLE,YADEA,YD400W-48,2025,GAMPAHA,2
MOTOR CYCLE,YADEA,T5 L,2025,MATARA,30
MOTOR CYCLE,YADEA,YD-GM010,2019,KILINOCHCHI,2
MOTOR CYCLE,NEO,AVATAR,2022,RATNAPURA,5
MOTOR CYCLE,YADEA,E8S PRO,2023,RATNAPURA,27
MOTOR CYCLE,YADEA,T5,2023,KILINOCHCHI,1
MOTOR CYCLE,YADEA,T5,2024,RATNAPURA,138
MOTOR CYCLE,YADEA,E8S PRO,2024,RATNAPURA,26
MOTOR CYCLE,QUANLE,ZS,2024,RATNAPURA,5
MOTOR CYCLE,YADEA,T5,2025,RATNAPURA,204
MOTOR CYCLE,YADEA,M6,2025,KILINOCHCHI,3
MOTOR CYCLE,YADEA,M6,2024,JAFFNA,6
MOTOR CYCLE,YADEA,EPOC H,2024,JAFFNA,2
MOTOR CYCLE,YADEA,E8S PRO,2024,MULLATIVU,1
MOTOR CYCLE,YADEA,M6,2025,JAFFNA,6
MOTOR CYCLE,ENOW,RAIDER,2013,GALLE,1
MOTOR CYCLE,SOLID,SPORTY,2016,PUTTALAM,2
MOTOR CYCLE,SOLID,FCZJ (E-RIDER),2018,GALLE,1
MOTOR CYCLE,SOLID,CLASSIC,2017,GALLE,1
MOTOR CYCLE,JIN YANG GUANG,GESUN,2018,HAMBANTOTA,1
MOTOR CYCLE,SLING,ELECTRIC SCOOTER,2022,COLOMBO,22
MOTOR CYCLE,SLING,ELECRTIC SCOOTER,2022,COLOMBO,1
MOTOR CYCLE,SLING,ELECTRIC SCOOTER,2022,KANDY,1
MOTOR CYCLE,SOLID,LEO,2022,AMPARA,1
MOTOR CYCLE,SOLID,LEO,2022,PUTTALAM,5
CAR,SAIC,MG4 ELECTRIC ICON X,2023,GALLE,1
CAR,SAIC,MG 4,2023,GALLE,1
MOTOR CYCLE,SOLID,ROBOT,2024,GALLE,1
CAR,BYD,SEAL ELECTRIC,2024,RATNAPURA,1
CAR,BYD,SEAL-COMFORT,2025,KANDY,20
CAR,BYD,M6 SUPERIOR,2025,COLOMBO,38
CAR,BYD,DOLPHIN-DYNAMIC 70,2025,HAMBANTOTA,2
MOTOR CYCLE,SOLID,G6,2025,GALLE,12
MOTOR CYCLE,SOLID,G6,2025,COLOMBO,3
MOTOR CYCLE,SOLID,ROBOT,2025,COLOMBO,5
CAR,BYD,DOLPHIN-DYNAMIC 49,2025,COLOMBO,1
CAR,LING BOX,BOX R,2025,COLOMBO,1
MOTOR CYCLE,SOLID,REO,2016,KURUNEGALA,6
MOTOR CYCLE,SOLID,LEO,2022,KURUNEGALA,3
CAR,BYD,ATTO 3,2023,GAMPAHA,1
MOTOR CYCLE,SOLID,ROBOT,2024,KURUNEGALA,2
CAR,BYD,SEAL,2024,GAMPAHA,2
MOTOR CYCLE,SOLID,S9,2025,KURUNEGALA,6
CAR,BYD,ATTO 1 PREMIUM,2025,GAMPAHA,7
CAR,BYD,ATTO 1 DYNAMIC,2025,GAMPAHA,40
CAR,BYD,ATTO 2 PRIMIUM,2025,BADULLA,1
CAR,BYD,ATTO 1 DYNAMIC,2025,ANURADHAPURA,1
MOTOR CYCLE,SOLID,CHALLENGER,2018,BADULLA,1
MOTOR CYCLE,ENOW,RAIDER-MASTER,2016,KALUTARA,1
MOTOR CYCLE,HONDA,DIO SCV110,2020,ANURADHAPURA,1
MOTOR CYCLE,SOLID,CLASSIC,2016,ANURADHAPURA,1
CAR,SAIC,MG5,2023,MATARA,1
MOTOR CYCLE,SOLID,LEO,2024,ANURADHAPURA,3
CAR,BYD,BYD SEAL DYNAMIC,2024,MATARA,1
CAR,BYD,ATTO-3-SUPERIOR,2025,KALUTARA,66
CAR,BYD,DOLPHIN-DYNAMIC 70,2025,KALUTARA,17
CAR,BYD,ATTO3-ADVANCED,2025,MATARA,43
CAR,BYD,ATTO-3-SUPERIOR,2025,KURUNEGALA,38
MOTOR CYCLE,ENOW,RAIDER,2014,GAMPAHA,2
MOTOR CYCLE,SOLID,ROYAL,2017,MATARA,1
MOTOR CYCLE,SOLID,FCZJ (E-RIDER),2010,GAMPAHA,1
MOTOR CYCLE,SOLID,E-RIDER,2018,GAMPAHA,2
MOTOR CYCLE,HAWKS,HAWK,2017,GAMPAHA,2
MOTOR CYCLE,SOLID,CHALLENGER,2019,GAMPAHA,1
CAR,BYD,ATTO 1 PREMIUM,2025,PUTTALAM,2
CAR,BYD,ATTO 1 DYNAMIC,2025,PUTTALAM,1
CAR,BYD,ATTO 2 PRIMIUM,2025,PUTTALAM,1
MOTOR CYCLE,SOLID,ROYAL,2017,RATNAPURA,1
CAR,BYD,M6 STANDARD,2025,POLONNARUWA,1
MOTOR CYCLE,SOLID,LEO,2024,JAFFNA,1
MOTOR CYCLE,SOLID,G6,2024,JAFFNA,1
MOTOR CYCLE,LUYUAN ALFAXL,HD-724SP,2009,COLOMBO,1
MOTOR CYCLE,LUYUAN ALFAXL,HWY2-9TS7250-GI,2014,COLOMBO,9
MOTOR CYCLE,LUYUAN ALFAXL,MT-FS8020-GI,2016,PUTTALAM,2
MOTOR CYCLE,LUYUAN ALFAXL,MTA-FS8020-G,2016,COLOMBO,5
MOTOR CYCLE,LUYUAN ALFAXL,MD-DS7220-GI,2016,HAMBANTOTA,1
MOTOR CYCLE,ZONGSHEN,TDT105Z,2018,COLOMBO,3
MOTOR CYCLE,OYFLY,TDM-LTW,2023,KEGALLE,1
MOTOR CYCLE,RISE,LEADER MAX,2023,KANDY,1
MOTOR CYCLE,RISE,LEADER,2024,COLOMBO,57
MOTOR CYCLE,DASTOL,DW28,2024,COLOMBO,2
MOTOR CYCLE,RISE,LEADER PLUS,2025,KEGALLE,2
MOTOR CYCLE,OYFLY,TDM-LTW,2025,MONERAGALA,1
CAR,DAIHATSU,5AA-A202S ROCKY,2024,COLOMBO,4
MOTOR CYCLE,RISE,LEADER V 2.0,2025,AMPARA,2
MOTOR CYCLE,RISE,LEADER PLUS,2025,VAVUNIYA,3
MOTOR CYCLE,DASTOL,DW-28,2025,COLOMBO,1
MOTOR CYCLE,SUNRA,K3,2025,AMPARA,3
CAR,DAIHATSU,5AA-A2002S ROCKY,2025,KANDY,1
MOTOR CYCLE,LUYUAN ALFAXL,MT-FS8020-GI,2016,KURUNEGALA,1
CAR,DAIHATSU,5AA-A202S ROCKY,2024,GAMPAHA,4
MOTOR CYCLE,LUYUAN ALFAXL,MK-B4820-Z1,2014,KALUTARA,1
MOTOR CYCLE,LUYUAN ALFAXL,MT-FS8020-GI,2015,KALUTARA,2
MOTOR CYCLE,RISE,LEADER,2022,NUWARA-ELIYA,1
MOTOR CYCLE,RISE,LEADER R80,2025,KALUTARA,8
MOTOR CYCLE,RISE,LEADER R80 V2.0,2025,NUWARA-ELIYA,1
MOTOR CYCLE,RISE,LEADER R 100,2025,MATALE,6
CAR,DAIHATSU,5AA-A202S ROCKY,2023,KALUTARA,2
MOTOR CYCLE,LUYUAN ALFAXL,MK-B4820-Z1,2014,GAMPAHA,1
MOTOR CYCLE,DASTOL,DW-28,2024,GAMPAHA,3
MOTOR CYCLE,OYFLY,TDN119,2024,GAMPAHA,1
MOTOR CYCLE,LUYUAN ALFAXL,MD-DS7220-GI,2016,RATNAPURA,1
MOTOR CYCLE,ZONGSHEN,TDT105Z,2018,RATNAPURA,1
MOTOR CYCLE,RISE,LEADER R80 V2.0,2025,KILINOCHCHI,6
MOTOR CYCLE,LUYUAN ALFAXL,MT-FS8020-GI,2017,JAFFNA,1
MOTOR CYCLE,RISE,LEADER R80 V2.0,2025,MULLATIVU,7
CAR,B.M.W.,I 3,2015,COLOMBO,9
CAR,B.M.W.,I 3,2013,COLOMBO,3
CAR,B.M.W.,ZAA-1Z00 I3,2014,COLOMBO,2
MOTOR CYCLE,YAMAHA,FASCINO,2016,GALLE,1
MOTOR CYCLE,YAMAHA,FASCINO,2017,COLOMBO,1
CAR,B.M.W.,I 3,2014,COLOMBO,1
CAR,B.M.W.,I7 XDRIVE 60M SPORT,2023,RATNAPURA,1
MOTOR CYCLE,MILAN TURTLE,DEYZD,2023,COLOMBO,1
MOTOR CYCLE,LIMA,ELO-07,2024,COLOMBO,24
MOTOR CYCLE,LIMA,JV 1.5G,2024,HAMBANTOTA,5
CAR,B.M.W.,I 7X DRIVE 60M SPORT,2023,COLOMBO,1
MOTOR CYCLE,LIMA,EL07,2025,KANDY,44
CAR,DONGFENG,BOX E3,2025,COLOMBO,45
MOTOR CYCLE,ATHER,450X,2024,AMPARA,5
MOTOR CYCLE,LIMA,EL07,2025,KEGALLE,7
MOTOR CYCLE,LIMA,EL07,2025,MONERAGALA,14
MOTOR CYCLE,MILG,JY 1500,2023,HAMBANTOTA,1
MOTOR CYCLE,MILG,XZ 1500,2023,HAMBANTOTA,1
MOTOR CYCLE,LIMA,LM1500DT-22,2024,COLOMBO,1
MOTOR CYCLE,LIMA,EL07,2025,VAVUNIYA,1
CAR,BAW,E7,2025,VAVUNIYA,1
CAR,B.M.W.,I3,2014,GAMPAHA,1
CAR,DONGFENG,BOX E3,2025,GAMPAHA,15
MOTOR CYCLE,ZUB,JINGYING,2018,MATALE,1
CAR,DONGFENG,BOX E3,2025,KURUNEGALA,1
MOTOR CYCLE,S-MAX,SYD-HJ,2017,GAMPAHA,1
MOTOR CYCLE,LE,DINA U ENJOY-B1- A,2022,GAMPAHA,3
MOTOR CYCLE,LE,LUCAS FASTEST B23-A,2022,GAMPAHA,9
MOTOR CYCLE,LIMA,JV 1.5G,2024,MATARA,1
MOTOR CYCLE,LIMA,ELO-07,2024,BATTICALOA,9
MOTOR CYCLE,WUXI,MC-WM12,2025,MATARA,1
MOTOR CYCLE,LIMA,ELO-07,2024,KILINOCHCHI,2
MOTOR CYCLE,LIMA,EL07,2025,RATNAPURA,11
MOTOR CYCLE,ATHER,450X,2025,MULLATIVU,6
MOTOR CYCLE,LIMA,EL07,2025,MULLATIVU,4
CAR,TESLA,MODEL S,2015,KANDY,1
MOTOR CYCLE,EAGLE BRAND,GWEM01PRETTY,2016,HAMBANTOTA,1
MOTOR CYCLE,EAGLE BRAND,GWEM19RACER,2016,MONERAGALA,3
CAR,TESLA,MODELS,2016,COLOMBO,1
MOTOR CYCLE,GK,STAR TREK,2018,KANDY,1
MOTOR CYCLE,AIMA,DALISHEN,2017,COLOMBO,1
MOTOR CYCLE,NWOW,TK10,2022,COLOMBO,2
CAR,TESLA,ZAA-YL1YT,2023,COLOMBO,2
MOTOR CYCLE,NWOW,WSP,2023,GALLE,2
MOTOR CYCLE,NWOW,SE,2014,COLOMBO,1
MOTOR CYCLE,OPAI,OPY-EM-005,2024,COLOMBO,1
CAR,TESLA,ZAA-YL1YT MODEL Y,2024,GALLE,1
MOTOR CYCLE,OPAI,YW-06,2024,MONERAGALA,9
MOTOR CYCLE,OPAI,OPY-EM-005,2024,AMPARA,1
CAR,TESLA,MODELY RWD,2024,COLOMBO,1
CAR,TESLA,MODEL-03,2024,COLOMBO,1
MOTOR CYCLE,LUYUAN,M-MHH-Z30LJ,2024,HAMBANTOTA,16
MOTOR CYCLE,OPAI,OPY-EM-005,2024,PUTTALAM,1
CAR,TESLA,MODEL-Y,2024,COLOMBO,1
MOTOR CYCLE,DAYWANG(DW)SL,E-MOTOR CYCLE,2024,MONERAGALA,2
CAR,TESLA,ZAA-YLIYT MODEL J,2024,KANDY,1
MOTOR CYCLE,DAYWANG(DW)SL,E-MOTOR CYCLE,2025,AMPARA,1
MOTOR CYCLE,NWOW,SE,2025,COLOMBO,121
MOTOR CYCLE,NWOW,V11,2024,GALLE,4
MOTOR CYCLE,NWOW,ARS,2015,GALLE,1
THREE WHEELER,NWOW,ERVS4 PLUS,2025,KALUTARA,2
MOTOR CYCLE,NWOW,TK 10,2024,GALLE,2
MOTOR CYCLE,LUYUAN,M-MHH-Z30LJ,2025,GALLE,9
MOTOR CYCLE,AIMA,ARIA,2025,MONERAGALA,16
MOTOR CYCLE,LUYUAN,MYT,2025,MONERAGALA,13
MOTOR CYCLE,ZHONGAI,ZA-XY-02,2025,GALLE,1
MOTOR CYCLE,AIMA,BREEZY,2025,VAVUNIYA,1
MOTOR CYCLE,NWOW,GB2,2023,KURUNEGALA,1
MOTOR CYCLE,NWOW,SE,2025,KURUNEGALA,3
CAR,WULING,CLOUD EV,2025,BADULLA,1
MOTOR CYCLE,NWOW,TK10,2022,BADULLA,1
MOTOR CYCLE,NWOW,SE,2024,BADULLA,3
MOTOR CYCLE,OPAI,YW-06,2024,BADULLA,6
MOTOR CYCLE,WUYANG,WY1000DT-21B,2024,KALUTARA,1
MOTOR CYCLE,LUYUAN,MYT,2025,POLONNARUWA,55
MOTOR CYCLE,NWOW,ARS,2017,KALUTARA,1
MOTOR CYCLE,AIMA,BREEZY,2025,BADULLA,13
MOTOR CYCLE,GK,SHIELD,2018,KALUTARA,1
MOTOR CYCLE,LUYUAN,MYT,2025,ANURADHAPURA,31
MOTOR CYCLE,LUYUAN,MNK3,2025,MATALE,9
MOTOR CYCLE,LUYUAN,S90 PLUS,2025,MATALE,1
MOTOR CYCLE,AIMA,ARIA,2025,ANURADHAPURA,21
MOTOR CYCLE,NWOW,SUPER LIGHTING,2017,GAMPAHA,1
MOTOR CYCLE,AIMA,BATTLE,2017,GAMPAHA,1
MOTOR CYCLE,NWOW,AR5,2017,GAMPAHA,1
MOTOR CYCLE,NWOW,TK,,GAMPAHA,1
MOTOR CYCLE,NWOW,ERV,2021,GAMPAHA,3
MOTOR CYCLE,NWOW,ARS,2024,GAMPAHA,7
MOTOR CYCLE,NWOW,SE,2024,GAMPAHA,119
MOTOR CYCLE,NWOW,SE,2024,MATARA,6
CAR,WULING,BINGUO,2025,PUTTALAM,3
MOTOR CYCLE,LUYUAN,M-MHH-Z30LJ,2025,MATARA,1
MOTOR CYCLE,EAGLE BRAND,GWEM01PETTY,2016,RATNAPURA,1
MOTOR CYCLE,NWOW,ERV,2022,RATNAPURA,1
MOTOR CYCLE,EAGLE BRAND,GWEMOIPRETTY,2018,RATNAPURA,1
MOTOR CYCLE,AIMA,MANA,2025,KILINOCHCHI,2
MOTOR CYCLE,AIMA,BREEZY,2025,MANNAR,2
MOTOR CYCLE,NWOW,V11,2024,JAFFNA,2
MOTOR CYCLE,AIMA,LIBERTY,2025,MULLATIVU,6
MOTOR CYCLE,AIMA,ARIA,2025,MULLATIVU,2
SINGLE CAB,LINXYS,G050P-EV PICKUP,2025,COLOMBO,1
CAR,NISSAN,ZAA-ZEO,2012,RATNAPURA,3
CAR,NISSAN,ZAA-AZEO LEAF,2012,COLOMBO,84
CAR,NISSAN,ZAA-ZEO-LEAF,2012,GALLE,1
CAR,NISSAN,ZAA-AZE0,2012,COLOMBO,1
CAR,NISSAN,ZAA-AZEO,2013,KANDY,5
CAR,NISSAN,LEAF ACENTA,2014,KANDY,5
DUAL PURPOSE (COMMERCIAL),MITSUBISHI,ZAB-U67V MINICAB,2011,COLOMBO,4
CAR,NISSAN,ZAA-ZE0 LEAF,2012,HAMBANTOTA,2
CAR,NISSAN,ZAA-ZE0 LEAF,2012,RATNAPURA,4
CAR,NISSAN,ZAA-AZEO  LEAF,2012,KANDY,1
CAR,MITSUBISHI,ZAA-HA3W IMIEV,2013,COLOMBO,1
CAR,NISSAN,ZAA-AZEOLEAF,2013,KANDY,1
CAR,NISSAN,ZAA AZEO LEAF,2012,COLOMBO,13
CAR,NISSAN,ZAA-AZE0 LEAF,2013,MONERAGALA,1
CAR,NISSAN,ZAA-AZE0 LEAF,2012,RATNAPURA,4
CAR,NISSAN,ZAA-AZE0  LEAF,2013,MATALE,1
CAR,NISSAN,LEAF,2013,MATALE,1
CAR,MITSUBISHI,DLA-GG2W OUTLANDER,2014,COLOMBO,1
CAR,NISSAN,ZAA-AZE0  LEAF,2012,HAMBANTOTA,1
CAR,NISSAN,ZAA-AZEO LEAF,2014,HAMBANTOTA,4
CAR,NISSAN,LEAF  VISIA,2014,COLOMBO,1
CAR,NISSAN,LEAF ZEO,2013,GALLE,1
CAR,NISSAN,ZAA-AZE0  LEAF,2015,COLOMBO,2
CAR,NISSAN,LEAF  ACENTA,2015,COLOMBO,1
CAR,MITSUBISHI,ZAA-HA3W I-MIEV,2014,COLOMBO,1
CAR,NISSAN,ZAA-AZE0 LEAF,2012,TRINCOMALEE,1
MOTOR CYCLE,TERRA,SEED 48,2015,COLOMBO,4
MOTOR CYCLE,TERRA,ELECTRIC,2015,KEGALLE,1
CAR,NISSAN,LEAF ACENTA,2015,RATNAPURA,1
CAR,NISSAN,ZAA-AZE0  LEAF,2017,KANDY,1
CAR,NISSAN,ZAA-AZEO LEAF,2017,COLOMBO,7
MOTOR CYCLE,TERRA,A4DOOL,2015,COLOMBO,1
CAR,NISSAN,ZAA-AZEO  LEAF,2017,COLOMBO,1
DUAL PURPOSE (COMMERCIAL),MITSUBISHI,MINICAB MIEV,2011,KALUTARA,1
CAR,NISSAN,LEAF  ACENTA  30 KWH,2015,COLOMBO,1
CAR,NISSAN,ZAA-AZE0 LEAF,2017,KANDY,1
MOTOR CYCLE,REOA,REOA-FEGO,2018,PUTTALAM,1
MOTOR CYCLE,TERRA,A4000I,2015,MONERAGALA,1
MOTOR CYCLE,SUPER SOCO,CUX PRO,2022,COLOMBO,17
MOTOR CYCLE,SUPER SOCO,VS2,2022,COLOMBO,1
CAR,VOLKSWAGEN,ID-5-PRO,2022,COLOMBO,1
CAR,NISSAN,ZAA-ZEI LEAF,2023,COLOMBO,1
CAR,NISSAN,ARIYA,2023,GALLE,1
MOTOR CYCLE,SUPER SOCO,CPX,2024,GALLE,1
CAR,VOLKSWAGEN,ID 4 PRO ZAA-E2EBJ,2024,COLOMBO,1
MOTOR CYCLE,SUPER SOCO,TS STREET HUNTER,2025,KEGALLE,1
CAR,GAC,AION V LUXURY,2025,COLOMBO,54
CAR,GAC,AION V PREMIUM,2025,COLOMBO,8
CAR,NISSAN,6AA-FE13 AURA,2023,MATALE,1
MOTOR CYCLE,DIMEN,D60,2025,TRINCOMALEE,2
MOTOR CYCLE,DIMEN,D60,2025,MONERAGALA,1
CAR,NISSAN,ZAA-ZEO,2012,GAMPAHA,15
CAR,NISSAN,ZAA-AZE0,2013,GAMPAHA,5
CAR,NISSAN,ZAA-ZEO  LEAF,2012,GAMPAHA,1
CAR,NISSAN,LEAF  ZAA-AZEO,2012,GAMPAHA,1
CAR,NISSAN,ZAA AZEO LEAF,2013,GAMPAHA,7
CAR,NISSAN,ZAA-AZEO  LEAF,2014,GAMPAHA,3
CAR,NISSAN,LEAF VISIA LEAF,2013,GAMPAHA,1
CAR,NISSAN,LEAF-TEKNA,2015,GAMPAHA,1
CAR,NISSAN,ZAA-AZE0  LEAF,2015,GAMPAHA,1
MOTOR CYCLE,TERRA,A400I,2015,KURUNEGALA,1
CAR,VOLKSWAGEN,ID4-LIFE,2023,GAMPAHA,1
MOTOR CYCLE,TERRA,A 4000  I,2015,KURUNEGALA,1
CAR,VOLKSWAGEN,ID-4,2024,GAMPAHA,1
MOTOR CYCLE,SUPER SOCO,TS STREET HUNTER,2024,KURUNEGALA,1
MOTOR CYCLE,SUPER SOCO,CUX PRO,2022,KALUTARA,5
MOTOR CYCLE,SUPER SOCO,TS STREET HUNTER,2024,KALUTARA,15
CAR,NISSAN,ZAA-AZE0 LEAF,2013,MATARA,13
CAR,NISSAN,ZAA-ZEO REAF,2012,KALUTARA,1
CAR,NISSAN,ZAA-AZE0 LEAF,2012,KURUNEGALA,10
CAR,NISSAN,DAA-AZEO LEAF,2012,KALUTARA,1
CAR,NISSAN,ZAA-ZEO LEAF,2013,MATARA,1
CAR,NISSAN,ZEE-AZEO LEAF,2013,KALUTARA,1
CAR,MITSUBISHI,ZAA-HA3W I MIEV,2013,MATARA,1
CAR,NISSAN,LEAF,2013,KEGALLE,2
CAR,NISSAN,ZAA AZEO LEAF,2012,KALUTARA,1
CAR,NISSAN,LEAF VISIA,2014,KALUTARA,3
CAR,NISSAN,ZAA-AZE01 LEAF,2013,KALUTARA,1
SINGLE CAB,MITSUBISHI,ZAB-U68T MINICAB,2013,KURUNEGALA,1
CAR,NISSAN,LEAF VISIA,2015,KURUNEGALA,1
CAR,NISSAN,LEAF TEKNA,2015,KALUTARA,1
CAR,NISSAN,ZAA-AZEO  LEAF,2016,KURUNEGALA,1
CAR,NISSAN,ZAA-AZEO - LEAF,2014,KALUTARA,1
CAR,VOLKSWAGEN,ID.5 TECH PRO,2023,MATARA,1
CAR,VOLKSWAGEN,ID-4 PRO  ZAA-E2EBJ,2023,KALUTARA,1
CAR,NISSAN,ZAA-AZEO LEAF,2015,PUTTALAM,1
CAR,MITSUBISHI,ZAA-HA5W I MIEV,2013,PUTTALAM,1
CAR,NISSAN,FSDRD9ZE0BDA-AA LEAF,2013,PUTTALAM,1
MOTOR CYCLE,SCOOTER,SWIFT,2017,GAMPAHA,1
MOTOR CYCLE,CHINA,SE,2018,GAMPAHA,53
MOTOR CYCLE,CHINA,M3,2018,GAMPAHA,3
CAR,NISSAN,ZAA-ZE1 LEAF,2018,PUTTALAM,2
MOTOR CYCLE,SUPER SOCO,TS STREET HUNTER,2022,JAFFNA,1
MOTOR CYCLE,SUPER SOCO,CPX,2023,JAFFNA,1
MOTOR CYCLE,SUPER SOCO,CUX PRO,2023,JAFFNA,1
CAR,REVA,CLASSE,2005,COLOMBO,5
CAR,REVA,NOT KNOWN,2005,COLOMBO,1
MOTOR CYCLE,AMUR LEOPARD,WUYANG PRINCESS,2013,KANDY,2
MOTOR CYCLE,AMUR LEOPARD,DARTRIDE,2014,AMPARA,1
MOTOR CYCLE,AMUR LEOPARD,WUYANG PRINCESS,2013,AMPARA,13
MOTOR CYCLE,AMUR LEOPARD,JIYAYING,2015,TRINCOMALEE,1
MOTOR CYCLE,AMUR LEOPARD,WUYANG PRINCESS,2015,COLOMBO,9
MOTOR CYCLE,AMUR LEOPARD,WUYANG PRINCESS,2015,AMPARA,7
MOTOR CYCLE,AMUR LEOPARD,WUYANG PRINCESS,2016,TRINCOMALEE,1
MOTOR CYCLE,AMUR LEOPARD,WYWANG PRINCES,2013,PUTTALAM,5
MOTOR CYCLE,LUYUAN ALFA,HWW-HAS7250-D7,2017,PUTTALAM,2
MOTOR CYCLE,AMUR LEOPARD,WYWANG PRINCES,2014,VAVUNIYA,3
MOTOR CYCLE,LUYUAN ALFA,MN3-CSQ6020-G1,2018,MONERAGALA,4
MOTOR CYCLE,LUYUAN ALFA,MNR DAS7250 Z7,2018,MONERAGALA,1
MOTOR CYCLE,AMUR LEOPARD,WUYANG PRINCESS,2019,VAVUNIYA,1
CAR,HYUNDAI,KONA- EV,2020,COLOMBO,1
MOTOR CYCLE,DECO,EBIKE,2023,KEGALLE,1
CAR,HYUNDAI,IONIQ 5,2023,COLOMBO,1
MOTOR CYCLE,LUYUAN ALFA,M1,2023,GALLE,1
MOTOR CYCLE,DECO,EBIKE,2023,HAMBANTOTA,2
CAR,HYUNDAI,IONIQ-6,2023,COLOMBO,1
SPECIAL PURPOSE VEHICLE,OLIFT,FB40,2024,COLOMBO,2
MOTOR CYCLE,LUYUAN ALFA,MKK-Z23E-12-C,2025,GALLE,23
MOTOR CYCLE,SINSKI,TDR137Z,2015,GALLE,1
CAR,KIA,EV9,2025,COLOMBO,1
MOTOR CYCLE,LUYUAN ALFA,M-MKK-Z30LJ-12-C,2025,MONERAGALA,1
MOTOR CYCLE,LUYUAN ALFA,M1,2025,AMPARA,1
MOTOR CYCLE,AMUR LEOPARD,WUYANG PRINCESS,2013,KURUNEGALA,4
CAR,SHIFENG,CD04C,2013,GAMPAHA,1
MOTOR CYCLE,AMUR LEOPARD,WYWANG PRINCES,2014,KALUTARA,1
MOTOR CYCLE,LUYUAN ALFA,MN3-CSQ6020-G1,2017,KALUTARA,2
MOTOR CYCLE,DECO,EBIKE,2023,KALUTARA,1
MOTOR CYCLE,LENCAR,ERC80,2023,KALUTARA,65
MOTOR CYCLE,LUYUAN ALFA,MN5-CAS7220-Z5,2017,MATALE,1
MOTOR CYCLE,LUYUAN ALFA,M-MKK-Z30LJ-12-C,2024,ANURADHAPURA,5
MOTOR CYCLE,LUYUAN ALFA,M-MKK-Z30LJ-12-C,2025,ANURADHAPURA,1
MOTOR CYCLE,POWER STAR,DM02,2006,GAMPAHA,1
MOTOR CYCLE,AMUR LEOPARD,WUYANG PRINCESS,2013,GAMPAHA,27
MOTOR CYCLE,LUYUAN ALFA,HWW-HAS7250-D7,2017,GAMPAHA,1
MOTOR CYCLE,SINSKI,OPEN,2017,GAMPAHA,1
MOTOR CYCLE,SINSKI,TDR93Z,2015,GAMPAHA,1
MOTOR CYCLE,SINSKI,TDR91Z,2014,GAMPAHA,2
MOTOR CYCLE,LUYUAN ALFA,M-MKK-Z30LJ-12-C,2024,MATARA,5
MOTOR CYCLE,DECO,EBIKE,2023,MATARA,1
MOTOR CYCLE,AMUR LEOPARD,WUYANG PRINCESS,2014,KILINOCHCHI,1
MOTOR CYCLE,LUYUAN ALFA,E-MNK3-72301500-16C-,2020,RATNAPURA,1
MOTOR CYCLE,AMUR LEOPARD,SMALL TORTOISE KING,2015,JAFFNA,1
MOTOR CYCLE,LUYUAN ALFA,M-MKK-Z30LJ-12-C,2024,JAFFNA,1
CAR,PEUGEOT,E 2008 GT,2023,COLOMBO,1
CAR,PEUGEOT,E208 ALLURE,2024,MATARA,1
CAR,PEUGEOT,E-2008 GT EV,2023,KURUNEGALA,1
MOTOR CYCLE,UGBEST,M 3,2015,GAMPAHA,1
MOTOR CYCLE,GALLANT,ZX-HYBRID1,2018,GAMPAHA,1
MOTOR CYCLE,GALLANT,SNOW LEOPARD,2019,GAMPAHA,1
MOTOR CYCLE,OKAYA,FAAST F 2T,2022,MATARA,1
MOTOR CYCLE,OKAYA,FAAST F2T,2023,MATARA,1
MOTOR CYCLE,BYVIN,AIRFORCE,2019,KILINOCHCHI,1
MOTOR CYCLE,BYVIN,LEO,2018,JAFFNA,1
CAR,MAHINDRA,E-20,2013,COLOMBO,1
CAR,MAHINDRA,E20,2018,COLOMBO,4
MOTOR CYCLE,ELECTRA,SY-LXQS,2017,COLOMBO,1
MOTOR CYCLE,WARWOLF 11,E-EGG,2023,COLOMBO,1
MOTOR CYCLE,TVS,IQUBE,2024,KANDY,2
MOTOR CYCLE,VINFAST,THEON,2024,COLOMBO,1
MOTOR CYCLE,TVS,IQUBE,2024,MONERAGALA,2
MOTOR CYCLE,TVS,IQUBE,2025,PUTTALAM,54
THREE WHEELER,MAHINDRA,TREO,2025,JAFFNA,3
CAR,MAHINDRA,E20,2018,GAMPAHA,2
THREE WHEELER,MAHINDRA,TREO,2025,MANNAR,6
CAR,AVATR,AVATR II,2025,GAMPAHA,1
CAR,MAHINDRA,E20,2017,KALUTARA,1
CAR,MAHINDRA,E 20,2018,AMPARA,1
CAR,KGM,TORRES EVX,2024,PUTTALAM,1
CAR,IM,IM6,2025,PUTTALAM,1
THREE WHEELER,MAHINDRA,TREO,2025,RATNAPURA,3
MOTOR TRICYCLE VAN,MAHINDRA,TREO ZOR DV,2025,MONERAGALA,1
MOTOR TRICYCLE VAN,MAHINDRA,TREO ZOR DV,2025,KALUTARA,1
MOTOR TRICYCLE VAN,OZONE,EXECUTIVE,2015,COLOMBO,1
MOTOR CYCLE,LVYUAN,M-MNK2,2020,COLOMBO,1
MOTOR CYCLE,BGB,S9A,2017,COLOMBO,1
MOTOR CYCLE,WUXI LEYANG,L YJY6T,2023,COLOMBO,1
CAR,PORSCHE,TYCAN 4X2,2023,KANDY,1
MOTOR CYCLE,HUAIHAI,ELECTRIC SOCOO,2024,COLOMBO,1
MOTOR CYCLE,MC-MV,MV-B02,2023,COLOMBO,1
MOTOR CYCLE,HUAIHAI,ZL9,2024,COLOMBO,3
CAR,TATA,TIAGO -EV,2025,COLOMBO,3
MOTOR CYCLE,HUAIHAI,ZL9,2024,PUTTALAM,1
CAR,TATA,CURVV EV,2025,COLOMBO,7
CAR,CHANGAN,S 07,2025,RATNAPURA,3
CAR,TATA,TIAGO EV,2025,COLOMBO,1
MOTOR CYCLE,RAPTOR,MAX,2022,KANDY,2
MOTOR CYCLE,XIAODAO,REN,2025,KANDY,1
MOTOR CYCLE,HUAIHAI,ZL9,2025,KEGALLE,1
CAR,MERCEDES,B CLASS  ELECTRIC,2015,GAMPAHA,1
CAR,CHANGAN,S 07,2025,ANURADHAPURA,1
CAR,PORSCHE,ZAA-JINAIC,2023,GAMPAHA,1
CAR,PORSCHE,TAYCAN 4 X2,2023,KEGALLE,1
CAR,CHANGAN,LUMIN,2025,KALUTARA,2
CAR,CHANGAN,S 07,2025,MATARA,3
CAR,CHANGAN,S05,2025,KURUNEGALA,1
MOTOR CYCLE,ALFA,SUPER,2008,GAMPAHA,1
MOTOR CYCLE,ALFA,FLASH HIA,2008,GAMPAHA,1
MOTOR CYCLE,ALFA,XY III METRO,2018,GAMPAHA,9
MOTOR CYCLE,LVYUAN,M-MHD-60201500-5-S,2020,GAMPAHA,1
MOTOR CYCLE,LVYUAN,DPX,2019,GAMPAHA,1
MOTOR CYCLE,TOURWE,JW 28,2023,GAMPAHA,1
MOTOR CYCLE,TOURWE,D08,2023,GAMPAHA,1
MOTOR CYCLE,YADEA,YD-EM 17,2017,PUTTALAM,2
MOTOR CYCLE,YADEA,YDEM 17,2017,AMPARA,1
MOTOR CYCLE,LEOMA,ADVANCE,2017,GALLE,1
MOTOR CYCLE,YADEA,YD-GM010,2019,GALLE,6
MOTOR CYCLE,LEOMA,FASHION RIDER,2018,GALLE,1
CAR,MG,ZS-EV,2019,COLOMBO,2
MOTOR CYCLE,YADEA,YD-EM66,2016,KANDY,4
MOTOR CYCLE,YADEA,YDET-66,2018,KANDY,3
MOTOR CYCLE,YADEA,YD-EM151,2016,KEGALLE,2
MOTOR CYCLE,YADEA,YD-EM151,2017,KANDY,1
MOTOR CYCLE,YADEA,YD--EM17,2016,GALLE,1
MOTOR CYCLE,FIRST,TDR-001Z2000W,2020,GALLE,1
MOTOR CYCLE,YADEA,E8S PRO,2023,KEGALLE,14
MOTOR CYCLE,VMOTO,VS2,2022,PUTTALAM,3
MOTOR CYCLE,YADEA,YD EM 17,2017,COLOMBO,1
MOTOR CYCLE,GDI,X-GOD,2023,HAMBANTOTA,3
MOTOR CYCLE,YADEA,TDR298OZ-TTFAR,2023,COLOMBO,1
MOTOR CYCLE,YADEA,E8S PRO,2024,COLOMBO,74
MOTOR CYCLE,YADEA,RUIBIN,2023,VAVUNIYA,2
MOTOR CYCLE,YADEA,T5,2023,HAMBANTOTA,10
CAR,MG,MG4 X ELECTRIC,2024,COLOMBO,2
CAR,MG,EP,2023,COLOMBO,1
MOTOR CYCLE,YADEA,T 9,2024,TRINCOMALEE,16
MOTOR CYCLE,YADEA,T5,2024,KANDY,26
MOTOR CYCLE,YADEA,M6,2024,GALLE,11
MOTOR CYCLE,YADEA,E8S PRO,2024,PUTTALAM,24
MOTOR CYCLE,YADEA,EZEEGO,2024,COLOMBO,13
CAR,VOLKSWAGEN,ID4 PRO,2024,KANDY,1
CAR,MG,MG4,2024,GALLE,1
CAR,MG,MG4 ELECTRIC D,2024,COLOMBO,1
MOTOR CYCLE,QUANLE,ZS,2024,HAMBANTOTA,29
MOTOR CYCLE,QUANLE,XGW,2024,HAMBANTOTA,21
MOTOR CYCLE,QUANLE,G18,2024,COLOMBO,5
MOTOR CYCLE,QUANLE,ZS,2024,TRINCOMALEE,5
MOTOR CYCLE,QUANLE,ZL,2024,KEGALLE,1
MOTOR CYCLE,YADEA,EPOC H,2024,PUTTALAM,12
MOTOR CYCLE,QUANLE,XGW,2024,PUTTALAM,3
MOTOR CYCLE,YADEA,RUIBIN,2025,GALLE,119
MOTOR CYCLE,QUANLE,XGW,2025,PUTTALAM,3
MOTOR CYCLE,YADEA,RUIBIN,2025,MONERAGALA,78
MOTOR CYCLE,YADEA,T5,2002,GALLE,1
MOTOR CYCLE,YADEA,EPOC H,2025,VAVUNIYA,2
MOTOR CYCLE,TMR QUANLE,ZL,2025,AMPARA,8
MOTOR CYCLE,TMR QUANLE,Q1,2024,AMPARA,1
MOTOR CYCLE,YADEA,M6,2025,MONERAGALA,2
MOTOR CYCLE,TMR QUANLE,XGW,2025,VAVUNIYA,1
MOTOR CYCLE,YADEA,EZEEGO,2025,HAMBANTOTA,1
MOTOR CYCLE,QUANLE,N9 (NINEBOT),2025,PUTTALAM,3
CAR,XPENG,G6,2025,COLOMBO,4
MOTOR CYCLE,YADEA,YDET-66,2017,KURUNEGALA,1
MOTOR CYCLE,YADEA,YDEM 151,2017,KURUNEGALA,1
MOTOR CYCLE,YADEA,YD-EM17,2016,KURUNEGALA,1
CAR,MG,MG.EP .PLUS,2023,GAMPAHA,1
MOTOR CYCLE,YADEA,RUIBIN,2023,KURUNEGALA,27
MOTOR CYCLE,YADEA,T 9,2024,KURUNEGALA,145
MOTOR CYCLE,YADEA,EPOC H,2024,KURUNEGALA,24
MOTOR CYCLE,QUANLE,Q1,2025,KURUNEGALA,1
MOTOR CYCLE,YADEA,M6,2025,KURUNEGALA,30
MOTOR CYCLE,YADEA,YDET-66,2016,BADULLA,6
MOTOR CYCLE,YADEA,YD EM 17,2017,BADULLA,3
MOTOR CYCLE,YADEA,YDET-66,2017,POLONNARUWA,7
MOTOR CYCLE,YADEA,YD-GM010,2018,BADULLA,1
MOTOR CYCLE,YADEA,YDET-66,2018,BADULLA,3
MOTOR CYCLE,YADEA,YD-EM151,2017,BADULLA,1
MOTOR CYCLE,NEO,AVATAR,2022,KALUTARA,1
MOTOR CYCLE,YADEA,YD EM17,2017,POLONNARUWA,1
MOTOR CYCLE,YADEA,T5,2023,KALUTARA,5
MOTOR CYCLE,YADEA,M6,2024,POLONNARUWA,12
MOTOR CYCLE,YADEA,E8S PRO,2024,POLONNARUWA,20
MOTOR CYCLE,YADEA,T 9,2025,BADULLA,7
MOTOR CYCLE,YADEA,EPOC H,2025,KALUTARA,19
MOTOR CYCLE,YADEA,EPOC H,2025,POLONNARUWA,3
MOTOR CYCLE,TMR QUANLE,G18,2025,POLONNARUWA,6
MOTOR CYCLE,TMR QUANLE,XGW,2025,POLONNARUWA,9
MOTOR CYCLE,YADEA,YD1200DT,2025,KALUTARA,1
MOTOR CYCLE,YADEA,YD - EM 163,2018,ANURADHAPURA,1
MOTOR CYCLE,YADEA,YDET-66,2018,MATALE,4
MOTOR CYCLE,YADEA,YD- EM151,2017,MATALE,1
MOTOR CYCLE,QUANLE,Q1,2024,ANURADHAPURA,4
MOTOR CYCLE,QUANLE,ZS,2024,ANURADHAPURA,17
MOTOR CYCLE,QUANLE,G18,2024,ANURADHAPURA,6
MOTOR CYCLE,YADEA,EPOC H,2024,MATALE,2
MOTOR CYCLE,QUANLE,G18,2025,MATALE,1
MOTOR CYCLE,VMOTO,CITI,2025,MATALE,3
MOTOR CYCLE,YADEA,COOLJOY,2025,ANURADHAPURA,23
MOTOR CYCLE,VESPER,ELECTRIC SCOOTER,2016,GAMPAHA,1
MOTOR CYCLE,YADEA,YD-EM66,2016,MATARA,1
MOTOR CYCLE,YADEA,T9,2023,GAMPAHA,50
MOTOR CYCLE,YADEA,E8S PRO,2023,BATTICALOA,5
MOTOR CYCLE,YADEA,T5,2024,BATTICALOA,46
MOTOR CYCLE,VMOTO,CITI,2024,MATARA,4
MOTOR CYCLE,YADEA,E8S PRO,2025,MATARA,2
MOTOR CYCLE,TMR QUANLE,G18,2025,GAMPAHA,34
MOTOR CYCLE,YADEA,T5 L,2025,GAMPAHA,45
MOTOR CYCLE,YADEA,COOLJOY,2025,GAMPAHA,26
MOTOR CYCLE,YADEA,COOLJOY,2025,BATTICALOA,3
MOTOR CYCLE,YADEA,YD-EM 151,2017,RATNAPURA,1
MOTOR CYCLE,YADEA,YD-GM010,2019,RATNAPURA,2
MOTOR CYCLE,YADEA,T9,2023,KILINOCHCHI,1
MOTOR CYCLE,QUANLE,G18,2024,KILINOCHCHI,1
MOTOR CYCLE,YADEA,T5,2025,KILINOCHCHI,199
MOTOR CYCLE,YADEA,T 9,2025,KILINOCHCHI,20
MOTOR CYCLE,QUANLE,N9 (NINEBOT),2025,RATNAPURA,3
MOTOR CYCLE,YADEA,YD EM 163,2018,MULLATIVU,1
MOTOR CYCLE,YADEA,M6,2024,MULLATIVU,1
MOTOR CYCLE,SOLID,FCZJ (E-RIDER),2016,PUTTALAM,4
MOTOR CYCLE,SOLID,SPORTY,2017,PUTTALAM,6
MOTOR CYCLE,ENOW,MASTER,2016,GALLE,2
MOTOR CYCLE,ENOW,MASTER,2016,VAVUNIYA,2
MOTOR CYCLE,SOLID,FCZJ (E-RIDER),2018,PUTTALAM,3
MOTOR CYCLE,SOLID,FCZJ (E-RIDER),2018,MONERAGALA,1
CAR,BYD,M3,2019,COLOMBO,1
MOTOR CYCLE,SOLID,REO,2018,KEGALLE,1
MOTOR CYCLE,SOLID,LEO,2023,GALLE,1
CAR,M.G.,MG4 X,2024,GALLE,1
CAR,BYD,ATTO 3,2024,COLOMBO,6
MOTOR CYCLE,SOLID,G 6,2024,COLOMBO,1
CAR,BYD,DOLPHIN-DYNAMIC49,2025,GALLE,81
CAR,BYD,ATTO-3-SUPERIOR,2025,HAMBANTOTA,11
CAR,BYD,ATTO 3-SUPERIOR,2025,COLOMBO,1
CAR,BYD,DOLPHIN-DYNAMIC49,2025,MATALE,4
CAR,BYD,DOLPHIN-DYNAMIC 70,2025,RATNAPURA,4
CAR,BYD,DOLPHIN-DYNAMIC 70,2025,MATALE,4
CAR,BYD,ATTO 2 PRIMIUM,2025,GALLE,5
MOTOR CYCLE,SOLID,S9,2025,MONERAGALA,1
MOTOR CYCLE,SOLID,SPORTY,2016,KURUNEGALA,5
MOTOR CYCLE,SOLID,SPORTY,2017,KURUNEGALA,1
CAR,JIAYUAN,JY7252-ZQR,2017,GAMPAHA,1
CAR,M.G.,MG 4 ELECTRIC X,2023,GAMPAHA,1
CAR,SAIC,MG4,2023,GAMPAHA,2
CAR,BYD,BYD ATTO 3 ELECTRIC,2024,GAMPAHA,1
CAR,SAIC,MG 4,2024,GAMPAHA,1
CAR,BYD,DOLPHIN-DYNAMIC 70,2025,ANURADHAPURA,1
CAR,BYD,DOLPHIN-DYNAMIC49,2025,BADULLA,5
MOTOR CYCLE,ENOW,RAIDER,2016,KALUTARA,1
MOTOR CYCLE,SOLID,CHALLENGER,2018,KALUTARA,2
MOTOR CYCLE,SOLID,FCZJ (E-RIDER),2018,KALUTARA,1
MOTOR CYCLE,SOLID,LEO,2024,BADULLA,2
MOTOR CYCLE,SOLID,ROBOT,2025,BADULLA,1
CAR,BYD,ATTO3,2024,KURUNEGALA,1
CAR,BYD,M6 SUPERIOR,2025,AMPARA,2
CAR,BYD,ATTO 1 DYNAMIC,2025,KALUTARA,8
MOTOR CYCLE,SOLID,FCZJ (E-RIDER),2016,GAMPAHA,35
MOTOR CYCLE,SOLID,CLASSIC,2015,GAMPAHA,1
MOTOR CYCLE,ENOW,RAIDER,2013,GAMPAHA,2
MOTOR CYCLE,SOLID,REO,2017,GAMPAHA,54
MOTOR CYCLE,ENOW,RAIDER,2015,GAMPAHA,1
MOTOR CYCLE,SOLID,REO,2021,GAMPAHA,1
MOTOR CYCLE,SOLID,LEO,2023,MATARA,2
MOTOR CYCLE,SOLID,ROBOT,2025,MATARA,3
MOTOR CYCLE,SOLID,G6,2025,MATARA,7
MOTOR CYCLE,SOLID,G6,2025,RATNAPURA,2
MOTOR CYCLE,LUYUAN ALFAXL,HD-724SP,2008,COLOMBO,2
THREE WHEELER,TOOT,PROUD,2015,COLOMBO,1
MOTOR CYCLE,LUYUAN ALFAXL,HWY2-9TS7250-GI,2015,COLOMBO,3
MOTOR CYCLE,LUYUAN ALFAXL,MT-FS8020-GI,2016,COLOMBO,17
MOTOR CYCLE,LUYUAN ALFAXL,MD-DS7220-GI,2015,GALLE,2
MOTOR CYCLE,LUYUAN ALFAXL,MD-DS7220-GI,2016,COLOMBO,5
MOTOR CYCLE,LUYUAN ALFAXL,MT-FS8020-GI,2016,KANDY,3
MOTOR CYCLE,LUYUAN ALFAXL,MT-FS8020-GI,2015,PUTTALAM,1
MOTOR CYCLE,ZONGSHEN,TDT105Z,2018,HAMBANTOTA,3
MOTOR CYCLE,RISE,LEADER,2022,KANDY,5
MOTOR CYCLE,RISE,LEADER,2024,HAMBANTOTA,54
MOTOR CYCLE,RISE,LEADER,2024,PUTTALAM,38
CAR,ELME,VOLT CITY EV,2023,COLOMBO,9
MOTOR CYCLE,RISE,LEADER,2024,KEGALLE,2
MOTOR CYCLE,OYFLY,TDM-B02,2024,COLOMBO,1
MOTOR CYCLE,RISE,LEADER R 100,2025,MONERAGALA,12
MOTOR CYCLE,RISE,LEADER PLUS,2025,AMPARA,2
MOTOR CYCLE,RISE,LEADER R80 V2.0,2025,COLOMBO,8
CAR,DAIHATSU,5AA-A202S ROCKY,2022,COLOMBO,2
CAR,DAIHATSU,5AA-A202S  ROCKY,2025,HAMBANTOTA,1
MOTOR CYCLE,RISE,LEADER V 2.0,2025,MONERAGALA,2
CAR,JAGUAR,I-PACE,2019,GAMPAHA,1
MOTOR CYCLE,RISE,LEADER,2023,KURUNEGALA,27
MOTOR CYCLE,OYFLY,TDM BO2,2024,KURUNEGALA,1
MOTOR CYCLE,RISE,LEADER R80 V2.0,2025,KURUNEGALA,4
DUAL PURPOSE (COMMERCIAL),GEELY,RIDDARA RD6,2025,KURUNEGALA,1
CAR,DAIHATSU,ROCKY 5AA-A202S,2023,GAMPAHA,1
CAR,DAIHATSU,5AA-A202S ROCKY,2022,GAMPAHA,2
CAR,DAIHATSU,5AA-A202S ROCKY,2025,GAMPAHA,3
MOTOR CYCLE,LUYUAN ALFAXL,MT-FS8020-GI,2017,BADULLA,1
MOTOR CYCLE,WAOPAI,FEGO,2018,KALUTARA,1
MOTOR CYCLE,DASTOL,DW-28,2024,KALUTARA,2
MOTOR CYCLE,RISE,LEADER R80,2025,NUWARA-ELIYA,1
MOTOR CYCLE,RISE,LEADER R80 V2.0,2025,KALUTARA,3
MOTOR CYCLE,RISE,LEADER R80,2025,ANURADHAPURA,33
MOTOR CYCLE,RISE,LEADER,2025,MATALE,1
MOTOR CYCLE,RISE,LEADER R80 V2.0,2025,ANURADHAPURA,10
CAR,DAIHATSU,5AA-A202S ROCKY,2024,KURUNEGALA,1
MOTOR CYCLE,LUYUAN ALFAXL,HWY2-9TS7250-GI,2014,MATARA,1
MOTOR CYCLE,RISE,LEADER MAX,2023,GAMPAHA,1
MOTOR CYCLE,RISE,LEADER R80,2025,GAMPAHA,13
MOTOR CYCLE,RISE,LEADER,2023,RATNAPURA,32
MOTOR CYCLE,RISE,LEADER,2022,KILINOCHCHI,2
CAR,B.M.W.,ZAA-1ZOO,2014,COLOMBO,1
CAR,B.M.W.,13,2015,RATNAPURA,1
CAR,B.M.W.,I 3,2014,KANDY,1
MOTOR CYCLE,LE,LUCAS B23A,2022,COLOMBO,1
CAR,B.M.W.,120 IX XDRIVE 40,2023,COLOMBO,1
CAR,B.M.W.,IX40 X DRIVE,2023,COLOMBO,1
CAR,B.M.W.,ZAA-12CF895 IX,2024,COLOMBO,1
CAR,B.M.W.,I7 X DRIVE 60,2024,COLOMBO,1
MOTOR CYCLE,LIMA,ELO-07,2023,KANDY,1
CAR,B.M.W.,I5E DRIVE 40,2024,COLOMBO,1
MOTOR CYCLE,ATHER,450X,2025,PUTTALAM,10
MOTOR CYCLE,LIMA,LM1500 DT-68,2024,COLOMBO,1
CAR,BAW,E6,2025,KANDY,1
CAR,B.M.W.,ZAA-1Z00  BMW13,2014,GAMPAHA,1
CAR,B.M.W.,I 3,2015,ANURADHAPURA,1
CAR,B.M.W.,I7 X DRIVE 60M SPORT,2023,GAMPAHA,2
MOTOR CYCLE,LIMA,EL07,2024,KURUNEGALA,4
MOTOR CYCLE,YAMAHA,FASCINO,2016,NUWARA-ELIYA,1
MOTOR CYCLE,LIMA,JV,2023,POLONNARUWA,1
MOTOR CYCLE,LIMA,JV 1.5G,2024,KALUTARA,3
MOTOR CYCLE,ATHER,450X,2024,KALUTARA,17
MOTOR CYCLE,ATHER,450X,2024,NUWARA-ELIYA,1
MOTOR CYCLE,LIMA,EL07,2025,POLONNARUWA,15
MOTOR CYCLE,ZUB,MOTORBIKE,2018,ANURADHAPURA,3
MOTOR CYCLE,ZUB,MOTOBIKE,2018,ANURADHAPURA,1
MOTOR CYCLE,ZUB,ELECTRIC SCOOTER,2019,ANURADHAPURA,1
MOTOR CYCLE,LIMA,EL07,2024,ANURADHAPURA,3
CAR,BAW,E7,2025,MATARA,19
MOTOR CYCLE,LE,ELECTRO B 13 A,2022,GAMPAHA,1
MOTOR CYCLE,LIMA,JV,2023,GAMPAHA,1
MOTOR CYCLE,ATHER,RIZTA,2025,GAMPAHA,3
MOTOR CYCLE,LE,LUCAS FASTEST B23-A,2022,RATNAPURA,2
MOTOR CYCLE,LIMA,ELO-07,2024,RATNAPURA,29
MOTOR CYCLE,LIMA,JV,2023,JAFFNA,20
MOTOR CYCLE,LIMA,ELO-07,2024,MULLATIVU,1
MOTOR CYCLE,ATHER,450X,2024,JAFFNA,12
CAR,EVION,GU28-A07P22-03,2013,COLOMBO,1
CAR,EVION,GU28-A07P22-03 STEEL,2013,COLOMBO,1
CAR,TESLA,MODEL S,2014,COLOMBO,4
MOTOR CYCLE,AIMA,TUNIUWA,2017,COLOMBO,1
MOTOR CYCLE,CWFSD,E/BIKE,2017,COLOMBO,1
MOTOR CYCLE,NWOW,ERV,2021,PUTTALAM,1
MOTOR CYCLE,NWOW,SE,2017,PUTTALAM,1
MOTOR CYCLE,BATTRE,STORIE,2023,COLOMBO,2
CAR,TESLA,ZAA-YLIYT MODEL Y,2023,COLOMBO,1
MOTOR CYCLE,NWOW,ARS,2023,GALLE,3
CAR,TESLA,MODEL Y,2024,COLOMBO,9
CAR,TESLA,ZAA-YL1YT   MODEL Y,2024,KANDY,1
CAR,TESLA,ZAA-3L13T MODEL 3,2024,COLOMBO,2
MOTOR CYCLE,DUCASU,TDT215Z,2024,GALLE,1
MOTOR CYCLE,LUYUAN,MNK3,2024,HAMBANTOTA,12
MOTOR CYCLE,LUYUAN,MYT,2024,HAMBANTOTA,7
CAR,NETA,NETA V- II,2024,HAMBANTOTA,1
MOTOR CYCLE,LUYUAN,MS70 Z23E,2024,MONERAGALA,2
MOTOR CYCLE,NWOW,SE,2025,GALLE,8
MOTOR CYCLE,NWOW,SE,2020,GALLE,1
MOTOR CYCLE,NWOW,SE,2025,MONERAGALA,1
MOTOR CYCLE,NWOW,V11,2025,COLOMBO,1
MOTOR CYCLE,LUYUAN,MS70 Z23E,2025,MONERAGALA,8
MOTOR CYCLE,AIMA,MANA,2025,HAMBANTOTA,10
CAR,WULING,CLOUD EV,2025,COLOMBO,38
CAR,WULING,BINGUO,2025,COLOMBO,89
MOTOR CYCLE,AIMA,MAVERICK,2025,PUTTALAM,11
MOTOR CYCLE,AIMA,MANA,2025,KEGALLE,4
MOTOR CYCLE,AIMA,ARIA,2025,COLOMBO,6
MOTOR CYCLE,AIMA,BREEZY,2025,TRINCOMALEE,4
MOTOR CYCLE,LUYUAN,MYT,2025,VAVUNIYA,6
THREE WHEELER,NWOW,ERVS4 PLUS,2024,POLONNARUWA,1
MOTOR CYCLE,AIMA,Q613,2023,PUTTALAM,1
MOTOR CYCLE,AIMA,Q 613,2023,PUTTALAM,1
MOTOR CYCLE,LUYUAN,MYY-Z35J,2025,HAMBANTOTA,1
MOTOR CYCLE,AIMA,MANA,2025,TRINCOMALEE,2
MOTOR CYCLE,LUYUAN,S90 PLUS,2025,KANDY,1
CAR,TESLA,MODEL S,2015,GAMPAHA,1
MOTOR CYCLE,NWOW,ARS,2015,KURUNEGALA,1
CAR,NETA,NETA V,2022,GAMPAHA,1
CAR,TESLA,MODEL Y,2023,GAMPAHA,3
MOTOR CYCLE,NWOW,ARS,2023,KURUNEGALA,1
MOTOR CYCLE,NWOW,EDB,2023,KURUNEGALA,1
CAR,TESLA,MODEL Y,2024,GAMPAHA,3
CAR,TESLA,ZAA-3L13T MODEL 3,2024,GAMPAHA,4
CAR,TESLA,MODEL Y RWD,2024,GAMPAHA,1
MOTOR CYCLE,NWOW,ARS,2020,KURUNEGALA,1
MOTOR CYCLE,LUYUAN,MNK3,2025,KURUNEGALA,133
MOTOR CYCLE,AIMA,MAVERICK,2025,KURUNEGALA,73
MOTOR CYCLE,NWOW,TK 10,2025,KURUNEGALA,2
MOTOR CYCLE,NWOW,WSP,2024,KALUTARA,14
MOTOR CYCLE,OPAI,YW-06,2024,POLONNARUWA,1
MOTOR CYCLE,NWOW,SE,2025,KALUTARA,68
MOTOR CYCLE,NWOW,TK 10,2025,KALUTARA,12
MOTOR CYCLE,NWOW,ARS,2025,POLONNARUWA,2
MOTOR CYCLE,AIMA,LIBERTY,2025,NUWARA-ELIYA,1
MOTOR CYCLE,GK,STAR TREK,2018,ANURADHAPURA,1
MOTOR CYCLE,LUYUAN,MNK3,2024,ANURADHAPURA,8
CAR,TESLA,MODEL 3,2024,AMPARA,1
MOTOR CYCLE,DAYWANG(DW)SL,E-MOTOR CYCLE,2024,ANURADHAPURA,16
CAR,TESLA,ZAA-3L13T MODEL3,2024,KURUNEGALA,1
MOTOR CYCLE,LUYUAN,MS70 Z23E,2025,ANURADHAPURA,9
CAR,WULING,BINGUO,2025,KALUTARA,11
CAR,WULING,BINGUO,2025,KEGALLE,3
MOTOR CYCLE,OPAI,OPY-EM-005,2024,ANURADHAPURA,1
MOTOR CYCLE,NWOW, SWIFT EAGLE,2017,GAMPAHA,1
MOTOR CYCLE,NWOW,M3,2017,GAMPAHA,2
MOTOR CYCLE,NWOW,SWIET EAGE,2017,GAMPAHA,1
MOTOR CYCLE,NWOW,SE,2017,GAMPAHA,42
MOTOR CYCLE,NWOW,M3,2019,GAMPAHA,1
MOTOR CYCLE,NWOW,CS,2020,GAMPAHA,8
MOTOR CYCLE,NWOW,SE,2020,GAMPAHA,13
MOTOR CYCLE,LUYUAN,S90 PLUS,2024,MATARA,1
MOTOR CYCLE,DAYWANG(DW)SL,E-MOTOR CYCLE,2024,MATARA,2
MOTOR CYCLE,LUYUAN,MYT,2025,MATARA,2
MOTOR CYCLE,AIMA,ARIA,2025,BATTICALOA,4
MOTOR CYCLE,GAROW,FENGSHEN,2024,GAMPAHA,1
MOTOR CYCLE,LUYUAN,MS75-Z30LF,2025,MATARA,1
MOTOR CYCLE,EAGLE BRAND,GWEM01PRETTY,2016,RATNAPURA,7
MOTOR CYCLE,AIMA,BREEZY,2025,RATNAPURA,10
MOTOR CYCLE,LUYUAN,M-MHH-Z45LJ,2025,RATNAPURA,1
MOTOR CYCLE,AIMA,BATTLE,2017,JAFFNA,6
MOTOR CYCLE,AIMA,MAVERICK,2025,JAFFNA,3
MOTOR CYCLE,AIMA,LIBERTY,2025,JAFFNA,2
MOTOR LORRY (COMMERCIAL),MITSUBISHI,DELICA,1980,ANURADHAPURA,1
CAR,NISSAN,ZAA-ZEO LEAF,2011,COLOMBO,1
CAR,NISSAN,ZAA-AZE0 LEAF,2013,COLOMBO,222
CAR,MITSUBISHI,ZAA-HA3W,2013,GALLE,1
CAR,NISSAN,ZAA-AZEO LEAF,2013,MONERAGALA,1
CAR,NISSAN,ZAA-AZEO LEAF,2013,MATALE,4
CAR,NISSAN,ZAA-ZE0 LEAF,2012,GALLE,6
CAR,NISSAN,LEAF TEKNA,2015,COLOMBO,34
CAR,NISSAN,ZAA AZEO LEAF,2014,KANDY,8
CAR,NISSAN,ZAA-AZEO LEAF,2012,RATNAPURA,4
CAR,NISSAN,LEAF,2013,GALLE,5
CAR,NISSAN,ZAA-ZEI LEAF,2012,GALLE,1
DUAL PURPOSE (COMMERCIAL),NISSAN,E-NV200,2015,COLOMBO,2
CAR,NISSAN,ZAA-AZE0 LEAF G,2013,COLOMBO,1
CAR,NISSAN,LEAF,2013,RATNAPURA,3
DUAL PURPOSE (COMMERCIAL),MITSUBISHI,ZAB U67V,2011,COLOMBO,1
DUAL PURPOSE (COMMERCIAL),NISSAN,E-NV200 COMBI VAN,2015,KANDY,1
CAR,NISSAN,ZAA-AZE0 -LEAF,2013,COLOMBO,1
CAR,NISSAN,ZAA-AZE0 LEAF,2015,MATALE,1
CAR,NISSAN, LEAF ACENTA,2015,COLOMBO,1
CAR,NISSAN,ZAA-AZE0  FEAF,2013,COLOMBO,1
CAR,NISSAN,LEAF TEKNA LEAF,2015,COLOMBO,2
CAR,NISSAN,LEAF-ACENTA,2015,COLOMBO,2
SINGLE CAB,MITSUBISHI,ZAB-U68T MINICAB,2013,PUTTALAM,1
CAR,NISSAN,ZAA-AZEO  LEAF,2015,COLOMBO,2
CAR,NISSAN,ZAA-AZEO   LEAF,2012,GALLE,1
CAR,NISSAN,LEAF,2015,RATNAPURA,2
CAR,NISSAN,LEAF -TEKNA,2015,COLOMBO,1
CAR,MITSUBISHI,ZAB-U67V MINICAB,2013,COLOMBO,1
CAR,NISSAN,ZAA- AZEO LEAF,2014,KANDY,1
DUAL PURPOSE (COMMERCIAL),MITSUBISHI,ZAB-U67V NINICAB,2013,COLOMBO,1
CAR,NISSAN,LEAF,2017,COLOMBO,1
CAR,NISSAN,ZAA-AZE0 LEAF,2016,KANDY,2
CAR,NISSAN,ZAA-AZE0 LEAF,2017,COLOMBO,6
CAR,NISSAN,ZAA-AZEO  LEAF,2017,KANDY,1
DUAL PURPOSE (COMMERCIAL),MITSUBISHI,ZAB-U67V  MINICAB,2011,COLOMBO,1
CAR,NISSAN,ZAA-AZEO-LEAF,2013,COLOMBO,1
CAR,NISSAN,LEAF VISIA,2018,COLOMBO,2
SPECIAL PURPOSE VEHICLE,MITSUBISHI,FB20-8,2018,COLOMBO,4
CAR,NISSAN,LEAF,2018,GALLE,1
CAR,MITSUBISHI,ZAA-HA3W-I MIEV,2013,KANDY,1
CAR,NISSAN,LEAF ZAA- ZEO,2012,COLOMBO,1
CAR,VOLKSWAGEN,ID.4 LIFE,2023,NUWARA-ELIYA,1
CAR,VOLKSWAGEN,ID.5 STYLE PRO,2023,COLOMBO,3
MOTOR CYCLE,SUPER SOCO,TS STREET HUNTER,2022,PUTTALAM,1
DUAL PURPOSE (COMMERCIAL),MITSUBISHI,MINI CAB MIEV,2012,COLOMBO,1
MOTOR CYCLE,SUPER SOCO,TS STREET HUNTER,2023,PUTTALAM,3
MOTOR CYCLE,SUPER SOCO,CPX,2023,HAMBANTOTA,1
CAR,VOLKSWAGEN,ID5 TECH PRO,2023,KANDY,1
MOTOR CYCLE,AINA,AM-DALISU,2017,VAVUNIYA,1
MOTOR CYCLE,TERRA,A 4000 I,2015,KANDY,1
MOTOR CYCLE,DIMEN,D60,2025,COLOMBO,21
MOTOR CYCLE,DIMEN,D60,2025,PUTTALAM,9
CAR,NISSAN,ZAA-B6AW SAKURA,2023,COLOMBO,2
CAR,NISSAN,6AA-RP15  KICKS,2024,HAMBANTOTA,1
CAR,NISSAN,6AA-E13  NOTE,2023,COLOMBO,1
CAR,NISSAN,ZAA-ZE0 LEAF,2012,GAMPAHA,33
CAR,NISSAN,ZAA -ZEO    LEAF,2011,GAMPAHA,1
CAR,NISSAN,ZAA-AZEO-LEAF,2012,GAMPAHA,4
CAR,NISSAN,ZAA-AZE0 LEAF,2013,GAMPAHA,118
CAR,NISSAN,ZAA-ZE0 LEAF,2012,ANURADHAPURA,2
CAR,NISSAN,ZAA-AZE0 LAEF,2013,GAMPAHA,1
CAR,NISSAN,ZAA AZEO LEAF,2014,ANURADHAPURA,2
CAR,NISSAN,ZAA-AZE0 LEAF,2017,GAMPAHA,1
CAR,NISSAN,ZAA-ZE1LEAF,2019,GAMPAHA,1
CAR,NISSAN,LEAF E TEKNA,2022,GAMPAHA,1
MOTOR CYCLE,SUPER SOCO,CUX PRO,2023,KURUNEGALA,2
CAR,GAC,AION V PREMIUM,2025,GAMPAHA,2
CAR,NISSAN,6AA-FE13 NOTE AURA,2024,GAMPAHA,2
DUAL PURPOSE (COMMERCIAL),MITSUBISHI,MINI CAB MIEV,2011,GAMPAHA,1
MOTOR CYCLE,SUPER SOCO,CUX PRO,2023,KALUTARA,10
MOTOR CYCLE,SUPER SOCO,TS STREET HUNTER,2023,BADULLA,1
MOTOR CYCLE,SUPER SOCO,TS STREET HUNTER,2025,KALUTARA,3
CAR,NISSAN,DAA-AZEO LEAF,2013,KURUNEGALA,1
CAR,NISSAN,ZAA-AZE0,2012,MATARA,1
CAR,NISSAN,ZAA-AZE0 LEAF,2014,KALUTARA,34
CAR,NISSAN,ZAAZE0 LEAF,2012,KEGALLE,1
CAR,NISSAN,ZAA-AZE0  LEAF,2013,KALUTARA,4
CAR,NISSAN,ZAA-AZEO LEAF,2014,KEGALLE,9
CAR,NISSAN,LEAF TEKNA,2014,KALUTARA,3
CAR,NISSAN,LEAF,2013,MATARA,1
CAR,NISSAN,LEAF TEKNA,2013,KEGALLE,1
CAR,NISSAN,ZAA AZEO LEAF,2015,KURUNEGALA,1
CAR,MITSUBISHI,ZAA-HA3W I-MIEV,2012,KALUTARA,1
CAR,NISSAN,ZAA-AZE0,2015,KALUTARA,1
CAR,MITSUBISHI,MINICAB MIEV,2011,KURUNEGALA,1
MOTOR CYCLE,SUPER SOCO,CUX PRO,2022,MATALE,3
CAR,NISSAN,LEAF,2023,KURUNEGALA,1
CAR,VOLKSWAGEN,ID4 PRO,2024,KEGALLE,1
CAR,VOLKSWAGEN,ID 4,2023,AMPARA,1
MOTOR CYCLE,SUPER SOCO,TS STREET HUNTER,2025,ANURADHAPURA,5
CAR,GAC,AION V LUXURY,2025,KALUTARA,3
CAR,NISSAN,ZAA-AZE0,2012,PUTTALAM,1
MOTOR CYCLE,SUPER SOCO,CUX PRO,2023,GAMPAHA,6
MOTOR CYCLE,SUPER SOCO,CPX,2023,MATARA,1
MOTOR CYCLE,SUPER SOCO,CUX PRO,2024,GAMPAHA,1
MOTOR CYCLE,DIMEN,D60,2025,MATARA,1
MOTOR CYCLE,DIMEN,D60,2025,RATNAPURA,2
MOTOR CYCLE,POWER STAR,PSTR 206,2005,COLOMBO,5
MOTOR CYCLE,POWER STAR,PTS5626,2005,COLOMBO,1
MOTOR CYCLE,POWER STAR,PSTR206,2005,KANDY,1
MOTOR CYCLE,POWER STAR,PSTR206,2005,GALLE,1
CAR,POWER STAR,EXONA-JY-6356,2008,COLOMBO,1
MOTOR CYCLE,AMUR LEOPARD,WUYANG PRINCESS,2013,TRINCOMALEE,40
MOTOR CYCLE,AMUR LEOPARD,GOLDENTYRANT,2013,COLOMBO,2
CAR,SHIFENG,GD04C,2013,KANDY,2
CAR,SHIFENG, ,2014,COLOMBO,1
MOTOR CYCLE,AMUR LEOPARD,THUNDER  KING,2015,TRINCOMALEE,3
MOTOR CYCLE,LUYUAN ALFA,MN3-CSQ6020-G1,2016,PUTTALAM,2
CAR,SHIFENG,GD040,2013,VAVUNIYA,1
MOTOR CYCLE,SINSKI,TDR 137 Z,2017,COLOMBO,1
MOTOR CYCLE,SINSKI,TDR137Z,2015,PUTTALAM,1
CAR,HYUNDAI,KONA EV,2020,COLOMBO,20
MOTOR CYCLE,SINSKI,TDR93Z,2014,GALLE,1
MOTOR CYCLE,SINSKI,TDR92Z,2015,KEGALLE,1
MOTOR CYCLE,DECO,EBIKE,2023,GALLE,13
MOTOR CYCLE,LUYUAN ALFA,MN3-CSQ6020-G1,2018,HAMBANTOTA,1
MOTOR CYCLE,LUYUAN ALFA,M MKK-Z30LJ-12-C,2023,GALLE,1
MOTOR CYCLE,LUYUAN ALFA,M1,2023,KEGALLE,1
CAR,HYUNDAI,IONIQ 5N,2023,COLOMBO,1
MOTOR CYCLE,LUYUAN ALFA,M-MKK-Z30LJ-12-C,2024,MONERAGALA,1
CAR,KIA,EV 5 VEHICLE,2024,KANDY,1
MOTOR CYCLE,MM,ZOOM X3,2024,COLOMBO,3
MOTOR CYCLE,LENCAR,ERC80,2024,GALLE,1
MOTOR CYCLE,GOEASY,RATNA,2025,COLOMBO,3
MOTOR CYCLE,AMUR LEOPARD,ZUMA,2013,KURUNEGALA,1
MOTOR CYCLE,LUYUAN ALFA,M1,2023,KURUNEGALA,1
CAR,HYUNDAI,IONIQ 5,2023,GAMPAHA,1
MOTOR CYCLE,LUYUAN ALFA,M-MKK-Z30LJ-12-C,2024,KURUNEGALA,3
MOTOR CYCLE,AMUR LEOPARD,WUYANG PRINCESS,2014,POLONNARUWA,1
MOTOR CYCLE,IZUKI,LTW E SCOOTER,2023,BADULLA,1
MOTOR CYCLE,LUYUAN ALFA,MKK-Z23E-12-C,2024,POLONNARUWA,43
MOTOR CYCLE,LENCAR,ERC80,2025,KALUTARA,60
MOTOR CYCLE,LUYUAN ALFA,M1,2025,POLONNARUWA,1
MOTOR CYCLE,SINSKI,TDR93Z,2014,MATALE,1
MOTOR CYCLE,AMUR LEOPARD,DARTRIDE,2013,GAMPAHA,1
MOTOR CYCLE,SINSKI,TDR06Z,2014,GAMPAHA,2
CAR,HYUNDAI,IONIQ EV,2020,PUTTALAM,1
MOTOR CYCLE,SINSKI,TDR137Z,2015,GAMPAHA,1
MOTOR CYCLE,LUYUAN ALFA,M MKK-Z30LJ-12-C,2023,GAMPAHA,2
MOTOR CYCLE,LUYUAN ALFA,MKK-Z23E-12-C,2025,GAMPAHA,1
MOTOR CYCLE,AMUR LEOPARD,TITAN  60 V,2015,KILINOCHCHI,1
MOTOR CYCLE,AMUR LEOPARD,WUYANG PRINCESS,2015,MULLATIVU,2
MOTOR CYCLE,LUYUAN ALFA,MN3-CSQ6020-G1,2018,JAFFNA,1
MOTOR CYCLE,EM78,E/SCOOTOR,2017,COLOMBO,1
MOTOR CYCLE,GUOWEI EAGLE,GWEM01PRETTY,2019,HAMBANTOTA,1
MOTOR CYCLE,WUXI BAITONG,TDT820Z,2023,COLOMBO,1
MOTOR CYCLE,GALLANT,ZX-TDR718,2018,GALLE,1
CAR,PEUGEOT,2008 ALLURE PREMIUM,2023,GAMPAHA,1
MOTOR CYCLE,GALLANT,CITYWALKER,2019,ANURADHAPURA,1
MOTOR CYCLE,OKAYA,FREEDUM,2023,MATALE,1
MOTOR CYCLE,OKAYA,FREEDUM,2023,ANURADHAPURA,2
MOTOR CYCLE,RIKODA,YSY,2022,ANURADHAPURA,3
CAR,PEUGEOT,2008 GT EV,2023,KEGALLE,1
CAR,PEUGEOT,2008 GT,2024,KURUNEGALA,1
MOTOR CYCLE,GALLANT,ZX-SNOW LEPORD,2018,GAMPAHA,1
MOTOR CYCLE,BYVIN,AIR FORCE,2019,BATTICALOA,1
MOTOR CYCLE,GUOWEI EAGLE,GWEM01PRETTY,2018,MATARA,1
MOTOR CYCLE,OKAYA,FREEDUM,2022,BATTICALOA,4
MOTOR CYCLE,OKAYA,FAAST F2T,2022,BATTICALOA,3
MOTOR CYCLE,OKAYA,FAAST F2T,2023,BATTICALOA,1
MOTOR CYCLE,GALLANT,CITY WALKER,2019,RATNAPURA,1
MOTOR CYCLE,TVS,XL SUPER HAVY DUTY,2010,TRINCOMALEE,1
CAR,MAHINDRA,E20,2017,COLOMBO,2
CAR,MAHINDRA,E 20,2017,COLOMBO,2
MOTOR CYCLE,ELECTRA,GRACE X5,2017,COLOMBO,6
MOTOR CYCLE,AKJ,S3 2.0,2017,PUTTALAM,1
CAR,MAHINDRA,E 20,2018,BATTICALOA,2
CAR,MAHINDRA,E 20,2018,HAMBANTOTA,2
CAR,MAHINDRA,E2O,2017,COLOMBO,1
MOTOR CYCLE,ELECTRA,DUKE GI,2017,COLOMBO,1
CAR,FORD,MUSTANG MACH E- STD,2023,COLOMBO,1
MOTOR CYCLE,TVS,IQUBE,2025,KEGALLE,20
THREE WHEELER,MAHINDRA,TREO,2025,GALLE,9
MOTOR TRICYCLE VAN,MAHINDRA,TREO ZOR PICKUP,2025,MATARA,2
MOTOR CYCLE,TVS,IQUBE,2024,KURUNEGALA,5
CAR,KGM,TORRES  EVX,2024,GAMPAHA,1
THREE WHEELER,MAHINDRA,TREO,2025,TRINCOMALEE,2
MOTOR CYCLE,TVS,IQUBE,2024,RATNAPURA,12
MOTOR CYCLE,TVS,IQUBE,2025,MULLATIVU,9
MOTOR CYCLE,ALFA,XY III METRO,2019,TRINCOMALEE,1
MOTOR CYCLE,LVYUAN,M-MNK2-725,2020,PUTTALAM,1
CAR,PORSCHE,TAYCAN,2023,COLOMBO,3
MOTOR CYCLE,DYNAMIC,LY,2023,HAMBANTOTA,1
CAR,CITROEN,E-C4 SENSE,2024,COLOMBO,1
THREE WHEELER,ELEKTRATEQ,ETX,2024,COLOMBO,23
CAR,TATA,NEXON EV,2025,COLOMBO,5
CAR,CHANGAN,LUMIN,2025,GAMPAHA,1
CAR,CHANGAN,S05,2025,ANURADHAPURA,1
MOTOR CYCLE,LADEAEV,ELECTRIC SCOOTER,2025,KURUNEGALA,1
MOTOR CYCLE,WUYANG HONDA,TDR182,2023,KALUTARA,1
MOTOR CYCLE,HUAIHAI,HUAIHAI,2024,ANURADHAPURA,7
CAR,CHANGAN,S 07,2025,KALUTARA,5
CAR,CHANGAN,E07,2025,KALUTARA,1
MOTOR CYCLE,ALFA,XY III METRO,2019,GAMPAHA,4
MOTOR CYCLE,RAPTOR,MAX,2022,BATTICALOA,1
MOTOR CYCLE,HUAIHAI,HUAIHAI,2024,MATARA,23
MOTOR CYCLE,ALFA,XY III METRO,2018,RATNAPURA,1
MOTOR CYCLE,DYNAMIC,SL,2023,RATNAPURA,1
MOTOR CYCLE,YADEA,YD-EM151,2016,MONERAGALA,1
MOTOR CYCLE,YADEA,YD-ET 66,2016,GALLE,1
MOTOR CYCLE,YADEA,YD-EM66,2016,AMPARA,3
THREE WHEELER,XINGBANG,DUDU-02K,2017,COLOMBO,2
MOTOR CYCLE,YADEA,YD-EM 17,2017,AMPARA,1
MOTOR CYCLE,YADEA,YD EM 163,2018,MONERAGALA,2
MOTOR CYCLE,YADEA,YD EM 163,2018,TRINCOMALEE,1
MOTOR CYCLE,YADEA,YD-GM010,2019,MONERAGALA,18
MOTOR CYCLE,YADEA,YDET-66,2018,HAMBANTOTA,3
MOTOR CYCLE,YADEA,YD-GM010,2019,AMPARA,1
MOTOR CYCLE,NEO,AVATAR,2022,COLOMBO,10
MOTOR CYCLE,HUANAN,TB1500DT6,2022,COLOMBO,1
MOTOR CYCLE,YADEA,T9,2023,PUTTALAM,10
MOTOR CYCLE,GDI,X-GOD,2021,KANDY,1
MOTOR CYCLE,YADEA,T9,2023,VAVUNIYA,2
MOTOR CYCLE,YADEA,RUIBIN,2023,COLOMBO,26
MOTOR CYCLE,YADEA,RUIBIN,2023,TRINCOMALEE,4
MOTOR CYCLE,GDI,X-GOD,2023,AMPARA,1
CAR,MG,MG4 ELECTRIC X,2023,JAFFNA,1
MOTOR CYCLE,YADEA,YD EM17,2017,COLOMBO,1
MOTOR CYCLE,YADEA,T5,2023,KANDY,3
MOTOR CYCLE,YADEA,T5,2024,MONERAGALA,180
MOTOR CYCLE,YADEA,RUIBIN,2024,AMPARA,62
MOTOR CYCLE,YADEA,RUIBIN,2024,VAVUNIYA,11
MOTOR CYCLE,QUANLE,G18,2024,KEGALLE,2
CAR,VOLKSWAGEN,ID 4,2024,COLOMBO,1
MOTOR CYCLE,QUANLE,ZL,2024,PUTTALAM,4
MOTOR CYCLE,YADEA,YD1200DT-25D,2023,COLOMBO,1
MOTOR CYCLE,QUANLE,ZS,2024,AMPARA,7
MOTOR CYCLE,YADEA,EPOC H,2024,GALLE,18
MOTOR CYCLE,QUANLE,G18,2024,AMPARA,3
MOTOR CYCLE,QUANLE,ZL,2025,TRINCOMALEE,6
MOTOR CYCLE,QUANLE,XGW,2025,COLOMBO,10
MOTOR CYCLE,QUANLE,G18,2025,COLOMBO,3
MOTOR CYCLE,YADEA,T5,2025,TRINCOMALEE,192
MOTOR CYCLE,YADEA,T 9,2025,PUTTALAM,64
MOTOR CYCLE,QUANLE,XGW,2025,KEGALLE,2
CAR,MG4,MG4 X ELECTRIC,2024,COLOMBO,1
MOTOR CYCLE,YADEA,E8S PRO,2025,TRINCOMALEE,1
MOTOR CYCLE,YADEA,EPOC H,2025,TRINCOMALEE,1
MOTOR CYCLE,YADEA,M6,2025,GALLE,6
MOTOR CYCLE,TMR QUANLE,ZL,2025,HAMBANTOTA,22
MOTOR CYCLE,TMR QUANLE,XGW,2025,GALLE,24
MOTOR CYCLE,TMR QUANLE,G18,2025,TRINCOMALEE,2
MOTOR CYCLE,YADEA,TDR3538Z,2025,COLOMBO,1
MOTOR CYCLE,YADEA,T 5,2025,PUTTALAM,1
DUAL PURPOSE (COMMERCIAL),LANKA ASHOK LEYLAND,IEV4-3,2024,COLOMBO,1
MOTOR CYCLE,YADEA,M6,2025,KANDY,1
MOTOR CYCLE,TMR QUANLE,ZS,2025,TRINCOMALEE,3
MOTOR CYCLE,YADEA,T5 L,2025,HAMBANTOTA,28
MOTOR CYCLE,YADEA,T5 L,2025,KEGALLE,6
MOTOR CYCLE,YADEA,COOLJOY,2025,AMPARA,11
MOTOR CYCLE,YADEA,DT 3,2024,COLOMBO,1
MOTOR CYCLE,YADEA,T5 L,2025,TRINCOMALEE,1
CAR,OMODA,E 5,2024,COLOMBO,1
MOTOR CYCLE,YADEA,YD EM163,2018,KURUNEGALA,1
MOTOR CYCLE,QUANLE,G18,2024,KURUNEGALA,12
MOTOR CYCLE,YADEA,YD600DQT-31A,2023,KURUNEGALA,1
MOTOR CYCLE,QUANLE,ZS,2025,KURUNEGALA,15
MOTOR CYCLE,QUANLE,G 18,2025,KURUNEGALA,1
MOTOR CYCLE,TMR QUANLE,ZS,2025,KURUNEGALA,30
MOTOR CYCLE,YADEA,YD-EM17,2016,POLONNARUWA,1
MOTOR CYCLE,YADEA,YD-EM151,2016,BADULLA,2
MOTOR CYCLE,YADEA,YD-EM 17,2016,BADULLA,1
MOTOR CYCLE,YADEA,YDEM151,2017,BADULLA,1
MOTOR CYCLE,GDI,X-GOD,2021,POLONNARUWA,1
MOTOR CYCLE,YADEA,E8S PRO,2023,KALUTARA,25
MOTOR CYCLE,YADEA,T5,2024,POLONNARUWA,353
MOTOR CYCLE,YADEA,T5,2025,POLONNARUWA,541
MOTOR CYCLE,YADEA,M6,2025,POLONNARUWA,2
MOTOR CYCLE,TMR QUANLE,XGW,2025,BADULLA,1
MOTOR CYCLE,YADEA,COOLJOY,2025,BADULLA,1
MOTOR TRICYCLE VAN,JINPENG,XT150 D,2025,GAMPAHA,1
MOTOR CYCLE,YADEA,YD EM 17,2017,MATALE,1
MOTOR CYCLE,YADEA,YD EM 163,2018,ANURADHAPURA,3
MOTOR CYCLE,YADEA,T9,2023,MATALE,26
MOTOR CYCLE,VMOTO,VS2,2022,MATALE,2
MOTOR CYCLE,NEO,AVATAR,2022,MATALE,1
MOTOR CYCLE,YADEA,T5,2023,MATALE,12
MOTOR CYCLE,YADEA,E8S PRO,2024,MATALE,21
MOTOR CYCLE,QUANLE,XGW,2025,ANURADHAPURA,14
MOTOR CYCLE,YADEA,T5,2025,MATALE,130
MOTOR CYCLE,QUANLE,ZS,2025,MATALE,1
MOTOR CYCLE,TMR QUANLE,XGW,2025,ANURADHAPURA,26
MOTOR CYCLE,YADEA,EZEEGO,2025,ANURADHAPURA,1
MOTOR CYCLE,TMR QUANLE,XGW,2025,MATALE,10
MOTOR CYCLE,YADEA,YDET-66,2018,BATTICALOA,2
MOTOR CYCLE,YADEA,YD-EM66,2016,GAMPAHA,1
MOTOR CYCLE,VMOTO,VS2,2023,GAMPAHA,2
MOTOR CYCLE,YADEA,RUIBIN,2023,BATTICALOA,4
MOTOR CYCLE,YADEA,M6,2023,GAMPAHA,9
MOTOR CYCLE,YADEA,E8S PRO,2024,GAMPAHA,73
MOTOR CYCLE,YADEA,YD 400 W,2024,GAMPAHA,1
MOTOR CYCLE,QUANLE,ZL,2025,GAMPAHA,35
MOTOR CYCLE,TMR QUANLE,Q1,2025,GAMPAHA,3
MOTOR CYCLE,YADEA,YD1200DT35E,2025,GAMPAHA,1
MOTOR CYCLE,YADEA,YD EM 17,2016,RATNAPURA,1
MOTOR CYCLE,YADEA,YDET-66,2018,RATNAPURA,6
MOTOR CYCLE,GDI,X-GOD,2021,RATNAPURA,1
MOTOR CYCLE,YADEA,RUIBIN,2023,RATNAPURA,7
MOTOR CYCLE,YADEA,T5,2023,RATNAPURA,4
MOTOR CYCLE,YADEA,M6,2024,MANNAR,1
MOTOR CYCLE,QUANLE,XGW,2025,RATNAPURA,10
MOTOR CYCLE,YADEA,T 9,2025,RATNAPURA,27
MOTOR CYCLE,TMR QUANLE,ZS,2025,MANNAR,5
MOTOR CYCLE,YADEA,YDET-66,2018,MULLATIVU,1
MOTOR CYCLE,YADEA,T9,2023,JAFFNA,6
MOTOR CYCLE,YADEA,YD EM 17,2017,JAFFNA,1
MOTOR CYCLE,YADEA,EZEEGO,2024,JAFFNA,4
MOTOR CYCLE,YADEA,RUIBIN,2025,JAFFNA,62
MOTOR CYCLE,YADEA,E8S PRO,2025,JAFFNA,3
MOTOR CYCLE,ENOW,MASTER,2016,COLOMBO,72
MOTOR CYCLE,ENOW,MASTER,2016,KEGALLE,1
MOTOR CYCLE,SOLID,FCZJ (E-RIDER),2017,PUTTALAM,3
MOTOR CYCLE,SOLID,CLASSIC,2019,COLOMBO,1
MOTOR CYCLE,SOLID,REO,2017,MONERAGALA,1
CAR,SAIC,MG5,2023,KANDY,1
MOTOR CYCLE,SOLID,LEO,2024,COLOMBO,2
CAR,M.G.,MG4 ELECTRIC X,2024,COLOMBO,1
CAR,M.G.,MG4 X ELECTRIC,2024,COLOMBO,1
MOTOR CYCLE,SOLID,LEO,2022,KANDY,1
CAR,BYD,SEAL,2024,COLOMBO,3
CAR,BYD,ATTO3-ADVANCED,2025,JAFFNA,2
CAR,BYD,ATTO-3-SUPERIOR,2025,MONERAGALA,4
CAR,BYD,ATTO-3-SUPERIOR,2025,MATALE,6
CAR,BYD,SEAL-COMFORT,2025,VAVUNIYA,1
CAR,M.G.,MG S5,2025,COLOMBO,3
CAR,BYD,DOLPHIN-DYNAMIC 70,2025,MONERAGALA,1
MOTOR CYCLE,SOLID,ROBOT,2025,PUTTALAM,14
MOTOR CYCLE,SOLID,ROBOT,2025,MONERAGALA,1
CAR,BYD,SEAL-COMFORT,2025,NUWARA-ELIYA,1
CAR,LING BOX,HXK7000BEVR3,2025,COLOMBO,2
MOTOR CYCLE,SOLID,G6,2025,MONERAGALA,2
MOTOR CYCLE,PHOENIX,ZHENBAO,2025,GALLE,1
CAR,BYD,ATTO 2 PRIMIUM,2025,NUWARA-ELIYA,1
MOTOR CYCLE,SOLID,ROYAL,2016,KURUNEGALA,1
CAR,BYD,BYD SEAL DYNAMIC,2024,GAMPAHA,1
CAR,BYD,DOLPHIN,2023,GAMPAHA,1
CAR,M.G.,MG S5,2025,GAMPAHA,3
MOTOR CYCLE,SOLID,ROBOT,2025,KURUNEGALA,18
MOTOR CYCLE,QCIX,QCIX LH,2024,KURUNEGALA,1
MOTOR CYCLE,ZUBOO,T3,2025,KURUNEGALA,2
CAR,BYD,ATTO 2 PREMIUM,2025,GAMPAHA,1
CAR,BYD,ATTO 1 PREMIUM,2025,ANURADHAPURA,1
MOTOR CYCLE,SOLID,CHALLENGER,2017,BADULLA,1
MOTOR CYCLE,SOLID,FCZJ (E-RIDER),2019,KALUTARA,1
MOTOR CYCLE,SOLID,S9,2025,KALUTARA,4
MOTOR CYCLE,HAWKS,SUNRA,2016,ANURADHAPURA,1
CAR,BYD,M6 SUPERIOR,2025,KALUTARA,3
CAR,BYD,SEAL-COMFORT,2025,MATARA,8
CAR,BYD,ATTO 3 ADVANCED,2025,KALUTARA,1
MOTOR CYCLE,SOLID,G6,2025,ANURADHAPURA,4
CAR,BYD,DOLPHIN-DYNAMIC 70,2025,AMPARA,1
CAR,BYD,ATTO 1 PREMIUM,2025,KALUTARA,4
MOTOR CYCLE,SOLID,RIO,2018,GAMPAHA,1
MOTOR CYCLE,JIN YANG GUANG,GESUN E BIKE,2018,GAMPAHA,1
MOTOR CYCLE,SOLID,GRACE,2017,GAMPAHA,1
MOTOR CYCLE,HONDA,ZOOMER E,2019,MATARA,1
MOTOR CYCLE,SOLID,LEO,2022,MATARA,1
MOTOR CYCLE,SOLID,LEO,2023,GAMPAHA,37
CAR,BYD,DOLPHIN-DYNAMIC49,2025,PUTTALAM,15
MOTOR CYCLE,PHOENIX,ZHENBAO,2025,MATARA,1
CAR,BYD,ATTO3-ADVANCED,2025,POLONNARUWA,2
MOTOR CYCLE,ENERMASTER,TDR 2482,2010,COLOMBO,1
MOTOR CYCLE,LUYUAN ALFAXL,MT-FS8020-GI,2015,COLOMBO,7
MOTOR CYCLE,LUYUAN ALFAXL,MT-FS8020-GI,2015,GALLE,2
MOTOR CYCLE,LUYUAN ALFAXL,MT-FS8020-GI,2015,HAMBANTOTA,1
MOTOR CYCLE,LUYUAN ALFAXL,MD-DS7220-GI,2017,KANDY,1
MOTOR CYCLE,RISE,LEADER MAX,2024,GALLE,1
MOTOR CYCLE,OYFLY,TDM-LTW,2024,GALLE,7
MOTOR CYCLE,DASTOL,DW-28,2024,COLOMBO,21
MOTOR CYCLE,RISE,LEADER R80,2025,HAMBANTOTA,14
MOTOR CYCLE,RISE,LEADER R80,2025,GALLE,19
MOTOR CYCLE,RISE,LEADER R 100,2025,HAMBANTOTA,20
MOTOR CYCLE,RISE,LEADER R 100,2025,PUTTALAM,3
DUAL PURPOSE (COMMERCIAL),GEELY,RIDDARA RD6,2024,COLOMBO,1
MOTOR CYCLE,OYFLY,TDM-LTW,2024,KURUNEGALA,7
MOTOR CYCLE,OYFLY,TDM-LTW,2025,KURUNEGALA,1
MOTOR CYCLE,OYFLY,TDN 119,2023,POLONNARUWA,1
MOTOR CYCLE,OYFLY,TDM-LTW,2025,BADULLA,1
MOTOR CYCLE,RISE,LEADER,2023,MATALE,25
CAR,KYC,V7EV,2025,KALUTARA,1
MOTOR CYCLE,RISE,LEADER V 2.0,2025,ANURADHAPURA,1
CAR,DAIHATSU,5AA-A202S ROCKY,2025,KURUNEGALA,2
MOTOR CYCLE,LUYUAN ALFAXL,HWY2-9TS7250-GI,2014,GAMPAHA,4
MOTOR CYCLE,LUYUAN ALFAXL,MT-FS8020-GI,2015,MATARA,3
MOTOR CYCLE,WAOPAI,FEGO,2018,GAMPAHA,1
MOTOR CYCLE,RISE,LEADER,2024,MATARA,30
MOTOR CYCLE,OYFLY,TDM BO2,2024,GAMPAHA,3
MOTOR CYCLE,RISE,LEADER V 2.0,2025,GAMPAHA,1
MOTOR CYCLE,RISE,LEADER,2022,RATNAPURA,13
MOTOR CYCLE,ZONGSHEN,TDT105Z,2018,JAFFNA,2
MOTOR CYCLE,WAOPAI,FEGO,2018,JAFFNA,2
MOTOR CYCLE,RISE,LEADER,2024,MULLATIVU,4
MOTOR CYCLE,RISE,LEADER V 2.0,2025,JAFFNA,7
CAR,B.M.W.,13,2013,COLOMBO,2
CAR,B.M.W.,ZAA-1Z00 BMW I3,2014,KANDY,1
CAR,B.M.W.,130RANGE EXTENDER,2013,COLOMBO,1
CAR,B.M.W.,I 3,2014,GALLE,1
MOTOR CYCLE,YAMAHA,FASCINO,2016,AMPARA,2
CAR,B.M.W.,I 3 REX,2016,COLOMBO,1
CAR,B.M.W.,TX  XDRIVE40 M SPORT,2023,COLOMBO,1
CAR,B.M.W.,I7 XDRIVE 60 M SPORT,2023,COLOMBO,3
MOTOR CYCLE,LE,ELECTRO BLADE BI3A,2022,MONERAGALA,2
CAR,B.M.W.,IX XDRIVE 40,2023,COLOMBO,1
CAR,B.M.W.,ZAA-12CF89S-IX40,2022,COLOMBO,1
MOTOR CYCLE,LIMA,JV 1.5G,2024,GALLE,3
MOTOR CYCLE,LIMA,JV 1.5G,2024,COLOMBO,1
CAR,B.M.W.,I5 EDRIVE 40 M SPORT,2024,COLOMBO,1
MOTOR CYCLE,LIMA,EL07,2024,KANDY,4
MOTOR CYCLE,LIMA,EL07,2024,GALLE,1
MOTOR CYCLE,ATHER,450X,2025,MONERAGALA,1
MOTOR CYCLE,MILG,XI1000,2023,HAMBANTOTA,1
MOTOR CYCLE,MILG,YW450,2023,HAMBANTOTA,1
MOTOR CYCLE,ATHER,RIZTA,2025,COLOMBO,5
CAR,B.M.W.,I7-XDRIVE60 EXCELLEN,2023,GAMPAHA,1
MOTOR CYCLE,LIMA,JV 1.5G,2024,KURUNEGALA,24
MOTOR CYCLE,LIMA,ELO-07,2025,KURUNEGALA,11
MOTOR CYCLE,LIMA,JV 1.5G,2024,POLONNARUWA,1
MOTOR CYCLE,LIMA,ELO-07,2025,KALUTARA,3
CAR,B.M.W.,I 3,2015,MATARA,2
MOTOR CYCLE,ZUB,MOTOR BIKE,2018,MATALE,2
MOTOR CYCLE,LE,ELECTRO BLADE BI3A,2022,ANURADHAPURA,1
CAR,B.M.W.,ZAA-32FK45 I5 EDRIVE,2024,MATARA,1
MOTOR CYCLE,ATHER,450X,2025,ANURADHAPURA,14
CAR,BAW,E7,2025,KURUNEGALA,36
MOTOR CYCLE,LE,FAMILIA M8A2,2022,GAMPAHA,3
MOTOR CYCLE,ATHER,450X,2025,GAMPAHA,42
MOTOR CYCLE,LIMA,EL07,2024,GAMPAHA,3
MOTOR CYCLE,LIMA,EL07,2024,MATARA,3
CAR,DONGFENG,VIGO  E2 PLUS,2025,PUTTALAM,1
MOTOR CYCLE,LE,FAMILIA M8/A2,2022,RATNAPURA,1
MOTOR CYCLE,LE,DINA U ENJOY-B1- A,2022,RATNAPURA,1
LAND VEHICLE (SMALL),SIFANG,GN 12,2008,KURUNEGALA,1
MOTOR CYCLE,CT HEAVY MODEL,C T HEAVY,2014,COLOMBO,1
CAR,TESLA,MODEL X 75D,2017,COLOMBO,1
MOTOR CYCLE,NWOW,ERVS,2019,PUTTALAM,1
MOTOR CYCLE,NWOW,SE,2018,PUTTALAM,1
MOTOR CYCLE,EAGLE BRAND,GWEMOIPRETTY,2017,HAMBANTOTA,1
CAR,TESLA,MODEL S,2016,COLOMBO,1
MOTOR CYCLE,EAGLE BRAND,GWEMOIPRETTY,2019,GALLE,1
MOTOR CYCLE,LUYUAN,LY1200DT-12,2023,GALLE,1
CAR,TESLA,MODEL  Y,2024,COLOMBO,1
MOTOR CYCLE,OPAI,OPY-EM-005,2024,MONERAGALA,33
MOTOR CYCLE,NWOW,TK 10,2024,KANDY,2
MOTOR CYCLE,LUYUAN,MYY-Z35J,2024,COLOMBO,1
MOTOR CYCLE,LUYUAN,MNK3,2024,AMPARA,5
MOTOR CYCLE,LUYUAN,S90 PLUS,2024,COLOMBO,2
MOTOR CYCLE,LUYUAN,MNK3,2024,PUTTALAM,2
MOTOR CYCLE,DAYWANG(DW)SL,E-MOTOR CYCLE,2024,GALLE,1
MOTOR CYCLE,LUYUAN,MS70 Z23E,2024,COLOMBO,1
MOTOR CYCLE,NWOW,SE,2020,PUTTALAM,1
MOTOR CYCLE,AIMA,BREEZY,2025,AMPARA,37
MOTOR CYCLE,AIMA,MANA,2025,GALLE,22
MOTOR CYCLE,LUYUAN,MYT,2025,KANDY,1
MOTOR CYCLE,AIMA,MANA,2025,AMPARA,3
MOTOR CYCLE,AIMA,MAVERICK,2025,TRINCOMALEE,3
MOTOR CYCLE,AIMA,LIBERTY,2025,COLOMBO,8
MOTOR CYCLE,NWOW,SE,2024,HAMBANTOTA,1
MOTOR CYCLE,LVJU,TDZ2SSZ,2018,KURUNEGALA,1
CAR,TESLA,ZAA-YL1YT,2023,GAMPAHA,1
CAR,TESLA,MODELY,2023,BADULLA,1
CAR,WULING,BINGUO,2025,GAMPAHA,47
MOTOR CYCLE,NWOW,ARS,2025,KURUNEGALA,5
MOTOR CYCLE,NWOW,SE,2024,KALUTARA,42
MOTOR CYCLE,LUYUAN,MNK3,2025,KALUTARA,6
MOTOR CYCLE,NWOW,WSP,2025,KALUTARA,14
CAR,TESLA,MODEL Y,2024,KALUTARA,1
MOTOR CYCLE,DAYWANG(DW)SL,E-MOTOR CYCLE,2025,ANURADHAPURA,1
MOTOR CYCLE,NWOW,SE,2025,ANURADHAPURA,1
MOTOR CYCLE,AIMA,MAVERICK,2025,MATALE,9
MOTOR CYCLE,NWOW,SE,2018,GAMPAHA,84
MOTOR CYCLE,NWOW,ARS,2020,GAMPAHA,11
MOTOR CYCLE,NWOW,ERV,2022,GAMPAHA,1
MOTOR CYCLE,NWOW,CPX,2023,GAMPAHA,2
CAR,TESLA,MODEL 3,2024,PUTTALAM,1
MOTOR CYCLE,NWOW,TK 10,2016,GAMPAHA,2
MOTOR CYCLE,AIMA,MANA,2025,BATTICALOA,2
MOTOR CYCLE,LUYUAN,MYY-Z35J,2025,MATARA,1
MOTOR CYCLE,GK,STAR TREK,2018,RATNAPURA,1
MOTOR CYCLE,NWOW,TK 10,2022,RATNAPURA,1
MOTOR CYCLE,OPAI,YW-06,2024,RATNAPURA,1
MOTOR CYCLE,NWOW,SE,2025,RATNAPURA,1
MOTOR CYCLE,NWOW,WSP,2024,RATNAPURA,1
MOTOR CYCLE,LUYUAN,MNK3,2025,MANNAR,10
SINGLE CAB,WULING,G100P-R,2024,COLOMBO,1
MOTOR CYCLE,AIMA,MANA,2025,JAFFNA,1
SPECIAL PURPOSE VEHICLE,T.C.M,FB20-7,2010,COLOMBO,1
CAR,NISSAN,ZAA-AZE0-LEAF,2013,RATNAPURA,1
CAR,NISSAN,DAA-AZE0,2013,COLOMBO,1
CAR,NISSAN,ZAA-AZE0,2014,COLOMBO,1
CAR,NISSAN,LEAF  ZAA-AZEO,2013,COLOMBO,1
CAR,NISSAN,ZAA-ZE0 LEAF,2013,COLOMBO,4
CAR,MITSUBISHI,ZAA-HA3W  I MIEV,2012,COLOMBO,1
CAR,NISSAN,ZAA-AZE0  LEAF,2012,COLOMBO,11
CAR,NISSAN,ZAA-AZE0 LEAF,2012,KANDY,19
CAR,NISSAN,ZAA-AZEO LEAF,2012,HAMBANTOTA,2
CAR,NISSAN,ZAA-ZEO,2013,COLOMBO,1
CAR,NISSAN,ZAA-AZE0 LEAF,2014,JAFFNA,1
CAR,NISSAN,ZAA-AZEO LEAF,2015,COLOMBO,41
CAR,NISSAN,ZAA-AZE0 LEAF,2012,JAFFNA,1
CAR,NISSAN,LEAF,2015,COLOMBO,21
CAR,NISSAN,LEAF ACENTA LEAF,2014,COLOMBO,1
CAR,NISSAN,ZAA-AZEO LEAF,2014,RATNAPURA,10
CAR,NISSAN,FEAF ACENTA,2014,COLOMBO,1
CAR,NISSAN,ZAA-AZE0-LEAF,2013,GALLE,1
CAR,NISSAN,ZAA-AZE0  LEAF,2014,RATNAPURA,1
CAR,NISSAN,ZAA ZEO LEAF ACENTA,2015,COLOMBO,1
CAR,NISSAN,LEAF VISIA,2013,KANDY,1
CAR,NISSAN,ZAA-AZE0 LEAF,2016,GALLE,1
CAR,NISSAN,ZAA-AZEO -LEAF,2016,COLOMBO,1
CAR,NISSAN,ZAA-AZE0  LEAF,2017,COLOMBO,2
CAR,NISSAN,ZAA-AZEO LEAF,2017,JAFFNA,1
DUAL PURPOSE (COMMERCIAL),NISSAN,ZAB-VMEO,2015,COLOMBO,1
DUAL PURPOSE (COMMERCIAL),MITSUBISHI,ZAB-U67V MINICAB MIE,2011,COLOMBO,1
CAR,NISSAN,ZAA-AZE0  LEAF,2016,NUWARA-ELIYA,1
CAR,NISSAN,TEKNA,2015,COLOMBO,1
CAR,NISSAN,LEAF  ACENTA,2018,COLOMBO,1
CAR,MITSUBISHI,MINI CAB MIEV,2011,COLOMBO,1
CAR,NISSAN,ZAA-ZE1 LEAF,2017,COLOMBO,2
CAR,NISSAN,LEAF  TEKNA,2017,KANDY,1
DUAL PURPOSE (COMMERCIAL),MITSUBISHI,ZAB-U68V MINICAB,2017,COLOMBO,2
CAR,NISSAN,ZAA-ZE1 LEAF  G,2018,KANDY,1
CAR,NISSAN,ZAA-AZEO -LEAF,2013,RATNAPURA,1
CAR,MITSUBISHI,ZAB-U67V HLDDA,2012,KANDY,1
CAR,NISSAN,ZAA-ZE1 LEAF,2022,COLOMBO,1
MOTOR CYCLE,SUPER SOCO,CUX PRO,2023,GALLE,1
CAR,NISSAN,ZAA-FE0-ARIYA,2023,COLOMBO,1
MOTOR CYCLE,CHINA,YC1-PLUS,2024,PUTTALAM,1
CAR,VOLKSWAGEN,ID 4 LIFE,2023,RATNAPURA,1
CAR,NISSAN,LEAF-ZAA-ZE1,2023,KANDY,1
CAR,VOLKSWAGEN,ZAA-E2EBJ ID.4,2024,COLOMBO,2
MOTOR CYCLE,SUPER SOCO,TS STREET HUNTER,2024,GALLE,5
CAR,NISSAN,6AA-FE13 AURA,2024,COLOMBO,2
MOTOR CYCLE,ZHEJIANG WEIZHEN,N10,2024,COLOMBO,1
CAR,GAC,AION ES,2025,COLOMBO,1
CAR,NISSAN,ZAA-B6AW SAKURA,2023,KANDY,1
CAR,NISSAN,ZAA-AZE0,2012,GAMPAHA,2
CAR,NISSAN,ZAA-AZE0-LEAF,2013,GAMPAHA,1
CAR,NISSAN,LEAF TEKNA,2014,GAMPAHA,6
CAR,NISSAN,ZAA- AZEO LEAF,2013,GAMPAHA,1
CAR,NISSAN,ZAA AZEO LEAF,2013,BADULLA,1
CAR,NISSAN,LEAF VISIA,2015,GAMPAHA,1
CAR,NISSAN,LEAF VISIA,2014,GAMPAHA,7
CAR,NISSAN,LEAF TEKNA,2015,GAMPAHA,5
CAR,NISSAN,ZAA AZEO LEAF,2015,GAMPAHA,1
CAR,NISSAN,ZAA-AZEO,2014,BADULLA,1
CAR,NISSAN,ZAA AZEO LEAF,2015,ANURADHAPURA,1
CAR,NISSAN,ZAA-AZEO  LEAF,2015,GAMPAHA,4
CAR,MITSUBISHI,ZAA-HA3W  I-MIEV,2014,GAMPAHA,1
CAR,NISSAN,LEAF VISIA,2013,BADULLA,1
CAR,MITSUBISHI,ZAA-HA3W I MIEV,2013,GAMPAHA,1
CAR,NISSAN,ZAA- AZEO - LEAF,2014,GAMPAHA,1
CAR,NISSAN,LEAF ACENTA -30KWH,2015,GAMPAHA,1
CAR,NISSAN,ZAA-AZEO- LEAF,2014,GAMPAHA,1
CAR,NISSAN,ZAA--ZE1 LEAF,2018,BADULLA,1
CAR,NISSAN,LEAF ACENTA,2022,GAMPAHA,1
CAR,NISSAN,LEAF-ZAA-ZE1,2022,GAMPAHA,1
CAR,NISSAN,LEAF - ZAA-ZE1,2022,GAMPAHA,1
MOTOR CYCLE,TERRA,A4000I,2016,KURUNEGALA,1
MOTOR CYCLE,TERRA,A4000 I,2015,KURUNEGALA,2
MOTOR CYCLE,SUPER SOCO,TS STREET HUNTER,2025,KURUNEGALA,1
MOTOR CYCLE,DIMEN,D60,2025,KURUNEGALA,11
CAR,LEAPMOTOR,C10 REEV,2025,BADULLA,1
CAR,GAC,AION V LUXURY,2025,BADULLA,1
DUAL PURPOSE (COMMERCIAL),MITSUBISHI,ZAB-U67V MINI CAB,2011,GAMPAHA,1
MOTOR CYCLE,SUPER SOCO,TS STREET HUNTER,2023,KALUTARA,5
CAR,NISSAN,ZAA-AZE0,2014,KALUTARA,1
CAR,NISSAN,ZAA-AZE0 LEAF,2012,KALUTARA,11
CAR,NISSAN,LEAF ZAA-AZEO,2013,MATARA,1
CAR,NISSAN,ZAA-ZE0  LEAF,2012,KALUTARA,2
CAR,NISSAN,ZAA ZEO LEAF,2012,KURUNEGALA,1
CAR,NISSAN,DAA-AZEO LEAF,2014,KALUTARA,1
CAR,NISSAN,LEAF  TEKNA,2015,KEGALLE,1
CAR,NISSAN,ZAA-AZEO  LEAF,2015,KALUTARA,1
CAR,NISSAN, ZAA  ZE1 LEAF,2018,KALUTARA,1
MOTOR CYCLE,SUPER SOCO,CUX PRO,2023,ANURADHAPURA,7
MOTOR CYCLE,SUPER SOCO,CUX PRO,2023,MATALE,5
MOTOR CYCLE,SUPER SOCO,CPX,2023,ANURADHAPURA,1
CAR,NISSAN,ZAA-AZEO LEAF,2014,PUTTALAM,13
DUAL PURPOSE (COMMERCIAL),MITSUBISHI,ZAB-U67V MINICAB,2011,GALLE,1
MOTOR CYCLE,TERRA,A4000 I,2015,GAMPAHA,1
MOTOR CYCLE,CHINA,H-TE,2016,GAMPAHA,1
MOTOR CYCLE,SUPER SOCO,TS STREET HUNTER,2022,GAMPAHA,7
MOTOR CYCLE,SUPER SOCO,TS STREET HUNTER,2025,GAMPAHA,6
MOTOR CYCLE,SUPER SOCO,TS STREET HUNTER,2025,MATARA,1
MOTOR CYCLE,AMUR LEOPARD,SMALL TORTOISE KING,2013,AMPARA,1
MOTOR CYCLE,AMUR LEOPARD,LUCKY  STAR,2013,TRINCOMALEE,1
MOTOR CYCLE,AMUR LEOPARD,JIYAYING,2015,COLOMBO,1
MOTOR CYCLE,AMUR LEOPARD,WYWANG PRINCES,2013,AMPARA,3
MOTOR CYCLE,AMUR LEOPARD,WUYANG PRINCESS,2014,PUTTALAM,1
CAR,SHIFENG,GDO4C,2013,COLOMBO,2
MOTOR CYCLE,AMUR LEOPARD,WYWANG PRINCES,2014,PUTTALAM,1
MOTOR CYCLE,LUYUAN ALFA,MN5-CAS7220-Z5,2018,AMPARA,1
CAR,HYUNDAI,KONA EV,2019,KANDY,1
CAR,HYUNDAI,IONIQ,2019,COLOMBO,1
MOTOR CYCLE,LUYUAN ALFA,ALFA NEO,2017,COLOMBO,1
MOTOR CYCLE,SINSKI,TDR93Z,2014,COLOMBO,1
MOTOR CYCLE,LUYUAN ALFA,M MKK-Z30LJ-12-C,2022,COLOMBO,3
THREE WHEELER,OXWAGEN,OXWAGEN PT,2020,COLOMBO,1
CAR,HYUNDAI,KONA EV SUV,2023,COLOMBO,1
MOTOR CYCLE,LUYUAN ALFA,M-MKK-Z30LJ-12-C,2024,KEGALLE,3
MOTOR CYCLE,DECO,E-BIKE,2023,COLOMBO,1
MOTOR CYCLE,LUYUAN ALFA,MKK-Z23E-12-C,2025,COLOMBO,12
MOTOR CYCLE,LUYUAN ALFA,M-MKK-Z30LJ-12-C,2024,GALLE,1
MOTOR CYCLE,LENCAR,ERC80,2025,GALLE,4
MOTOR CYCLE,LUYUAN ALFA,MKK-Z23E-12-C,2025,KEGALLE,1
MOTOR CYCLE,LUYUAN ALFA,MKK-Z23E-12-C,2025,TRINCOMALEE,1
MOTOR CYCLE,FST,TV6,2025,COLOMBO,5
THREE WHEELER,GOEASY,RAPIDTRI,2025,COLOMBO,1
CAR,SHIFENG,GD04C,2013,GAMPAHA,4
MOTOR CYCLE,LUYUAN ALFA,MN5-CAS7220-Z5,2018,KURUNEGALA,3
MOTOR CYCLE,LENCAR,ERC80,2023,KURUNEGALA,3
MOTOR CYCLE,BNC,CHALLENGER S 125,2024,KURUNEGALA,1
MOTOR CYCLE,LUYUAN ALFA,M-MKK-Z30LJ-12-C,2024,POLONNARUWA,3
MOTOR CYCLE,LUYUAN ALFA,M-MKK-Z30LJ-12-C,2025,KALUTARA,2
MOTOR CYCLE,LUYUAN ALFA,M-MKK-Z30LJ-12-C,2023,ANURADHAPURA,1
MOTOR CYCLE,LUYUAN ALFA,MKK-Z23E-12-C,2024,MATALE,2
MOTOR CYCLE,LENCAR,ERC80,2023,ANURADHAPURA,1
CAR,KIA,EV5,2024,KURUNEGALA,1
MOTOR CYCLE,POWER STAR,PSTR205,2005,GAMPAHA,1
MOTOR CYCLE,SINSKI,TDRO 72,2014,GAMPAHA,1
MOTOR CYCLE,AMUR LEOPARD,LUHU,2014,BATTICALOA,2
MOTOR CYCLE,AMUR LEOPARD,SKY CAT 48 V,2015,GAMPAHA,1
MOTOR CYCLE,SINSKI,TDR137Z,2017,GAMPAHA,5
MOTOR CYCLE,SINSKI,TDR 137-Z,2017,GAMPAHA,1
MOTOR CYCLE,LUYUAN ALFA,DPX,2019,GAMPAHA,1
MOTOR CYCLE,DECO,EBIKE,2023,GAMPAHA,1
MOTOR CYCLE,SINSKI,TDR34Z,2014,GAMPAHA,1
MOTOR CYCLE,LENCAR,ERC80,2025,GAMPAHA,11
MOTOR CYCLE,LENCAR,ERC 80,2025,GAMPAHA,1
CAR,KIA,EV5,2025,PUTTALAM,1
MOTOR CYCLE,AMUR LEOPARD,WUYANG PRINCESS,2013,KILINOCHCHI,3
MOTOR CYCLE,AMUR LEOPARD,WYWANG PRINCES,2013,MANNAR,1
MOTOR CYCLE,AMUR LEOPARD,WUYANG PRINCESS,2019,MANNAR,1
MOTOR CYCLE,AMUR LEOPARD,WUYANG PRINCESS,2013,MULLATIVU,1
MOTOR CYCLE,AMUR LEOPARD,WYWANG PRINCES,2013,JAFFNA,2
MOTOR CYCLE,LUYUAN ALFA,MKK-Z23E-12-C,2025,JAFFNA,2
MOTOR CYCLE,GALLANT,CITY WALKER,2019,KANDY,1
MOTOR CYCLE,EM78,E SCOOTER,2017,KEGALLE,1
MOTOR CYCLE,CHINA BASE,10ZW6071316YA,2023,COLOMBO,4
CAR,PEUGEOT,E/2008ALLUREPREMIUME,2022,COLOMBO,1
MOTOR CYCLE,OKAYA,FAAST F2T,2022,GALLE,3
MOTOR CYCLE,GALLANT,ZX-HYBRIDI,2018,KURUNEGALA,1
CAR,PEUGEOT,E3008 GT,2024,GAMPAHA,1
MOTOR CYCLE,WAOPAL,REOA,2018,MATALE,1
MOTOR CYCLE,OKAYA,FREEDUM,2022,MATALE,1
MOTOR CYCLE,LVJIA,LJ-ZY SCOOTER,2018,GAMPAHA,1
MOTOR CYCLE,FALCON,LIE YING W7M-QP,2018,MATARA,1
MOTOR CYCLE,GALLANT,ZX-7DR718,2018,GAMPAHA,1
MOTOR CYCLE,GALLANT,ZX HYBRID1,2018,GAMPAHA,1
MOTOR CYCLE,OKAYA,FAAST F2T,2022,MATARA,1
CAR,MAHINDRA,E 2 O,2013,COLOMBO,1
MOTOR CYCLE,STAR,CN,2018,COLOMBO,1
THREE WHEELER,STAR,EV TRIKE,2018,COLOMBO,1
MOTOR CYCLE,ELECTRA,ST 09,2018,COLOMBO,2
THREE WHEELER,MAHINDRA,TREO PLUS,2025,COLOMBO,2
MOTOR CYCLE,TVS,IQUBE,2025,VAVUNIYA,6
CAR,MAHINDRA,E 20,2016,GAMPAHA,3
CAR,MAHINDRA,E 20,2017,GAMPAHA,1
THREE WHEELER,MAHINDRA,TREO,2025,GAMPAHA,36
MOTOR CYCLE,TVS,IQUBE,2024,BADULLA,1
CAR,MAHINDRA,E 20,2016,KALUTARA,5
MOTOR CYCLE,TVS,IQUBE,2025,MATALE,1
MOTOR CYCLE,TVS,IQUBE,2022,ANURADHAPURA,1
MOTOR CYCLE,ELECTRA,TIFFANY L2,2017,GAMPAHA,3
MOTOR CYCLE,ELECTRA,JUWUBA,2017,GAMPAHA,1
MOTOR CYCLE,TVS,IQUBE,2025,GAMPAHA,152
SPECIAL PURPOSE VEHICLE,JINGJIANG,CPD 25 -FORK LIFT,2014,COLOMBO,1
MOTOR CYCLE,ALFA,XY III METRO,2018,PUTTALAM,1
MOTOR CYCLE,ALFA,PANTHER ALFA,2018,COLOMBO,1
SPECIAL PURPOSE VEHICLE,JAC,CPD 25,2025,COLOMBO,1
CAR,TATA,PUNCH EV,2025,COLOMBO,6
MOTOR CYCLE,HUAIHAI,HUAIHAI,2024,MONERAGALA,1
MOTOR CYCLE,DYNAMIC,SL,2024,PUTTALAM,1
CAR,SKYWELL,BE11,2025,COLOMBO,5
CAR,CHANGAN,S 07,2025,MATALE,1
CAR,CHANGAN,LUMIN,2025,GALLE,1
CAR,CHANGAN,S 07,2025,KANDY,1
CAR,CHANGAN,S 07,2025,VAVUNIYA,1
MOTOR CYCLE,LVYUAN,M-MNK272501200-25AZH,2020,POLONNARUWA,1
MOTOR CYCLE,HUAIHAI,HUAIHAI,2023,KALUTARA,2
CAR,CHANGAN,S 07,2025,KURUNEGALA,1
THREE WHEELER,ELEKTRATEQ,ETX,2024,KEGALLE,1
THREE WHEELER,ELEKTRATEQ,ETX,2025,MATALE,2
MOTOR CYCLE,ALFA,XY III METRO,2017,JAFFNA,1
MOTOR CYCLE,VMOTO,E-CROSS,2014,COLOMBO,1
CAR,VOLKSWAGEN,GOLF,2015,COLOMBO,2
MOTOR CYCLE,YADEA,YD-EM 17,2017,KANDY,1
MOTOR CYCLE,YADEA,YD EM  151,2017,AMPARA,1
MOTOR CYCLE,YADEA,YD- EM 151,2017,MONERAGALA,1
MOTOR CYCLE,YADEA,YD-X5,2018,COLOMBO,12
MOTOR CYCLE,YADEA,YD-GM10,2018,COLOMBO,1
MOTOR CYCLE,YADEA,YD-X5,2018,GALLE,1
MOTOR CYCLE,LEOMA,FASHION  RIDER,2019,GALLE,1
MOTOR CYCLE,LEOMA,FASHION RIDER,2019,GALLE,2
MOTOR CYCLE,NEO,AVATAR,2022,KANDY,1
MOTOR CYCLE,NEO,AVATAR,2023,PUTTALAM,1
MOTOR CYCLE,YADEA,E8SPRO,2023,COLOMBO,4
CAR,MG,MG 4 SE,2022,KANDY,1
MOTOR CYCLE,YADEA,M6,2023,COLOMBO,4
MOTOR CYCLE,YADEA,G5,2023,COLOMBO,1
CAR,MG,EP PLUS,2023,COLOMBO,3
MOTOR CYCLE,GDI,X-GOD,2023,GALLE,4
MOTOR CYCLE,YADEA,RUIBIN,2023,MONERAGALA,6
MOTOR CYCLE,YADEA,RUIBIN,2023,AMPARA,16
CAR,MG,MG4,2023,GALLE,1
MOTOR CYCLE,YADEA,T5,2023,KEGALLE,4
MOTOR CYCLE,YADEA,T5,2023,GALLE,5
MOTOR CYCLE,YADEA,M6,2023,KANDY,3
MOTOR CYCLE,YADEA,RUIBIN,2024,MONERAGALA,31
MOTOR CYCLE,YADEA,T5,2024,PUTTALAM,297
MOTOR CYCLE,YADEA,T 9,2024,KEGALLE,36
MOTOR CYCLE,YADEA,M6,2024,MONERAGALA,4
MOTOR CYCLE,VMOTO,CITI,2024,HAMBANTOTA,2
MOTOR CYCLE,YADEA,E8S PRO,2024,TRINCOMALEE,5
CAR,MG,MG4  X ELECTRIC,2024,COLOMBO,1
MOTOR CYCLE,YADEA,YD600DQT-31A,2024,KEGALLE,1
MOTOR CYCLE,DAJING,TDT216Z,2024,GALLE,1
MOTOR CYCLE,YADEA,EZEEGO,2024,TRINCOMALEE,1
MOTOR CYCLE,YADEA,EPOC H,2024,TRINCOMALEE,3
MOTOR CYCLE,QUANLE,XGW,2025,AMPARA,8
MOTOR CYCLE,QUANLE,G18,2025,MONERAGALA,11
MOTOR CYCLE,QUANLE,XGW,2025,GALLE,14
MOTOR CYCLE,QUANLE,Q1,2024,TRINCOMALEE,2
MOTOR CYCLE,YADEA,EPOC H,2024,VAVUNIYA,1
MOTOR CYCLE,YADEA,E8S PRO,2025,PUTTALAM,1
MOTOR CYCLE,QUANLE,G18,2025,KANDY,1
MOTOR CYCLE,YADEA,E8S PRO,2025,GALLE,2
MOTOR CYCLE,QUANLE,G18,2025,PUTTALAM,8
MOTOR CYCLE,QUANLE,Q1,2025,AMPARA,1
MOTOR CYCLE,QUANLE,N9 (NINEBOT),2025,TRINCOMALEE,2
MOTOR CYCLE,QUANLE,N9 (NINEBOT),2025,AMPARA,3
MOTOR CYCLE,TMR QUANLE,G18,2025,AMPARA,9
MOTOR CYCLE,TMR QUANLE,XGW,2025,COLOMBO,5
MOTOR CYCLE,TMR QUANLE,XGW,2025,KANDY,1
MOTOR CYCLE,YADEA,YDEM 17,2017,KURUNEGALA,2
MOTOR CYCLE,YADEA,YD-EM163,2018,KURUNEGALA,1
MOTOR CYCLE,YADEA,E8S PRO,2023,KURUNEGALA,88
MOTOR CYCLE,YADEA,YD EM17,2017,KURUNEGALA,1
MOTOR CYCLE,YADEA,T9,2024,KURUNEGALA,1
MOTOR CYCLE,QUANLE,G18,2025,KURUNEGALA,39
CAR,MG,MG4,2024,GAMPAHA,1
MOTOR CYCLE,QUANLE,Q1,,KURUNEGALA,1
MOTOR CYCLE,YADEA,C CITY,2018,KURUNEGALA,1
MOTOR CYCLE,YADEA,YD-EM66,2016,BADULLA,6
MOTOR CYCLE,YADEA,YD EM 163,2018,KALUTARA,1
MOTOR CYCLE,YADEA,YD-EM17,2017,BADULLA,1
MOTOR CYCLE,YADEA,YDET-66,2018,KALUTARA,1
MOTOR CYCLE,YADEA,T9,2023,KALUTARA,23
MOTOR CYCLE,YADEA,RUIBIN,2023,KALUTARA,6
MOTOR CYCLE,YADEA,E8S PRO,2024,KALUTARA,41
MOTOR CYCLE,QUANLE,XGW,2025,BADULLA,1
MOTOR CYCLE,YADEA,T5,2025,KALUTARA,671
MOTOR CYCLE,YADEA,T5,2025,BADULLA,78
MOTOR CYCLE,VMOTO,CITI,2024,NUWARA-ELIYA,1
MOTOR CYCLE,YADEA,YD1200DT-111B,2025,KALUTARA,1
MOTOR CYCLE,YADEA,T5 L,2025,BADULLA,2
MOTOR CYCLE,YADEA,T9,2023,ANURADHAPURA,13
MOTOR CYCLE,YADEA,E8S PRO,2023,ANURADHAPURA,36
CAR,MG,MG4 ELECTRIC X,2023,KURUNEGALA,1
MOTOR CYCLE,QUANLE,G18,2024,MATALE,4
MOTOR CYCLE,QUANLE,ZS,2024,MATALE,5
MOTOR CYCLE,GDI,X-GOD,2023,ANURADHAPURA,1
MOTOR CYCLE,TMR QUANLE,G18,2025,ANURADHAPURA,10
MOTOR CYCLE,TMR QUANLE,ZS,2025,ANURADHAPURA,9
MOTOR CYCLE,YADEA,YD EM17,2016,BATTICALOA,1
MOTOR CYCLE,YADEA,RUIBIN,2024,MATARA,33
MOTOR CYCLE,YADEA,T 9,2024,GAMPAHA,127
MOTOR CYCLE,QUANLE,XGW,2024,GAMPAHA,57
CAR,MG,MG4 X ELECTRIC,2024,PUTTALAM,1
MOTOR CYCLE,YADEA,TDR3092Z,2024,MATARA,1
MOTOR CYCLE,YADEA,EPOC H,2024,MATARA,16
MOTOR CYCLE,QUANLE,XGW,2025,MATARA,3
MOTOR CYCLE,YADEA,RUIBIN,2025,MATARA,30
MOTOR CYCLE,YADEA,T5,2025,MATARA,482
MOTOR CYCLE,YADEA,EPOC H,2025,GAMPAHA,32
MOTOR CYCLE,TMR QUANLE,ZL,2025,MATARA,2
MOTOR CYCLE,YADEA,T5 L,2025,BATTICALOA,3
MOTOR CYCLE,GDI,X-GOD,2023,RATNAPURA,1
MOTOR CYCLE,YADEA,RUIBIN,2024,KILINOCHCHI,20
MOTOR CYCLE,YADEA,RUIBIN,2024,MANNAR,5
MOTOR CYCLE,QUANLE,ZL,2025,RATNAPURA,13
MOTOR CYCLE,YADEA,T 9,2025,MANNAR,4
MOTOR CYCLE,YADEA,T 9,2024,JAFFNA,32
MOTOR CYCLE,YADEA,T 9,2025,MULLATIVU,17
MOTOR CYCLE,YADEA,EPOC H,2025,JAFFNA,3
SINGLE CAB,SRM,T3EV,2024,COLOMBO,2
MOTOR CYCLE,YADEA,T5 L,2025,JAFFNA,13
MOTOR CYCLE,YADEA,COOLJOY,2025,JAFFNA,34
MOTOR CYCLE,TMR QUANLE,XGW,2025,JAFFNA,1
MOTOR CYCLE,SOLID,CLASSIC,2016,PUTTALAM,3
MOTOR CYCLE,SOLID,ROYAL,2017,PUTTALAM,1
MOTOR CYCLE,SOLID,FCZJ (E-RIDER),2016,COLOMBO,3
MOTOR CYCLE,SOLID,FCZJ (E-RIDER),2017,COLOMBO,2
CAR,BYD,E6,2017,COLOMBO,8
MOTOR CYCLE,SOLID,FCZJ (E-RIDER),2019,PUTTALAM,1
MOTOR CYCLE,SOLID,FCZJ (E-RIDER),2019,HAMBANTOTA,1
CAR,SAIC,MG4,2023,COLOMBO,7
MOTOR CYCLE,SOLID,G6,2024,MONERAGALA,3
CAR,BYD,BYD SEAL DYNAMIC,2024,COLOMBO,4
CAR,BYD,SEAL ELECTRIC,2024,COLOMBO,2
MOTOR CYCLE,SOLID,LEO,2024,HAMBANTOTA,1
CAR,BYD,ATTO3-ADVANCED,2025,HAMBANTOTA,14
CAR,M.G.,MG4 V ELECTRIC,2024,HAMBANTOTA,1
CAR,BYD,ATTO3-ADVANCED,2025,NUWARA-ELIYA,7
CAR,BYD,M6 STANDARD,2025,BATTICALOA,1
CAR,BYD,ATTO3-ADVANCED,2025,TRINCOMALEE,1
MOTOR CYCLE,SOLID,S9,2025,HAMBANTOTA,2
MOTOR CYCLE,SOLID,S9,2025,GALLE,3
MOTOR CYCLE,SOLID,ROBOT,2025,GALLE,3
MOTOR CYCLE,SOLID,S9,2025,KANDY,1
CAR,M.G.,MG4 V ELECTRIC,2024,COLOMBO,1
CAR,BYD,DOLPHIN-DYNAMIC49,2025,TRINCOMALEE,1
CAR,BYD,ATTO 2 PRIMIUM,2025,HAMBANTOTA,1
CAR,BYD,ATTO 2 PRIMIUM,2025,KANDY,9
CAR,BYD,ATTO 1 DYNAMIC,2025,MONERAGALA,1
CAR,BYD,ATTO 1 DYNAMIC,2025,KANDY,3
CAR,BYD,BYD DOLPHIN,2024,GAMPAHA,1
CAR,BYD,BYD ATTO 3,2024,GAMPAHA,2
CAR,BYD,SEAL DYNAMIC,2024,GAMPAHA,1
MOTOR CYCLE,SOLID,LEO,2023,KURUNEGALA,2
CAR,M.G.,EP PLUS,2023,MATARA,1
CAR,BYD,ATTO3-ADVANCED,2025,KURUNEGALA,47
CAR,BYD,DOLPHIN-DYNAMIC49,2025,KURUNEGALA,32
MOTOR CYCLE,SOLID,ROBOT,,ANURADHAPURA,1
MOTOR CYCLE,ZUBOO,T11,2025,ANURADHAPURA,2
CAR,NISSAN MT,6AA-RP15 KICKS,2024,KEGALLE,1
CAR,BYD,ATTO 2 PRIMIUM,2025,MATARA,4
MOTOR CYCLE,SOLID,E-RIDER,2016,GAMPAHA,2
MOTOR CYCLE,SOLID,CHALLENGER,2018,GAMPAHA,46
MOTOR CYCLE,SOLID,G6,2023,GAMPAHA,3
MOTOR CYCLE,SOLID,LEO,2024,MATARA,2
MOTOR CYCLE,SOLID,SPORTY,2016,RATNAPURA,2
MOTOR CYCLE,SOLID,CLASSIC,2016,JAFFNA,2
MOTOR CYCLE,LUYUAN ALFAXL,MK-B4820-Z1,2015,COLOMBO,7
MOTOR CYCLE,SUNRA,BJ,2016,COLOMBO,1
MOTOR CYCLE,SUNRA,EM 78,2016,COLOMBO,1
MOTOR CYCLE,LUYUAN ALFAXL,MD-DS7220-GI,2017,KEGALLE,1
MOTOR CYCLE,WAOPAI,REOA,2018,GALLE,1
MOTOR CYCLE,MBI,MBIS,2020,HAMBANTOTA,1
MOTOR CYCLE,DASTOL,DW28,2024,HAMBANTOTA,2
MOTOR CYCLE,RISE,LEADER R 100,2025,KEGALLE,2
MOTOR CYCLE,RISE,LEADER R 100,2024,HAMBANTOTA,1
MOTOR CYCLE,RISE,LEADER R 100,2025,TRINCOMALEE,2
MOTOR CYCLE,RISE,LEADER,2025,PUTTALAM,1
MOTOR CYCLE,OYFLY,TDM-LTW,2025,PUTTALAM,1
CAR,DAIHATSU,5AA-A202S ROCKY,2023,COLOMBO,4
MOTOR CYCLE,OYFLY,TDM BO2,2025,KEGALLE,1
MOTOR CYCLE,OYFLY,TDM BO2,2025,COLOMBO,1
MOTOR CYCLE,RISE,LEADER R80 V2.0,2025,AMPARA,7
CAR,DAIHATSU,5AA-A202S ROCKY,2022,KANDY,1
CAR,DAIHATSU,5AA-A202S ROCKY,2025,HAMBANTOTA,2
MOTOR CYCLE,SUNRA,K6,2025,AMPARA,1
MOTOR CYCLE,SUNRA,K6,2025,GALLE,1
MOTOR CYCLE,LUYUAN ALFAXL,HWY2-9TS7250-GI,2014,KURUNEGALA,1
MOTOR CYCLE,LUYUAN ALFAXL,MT-FS8020-GI,2018,KURUNEGALA,1
MOTOR CYCLE,RISE,LEADER R80,2025,KURUNEGALA,14
CAR,DAIHATSU,5AA-A202S ROCKY,2023,GAMPAHA,1
MOTOR CYCLE,RISE,LEADER,2022,POLONNARUWA,2
MOTOR CYCLE,RISE,LEADER,2025,POLONNARUWA,1
MOTOR CYCLE,RISE,LEADER PLUS,2025,POLONNARUWA,1
MOTOR CYCLE,RISE,LEADER R 100,2025,NUWARA-ELIYA,1
MOTOR CYCLE,RISE,LEADER,2024,MATALE,43
CAR,DAIHATSU,5AA-A202S ROCKY,2024,MATARA,4
CAR,DAIHATSU,5AA-A202S ROCKY,2025,KALUTARA,2
CAR,DAIHATSU,5AA-A202A ROCKY,2025,KALUTARA,1
MOTOR CYCLE,LUYUAN ALFAXL,MT-FS8020-GI,2015,GAMPAHA,3
MOTOR CYCLE,ZONGSHEN,TDT105Z,2018,GAMPAHA,2
MOTOR CYCLE,DASTOL,DW28,2024,GAMPAHA,2
MOTOR CYCLE,SUNRA,BQ,2016,GAMPAHA,1
MOTOR CYCLE,RISE,LEADER V 2.0,2025,MATARA,1
MOTOR CYCLE,RISE,LEADER,2023,KILINOCHCHI,11
MOTOR CYCLE,RISE,LEADER PLUS,2025,KILINOCHCHI,5
CAR,DAIHATSU,5AA-A202S ROCKY,2025,POLONNARUWA,1
CAR,SMART,FORTWO COUPE,2014,COLOMBO,1
CAR,B.M.W.,ZAA-1Z00 BMW 13,2014,COLOMBO,1
CAR,B.M.W.,BMW I 3,2015,COLOMBO,1
CAR,B.M.W.,ZAA-1Z00  BMW I3,2014,COLOMBO,1
CAR,B.M.W.,13 REX,2016,COLOMBO,1
CAR,B.M.W.,I3 ELECTRIC AUTO,2015,KANDY,1
MOTOR CYCLE,LE,LUCAS B23A,2022,GALLE,1
CAR,B.M.W.,IX3 M SPORT,2022,COLOMBO,1
MOTOR CYCLE,LE,LUCAS FASTEST B23-A,2022,KEGALLE,1
MOTOR CYCLE,LIMA,JV,2023,VAVUNIYA,3
CAR,B.M.W.,I7 X DRIVE 60M SPORT,2023,COLOMBO,5
CAR,B.M.W.,I7 XDRIVE 60 M SPORT,2023,KANDY,1
MOTOR CYCLE,LIMA,JV 1.5G,2024,VAVUNIYA,2
MOTOR CYCLE,LIMA,ELO-07,2024,PUTTALAM,17
MOTOR CYCLE,ATHER,450 S,2024,COLOMBO,1
MOTOR CYCLE,ATHER,450X,2025,HAMBANTOTA,13
MOTOR CYCLE,ATHER,450X,2025,KEGALLE,7
MOTOR CYCLE,LIMA,EL07,2025,GALLE,25
MOTOR CYCLE,LIMA,EL07,2025,PUTTALAM,20
CAR,DONGFENG,BOX E3,2025,HAMBANTOTA,1
CAR,DONGFENG,BOX E3,2025,GALLE,2
CAR,DONGFENG,BOX E3,2025,RATNAPURA,3
CAR,BAW,E7,2025,KANDY,30
MOTOR CYCLE,LIMA,EL07,2024,AMPARA,1
CAR,DONGFENG,BOX E3,2025,KANDY,2
CAR,DONGFENG,BOX E3,2025,MONERAGALA,1
CAR,BAW,E7,2025,TRINCOMALEE,1
CAR,B.M.W.,I3,2015,GAMPAHA,1
MOTOR CYCLE,LIMA,EL07,2025,KURUNEGALA,240
MOTOR CYCLE,FEIYEPAI,TRAVELER,2019,KALUTARA,1
CAR,B.M.W.,ZAA-1Z00 BMW I3,2014,KURUNEGALA,1
MOTOR CYCLE,ZUB,MOTOR BIKE,2018,ANURADHAPURA,1
CAR,B.M.W.,I 5,2024,KURUNEGALA,1
CAR,BAW,E7,2025,AMPARA,3
CAR,BAW,E6,2025,MATARA,1
MOTOR CYCLE,YAMAHA,FASCINO,2016,GAMPAHA,4
MOTOR CYCLE,I-BIKE,TDRD16Z,2018,GAMPAHA,1
MOTOR CYCLE,LE,LUCAS FASFEST  B23-A,2022,GAMPAHA,1
MOTOR CYCLE,ATHER,450X,2024,MATARA,15
MOTOR CYCLE,ATHER,450X,2025,MATARA,16
MOTOR CYCLE,LIMA,LM1500 DT-68,2025,MATARA,1
CAR,BAW,E7,2025,PUTTALAM,15
MOTOR CYCLE,ATHER,450X,2025,RATNAPURA,32
CAR,BAW,E7,2025,POLONNARUWA,2
MOTOR CYCLE,LIMA,JV 1.5G,2024,MULLATIVU,1
MOTOR CYCLE,WUYANG,PRINCESS,2013,COLOMBO,1
CAR,TESLA,TESLA,2014,COLOMBO,1
MOTOR CYCLE,NWOW,SE,2019,PUTTALAM,5
CAR,TESLA,MODEL 3,2019,COLOMBO,1
CAR,TESLA,X-P100D,2017,COLOMBO,1
MOTOR CYCLE,LUYUAN,MKK,2022,COLOMBO,2
MOTOR CYCLE,NWOW,SE,2022,COLOMBO,22
MOTOR CYCLE,NWOW,TK 10,2022,PUTTALAM,5
CAR,NETA,NETA V,2023,JAFFNA,1
CAR,TESLA,MODEL 3,2023,COLOMBO,2
MOTOR CYCLE,NWOW,SE,2024,COLOMBO,122
MOTOR CYCLE,LUYUAN,M-MHH,2024,GALLE,3
MOTOR CYCLE,NWOW,V11,2024,COLOMBO,57
MOTOR CYCLE,LUYUAN,M-MHH-Z30LJ,2024,COLOMBO,1
MOTOR CYCLE,LUYUAN,MYT,2024,GALLE,4
MOTOR CYCLE,DAYWANG(DW)SL,E-MOTORCYCLE,2024,COLOMBO,1
MOTOR CYCLE,LUYUAN,M-MHH-Z45LJ,2024,HAMBANTOTA,5
MOTOR CYCLE,LUYUAN,MS70 Z23E,2024,HAMBANTOTA,21
CAR,TESLA,MODEL Y RWD,2024,JAFFNA,1
MOTOR CYCLE,OPAI,YW-06,2024,PUTTALAM,1
THREE WHEELER,NWOW,ERVS4 PLUS,2024,KALUTARA,1
MOTOR CYCLE,NWOW,TK 10,2025,COLOMBO,27
MOTOR CYCLE,OPAI,YW-06,2025,MONERAGALA,1
MOTOR CYCLE,NWOW,WSP,2025,PUTTALAM,7
MOTOR CYCLE,AIMA,MANA,2025,COLOMBO,9
MOTOR CYCLE,AIMA,MAVERICK,2025,HAMBANTOTA,42
MOTOR CYCLE,AIMA,BREEZY,2025,COLOMBO,20
MOTOR CYCLE,NWOW,ARS,2025,KANDY,1
MOTOR CYCLE,AIMA,LIBERTY,2025,MONERAGALA,74
MOTOR CYCLE,AIMA,BREEZY,2025,KANDY,2
MOTOR CYCLE,AIMA,LIBERTY,2025,VAVUNIYA,1
MOTOR TRICYCLE VAN,NWOW,ERVS4D,2025,COLOMBO,1
CAR,WULING,BINGUO,2025,MONERAGALA,1
MOTOR CYCLE,LUYUAN,M575-Z30LF,2025,GALLE,1
MOTOR CYCLE,LUYUAN,M-MHH-Z45LJ,2025,GALLE,1
MOTOR CYCLE,LUYUAN,MS75-Z30LF,2025,GALLE,3
LAND VEHICLE (SMALL),CENFIN,GN12,2007,POLONNARUWA,1
MOTOR CYCLE,NWOW,TURTLE KING,2016,KURUNEGALA,1
CAR,TESLA, MODEL-Y,2024,GAMPAHA,1
MOTOR CYCLE,LUYUAN,ALFA,2017,KURUNEGALA,1
MOTOR CYCLE,DAYWANG(DW)SL,E-MOTOR CYCLE,2024,KURUNEGALA,2
CAR,TESLA,3RWD,2024,GAMPAHA,1
MOTOR CYCLE,NWOW,WSP,2024,KURUNEGALA,1
CAR,WULING,CLOUD EV,2025,GAMPAHA,19
CAR,WULING,BINGUO EV,2025,GAMPAHA,1
MOTOR CYCLE,GAROW,FENGSHEN,2024,KURUNEGALA,4
MOTOR CYCLE,GK,M6,2018,KALUTARA,1
MOTOR CYCLE,NWOW,TK 10,2022,NUWARA-ELIYA,1
MOTOR CYCLE,NWOW,SE,2024,NUWARA-ELIYA,3
MOTOR CYCLE,LUYUAN,MYY-Z35J,2024,KALUTARA,2
MOTOR CYCLE,LUYUAN,MYT,2024,POLONNARUWA,6
MOTOR CYCLE,AIMA,BREEZY,2025,KALUTARA,37
MOTOR CYCLE,NWOW,SE,2018,ANURADHAPURA,1
CAR,TESLA,MODEL 3 RWD,2024,KURUNEGALA,1
MOTOR CYCLE,LUYUAN,S90 PLUS,2025,ANURADHAPURA,9
MOTOR CYCLE,AIMA,BREEZY,2002,MATALE,1
MOTOR CYCLE,OPAI,YW-06,2024,ANURADHAPURA,1
MOTOR CYCLE,NWOW,ARS,2018,GAMPAHA,34
MOTOR CYCLE,NWOW,SL,2019,GAMPAHA,1
MOTOR CYCLE,NWOW,TK,2020,GAMPAHA,1
MOTOR CYCLE,NWOW,TK 10,2023,GAMPAHA,39
MOTOR CYCLE,NWOW,TK 10,2014,GAMPAHA,1
MOTOR CYCLE,NWOW,V11,2024,GAMPAHA,29
MOTOR CYCLE,LUYUAN,MNK3,2024,GAMPAHA,23
MOTOR CYCLE,LUYUAN,MNK3,2025,GAMPAHA,83
MOTOR CYCLE,NWOW,V11,2024,MATARA,14
MOTOR CYCLE,NWOW,V11,2025,MATARA,1
MOTOR CYCLE,LUYUAN,MS70 Z23E,2025,MATARA,6
MOTOR CYCLE,AIMA,ARIA,2025,MATARA,11
MOTOR CYCLE,AIMA,MAVERICK,2025,BATTICALOA,3
MOTOR CYCLE,NWOW,TK 10,2019,GAMPAHA,1
MOTOR CYCLE,LUYUAN,MS70 Z23E,2025,GAMPAHA,2
MOTOR CYCLE,GK,TRAVELER,2018,RATNAPURA,1
MOTOR CYCLE,NWOW,TK 10,2024,RATNAPURA,2
MOTOR CYCLE,AIMA,AM-LIYING,2017,JAFFNA,2
MOTOR CYCLE,NWOW,ARS,2024,JAFFNA,1
MOTOR CYCLE,NWOW,ARS,2025,JAFFNA,3
CAR,NISSAN,ZAA-ZE0,2011,COLOMBO,1
CAR,NISSAN,LEAF-ZEO,2013,COLOMBO,1
CAR,NISSAN,LEAF ZAA-AZEO,2013,COLOMBO,5
CAR,NISSAN,ZAA-ZEO LEAF,2012,KANDY,13
CAR,NISSAN,ZAA-ZAE0,2013,COLOMBO,1
DUAL PURPOSE (COMMERCIAL),MITSUBISHI,ZAB-U67V,2011,PUTTALAM,1
CAR,NISSAN,ZAA-AZEO LEAF,2013,KANDY,38
CAR,MITSUBISHI,ZAA-HA3W,2012,COLOMBO,1
CAR,NISSAN,ZAA-AZE0  LEAF,2013,COLOMBO,23
CAR,NISSAN,ZAA-AZEO  LEAF,2013,COLOMBO,8
CAR,NISSAN,ZAA-ZE0 LEAF,2012,KANDY,18
CAR,NISSAN,ZAA-AZE0 LEAF,2013,MATALE,6
CAR,NISSAN,ZAA-AZE0 LEAF,2014,GALLE,16
CAR,NISSAN,ZAA-AZEO  LEAF,2013,KANDY,3
CAR,NISSAN,ZAA AZEO LEAF,2013,COLOMBO,21
CAR,NISSAN,LEAF ACENTA,2014,GALLE,3
CAR,NISSAN,ZAA AZEO LEAF,2013,GALLE,2
CAR,NISSAN,ZAA AZEO LEAF,2014,GALLE,4
CAR,NISSAN,ZAA AZEO LEAF,2013,MATALE,1
CAR,NISSAN,ZAA-AZE0 LEAF,2014,MATALE,4
CAR,NISSAN,ZAA-AZE0  LEAF,2015,GALLE,2
DUAL PURPOSE (COMMERCIAL),MITSUBISHI,ZAB U67V MINICAB,2011,KALUTARA,1
CAR,NISSAN,ZAA-A2EO LEAF,2012,HAMBANTOTA,1
CAR,NISSAN,LEAF ACENTA,2013,COLOMBO,13
CAR,NISSAN,ZAA-ZZE0 LEAF,2014,COLOMBO,1
DUAL PURPOSE (COMMERCIAL),NISSAN,E-NV200 ACENTARAPID,2014,COLOMBO,1
CAR,NISSAN,LEAF VISIA,2015,KANDY,1
CAR,NISSAN,LEAF ZEO,2013,COLOMBO,1
CAR,NISSAN,LEAF  ACENTA,2014,COLOMBO,1
SPECIAL PURPOSE VEHICLE,MITSUBISHI,FB30-8,2018,COLOMBO,1
DUAL PURPOSE (COMMERCIAL),MITSUBISHI,ZAB-U68V,2017,COLOMBO,1
MOTOR CYCLE,CHINA,ARS,2018,PUTTALAM,1
CAR,NISSAN,ZAA-ZE1 - LEAF,2018,COLOMBO,1
MOTOR CYCLE,SUPER SOCO,CPX,2023,PUTTALAM,5
CAR,VOLKSWAGEN,ID4 LIFE,2023,RATNAPURA,1
CAR,VOLKSWAGEN,ID 4 LIFE PURE,2023,COLOMBO,1
DUAL PURPOSE (COMMERCIAL),MITSUBISHI,ZAB-U67V,2012,COLOMBO,1
CAR,VOLKSWAGEN,ID 4 PRO,2024,COLOMBO,1
CAR,VOLKSWAGEN,ID 4 PRO,2024,GALLE,1
MOTOR CYCLE,SUPER SOCO,CPX,2022,GALLE,1
CAR,VOLKSWAGEN,ID4 PRO,2024,COLOMBO,1
CAR,NISSAN,6AA-FE13 AURA,2023,COLOMBO,1
CAR,MITSUBISHI,ZAB-U67V,2012,GAMPAHA,2
CAR,NISSAN,LEAF,2013,ANURADHAPURA,2
CAR,NISSAN,ZAA ZEO LEAF,2012,GAMPAHA,4
CAR,NISSAN,LEAF ACENTA,2014,GAMPAHA,32
CAR,NISSAN,ZAA-AZE LEAF,2013,GAMPAHA,1
CAR,NISSAN,LEAF VISIA,2014,ANURADHAPURA,2
CAR,NISSAN,DAA-ZEO LEAF,2013,GAMPAHA,1
CAR,NISSAN,LEAF TEKNA,2013,GAMPAHA,3
CAR,NISSAN,ZAA-AZEO LEAF,2014,ANURADHAPURA,4
CAR,NISSAN,ZAA AZEO  LEAF,2014,GAMPAHA,1
CAR,NISSAN,ZAA-AZE0 LEAF,2015,ANURADHAPURA,2
CAR,MITSUBISHI,ZAB-U67V MINICAB,2011,GAMPAHA,3
CAR,NISSAN,LEAF ACENTA,2014,ANURADHAPURA,2
CAR,NISSAN,ZAA-AZEO LEAF,2015,BADULLA,3
CAR,NISSAN,ZAA-ZEO   LEAF,2012,ANURADHAPURA,1
MOTOR CYCLE,TERRA,ELECTRIC BIKE,2015,KURUNEGALA,1
CAR,NISSAN,ZAA- AZEO  LEAF,2016,GAMPAHA,1
MOTOR CYCLE,CHINA,SE,2018,KURUNEGALA,1
MOTOR CYCLE,SUPER SOCO,TS STREET HUNTER,2023,KURUNEGALA,3
CAR,ROLLS ROYCE,SPECTRE,2024,GAMPAHA,1
CAR,VOLKSWAGEN,ID4 LIFE,2023,GAMPAHA,1
CAR,GAC,AION V LUXURY,2025,GAMPAHA,24
CAR,NISSAN,6AA-FE13 NOTE AURA,2023,BADULLA,1
CAR,NISSAN,ZAA-ZE0 LEAF,2012,KURUNEGALA,17
CAR,NISSAN,ZAA-AZEO  LEAF,2012,KURUNEGALA,1
CAR,NISSAN,ZAA-AZEO  LEAF,2012,MATARA,2
CAR,NISSAN,ZAA-AZE0  LEAF,2013,MATARA,1
CAR,NISSAN,ZAA ZEO LEAF,2012,KEGALLE,1
CAR,NISSAN,ZAA-AZED LEAF,2014,KURUNEGALA,1
CAR,NISSAN,ZAA-ZE0 LEAF,2012,MATARA,1
CAR,NISSAN,ZAA-AZE0  LEAF,2014,KALUTARA,1
CAR,NISSAN,ZAA-AZE0 LEAF,2014,AMPARA,1
CAR,NISSAN,ZAA-AZEO  LEAF,2013,KURUNEGALA,1
CAR,NISSAN,ZAA-AZE0 LEAF,2015,KALUTARA,2
CAR,NISSAN,ZAA- AZE0 LEAF,2014,KURUNEGALA,1
CAR,NISSAN,ZAA-AZE0  LEAF,2013,KEGALLE,1
MOTOR CYCLE,RANOMOTO,GN125,2017,ANURADHAPURA,1
CAR,NISSAN,LEAF,2014,KALUTARA,2
CAR,NISSAN,ZAA-ZE1 LEAF,2017,MATARA,1
MOTOR CYCLE,DIMEN,D60,2025,ANURADHAPURA,43
MOTOR CYCLE,SUPER SOCO,CUX PRO,2025,ANURADHAPURA,2
MOTOR CYCLE,DIMEN,D60,2025,MATALE,1
CAR,LEAPMOTOR,C10 REEV,2025,MATARA,1
CAR,GAC,AION V PREMIUM,2025,KURUNEGALA,2
CAR,NISSAN,6AA-GFC28 SERENA,2025,KURUNEGALA,1
CAR,NISSAN,ZAA-ZE0 LEAF,2012,PUTTALAM,4
MOTOR CYCLE,TERRA,SEED 48,2015,GAMPAHA,29
MOTOR CYCLE,CHINA,ZX-EH718,2018,GAMPAHA,1
MOTOR CYCLE,CHINA,ARS,2018,GAMPAHA,17
CAR,NISSAN,6AA FE13  NOTE AURA,2024,PUTTALAM,1
CAR,NISSAN,ZAA-ZEO LEAF,2012,POLONNARUWA,2
CAR,NISSAN,ZAA AZEO LEAF,2014,POLONNARUWA,1
MOTOR CYCLE,SUPER SOCO,TS STREET HUNTER,2024,RATNAPURA,1
SINGLE CAB,MITSUBISHI,ZAB-468T MINI CAB,2013,GAMPAHA,1
CAR,REVA,CLASSE,2005,KANDY,1
MOTOR CYCLE,AMUR LEOPARD,WUYANG PRINCESS,2013,COLOMBO,17
MOTOR CYCLE,AMUR LEOPARD,BIGTORTOISE KING,2013,COLOMBO,1
CAR,SHIFENG,GD04C D101,2013,COLOMBO,1
CAR,SHIFENG,GD04C 72V-D101,2013,COLOMBO,1
MOTOR CYCLE,AMUR LEOPARD,SKY CAT 48 V,2015,TRINCOMALEE,4
MOTOR CYCLE,LUYUAN ALFA,MN3-CSQ6020-G1,2016,COLOMBO,17
THREE WHEELER,ALBA,GT-3500,2016,COLOMBO,2
MOTOR CYCLE,AMUR LEOPARD,BIG TORTOISE KING,2014,AMPARA,1
MOTOR CYCLE,LUYUAN ALFA,MN5-CAS7220-Z5,2018,COLOMBO,4
MOTOR CYCLE,LUYUAN ALFA,HWW-HAS7250-D7,2018,COLOMBO,7
CAR,SHIFENG,GD04C-D80,2018,COLOMBO,1
MOTOR CYCLE,LUYUAN ALFA,M 7,2018,COLOMBO,1
CAR,HYUNDAI,KONA  - EV ELECTRIC,2019,COLOMBO,1
MOTOR CYCLE,AMUR LEOPARD,WUYANG PRINCESS,2015,MONERAGALA,1
MOTOR CYCLE,LUYUAN ALFA,M-MNK2-7250120025AZH,2019,COLOMBO,1
CAR,HYUNDAI,KONA EV,2022,COLOMBO,1
MOTOR CYCLE,LUYUAN ALFA,E-MNP2-7223D-9B-C,2022,COLOMBO,6
MOTOR CYCLE,LUYUAN ALFA,MKK-Z23E-12-C,2023,COLOMBO,13
MOTOR CYCLE,LUYUAN ALFA,MKK-Z23E-12-C,2023,HAMBANTOTA,3
MOTOR CYCLE,LUYUAN ALFA,MKK-Z23E-12-C,2023,PUTTALAM,1
MOTOR CYCLE,LUYUAN ALFA,M MKK-Z30LJ-12-C,2024,COLOMBO,1
MOTOR CYCLE,LUYUAN ALFA,MKK-Z23E-12-C,2024,KEGALLE,1
MOTOR CYCLE,LUYUAN ALFA,MKK-Z23E-12-C,2025,MONERAGALA,12
MOTOR CYCLE,LENCAR,ERC80,2025,HAMBANTOTA,1
MOTOR CYCLE,GOEASY,HOBEN,2025,COLOMBO,3
MOTOR CYCLE,LUYUAN ALFA,M1,2025,COLOMBO,2
MOTOR CYCLE,AMUR LEOPARD,GOLDENTYRANT,2014,KURUNEGALA,1
MOTOR CYCLE,AMUR LEOPARD,WUYANG PRINCIES,2013,KALUTARA,1
MOTOR CYCLE,AMUR LEOPARD,WUYANG PRINCESS,2014,KALUTARA,2
MOTOR CYCLE,LUYUAN ALFA,MN3-CSQ6020-G1,2017,POLONNARUWA,1
MOTOR CYCLE,LUYUAN ALFA,HWW-HAS7250-D7,2017,KALUTARA,1
MOTOR CYCLE,LUYUAN ALFA,MN3-CSQ6020-G1,2018,KALUTARA,1
MOTOR CYCLE,SINSKI,TDR93Z,2014,BADULLA,1
MOTOR CYCLE,LUYUAN ALFA,E-MNP2-7223D-9B-C,2022,KALUTARA,3
MOTOR CYCLE,MM,CRUISER  V.1,2024,KALUTARA,2
LAND VEHICLE (SMALL),AGROTECH,GN 12,2007,PUTTALAM,1
MOTOR CYCLE,POWER STAR,PSTR206,2005,GAMPAHA,1
MOTOR CYCLE,AMUR LEOPARD,DARTRIDE,2014,GAMPAHA,2
MOTOR CYCLE,LUYUAN ALFA,MN3-CSQ6020-G1,2016,GAMPAHA,5
MOTOR CYCLE,AMUR LEOPARD,LITTLETURTLEKING 60V,2015,BATTICALOA,1
MOTOR CYCLE,LUYUAN ALFA,MN3-CSQ6020-G1,2016,MATARA,2
MOTOR CYCLE,SINSKI,TDR 137 Z,2017,GAMPAHA,2
MOTOR CYCLE,LUYUAN ALFA,HWW-HAS7250-D7,2018,GAMPAHA,2
MOTOR CYCLE,LUYUAN ALFA,MNR-DAS7250-Z7,2018,MATARA,1
MOTOR CYCLE,LUYUAN ALFA,M-MNK2,2019,GAMPAHA,1
MOTOR CYCLE,LUYUAN ALFA,M MKK-Z30LJ-12-C,2023,MATARA,4
MOTOR CYCLE,SINSKI,TDR283Z,2014,GAMPAHA,1
MOTOR CYCLE,MM,CRUISER  V.1,2024,GAMPAHA,2
MOTOR CYCLE,LUYUAN ALFA,MN3-CSQ6020-G1,2016,RATNAPURA,7
MOTOR CYCLE,AMUR LEOPARD,WUYANG PRINCESS,2015,KILINOCHCHI,2
MOTOR CYCLE,LUYUAN ALFA,MT-FS8020-G1,2015,RATNAPURA,1
MOTOR CYCLE,POWER STAR,PSTR-206,2006,JAFFNA,1
MOTOR CYCLE,AMUR LEOPARD,SMALL TORTOISE KING,2013,JAFFNA,2
MOTOR CYCLE,AMUR LEOPARD,WUYANG PRINCESS,2019,JAFFNA,3
MOTOR CYCLE,OKAYA,FAAST-F2T,2022,COLOMBO,1
MOTOR CYCLE,OKAYA,FAAST F2T,2022,MONERAGALA,1
CAR,PEUGEOT,E 2008,2023,COLOMBO,1
MOTOR CYCLE,RIKODA,YSY,2022,COLOMBO,1
MOTOR CYCLE,OKAYA,FAAST F2T,2022,KANDY,1
CAR,PEUGEOT,2008 GT EV,2023,KANDY,2
CAR,PEUGEOT,E-2008 GT PREMIUM EV,2023,COLOMBO,1
CAR,PEUGEOT,E 2008 GT,2023,KANDY,1
MOTOR CYCLE,DPX,COOL RUNNING,2017,GAMPAHA,1
MOTOR CYCLE,GALLANT,ZX-HYBRIDI,2018,GAMPAHA,1
MOTOR CYCLE,GALLANT,CRTY WAKER,2019,GAMPAHA,1
MOTOR CYCLE,GALLANT,ZH-HYBRID,2018,GAMPAHA,1
MOTOR CYCLE,RIKODA,YSY,2022,GAMPAHA,5
MOTOR CYCLE,GUOWEI EAGLE,GWEM01PRETTY,2017,RATNAPURA,11
MOTOR CYCLE,OKAYA,FREEDUM,2022,RATNAPURA,2
MOTOR CYCLE,OKAYA,FREEDUM,2023,JAFFNA,3
MOTOR CYCLE,AKJ,T 6,2016,PUTTALAM,1
CAR,MAHINDRA,E20,2016,COLOMBO,2
MOTOR CYCLE,ELECTRA,LIBA0,2016,PUTTALAM,1
CAR,MAHINDRA,E20,2018,GALLE,2
MOTOR CYCLE,VINFAST,KLARA S,2021,COLOMBO,1
MOTOR CYCLE,VINFAST,EVO 200,2024,COLOMBO,4
MOTOR CYCLE,TVS,IQUBE,2024,PUTTALAM,6
MOTOR CYCLE,TVS,IQUBE,2024,TRINCOMALEE,7
MOTOR CYCLE,VINFAST,KLARA SZ,2024,COLOMBO,2
MOTOR CYCLE,TVS,IQUBE,2025,TRINCOMALEE,24
MOTOR CYCLE,TVS,IQUBE,2025,AMPARA,11
THREE WHEELER,MAHINDRA,TREO,2025,KALUTARA,10
CAR,KGM,TORRES EVX,2025,COLOMBO,1
THREE WHEELER,MAHINDRA,TREO,2025,KURUNEGALA,5
MOTOR CYCLE,LEOPARD,YDB,2015,VAVUNIYA,1
CAR,AVATR,AVATR II,2024,COLOMBO,1
CAR,IM,IM06-75KW RWD,2025,GAMPAHA,1
MOTOR CYCLE,TVS,IQUBE,2025,POLONNARUWA,10
MOTOR CYCLE,ELECTRA,GRACE  X5,2017,GAMPAHA,1
MOTOR CYCLE,AKJ,AKI S3 1.0,2017,GAMPAHA,1
MOTOR CYCLE,TVS,IQUBE SMARTXONNECT 9,2025,GAMPAHA,1
MOTOR CYCLE,TVS,IQUBE,2025,KILINOCHCHI,7
MOTOR CYCLE,ELECTRA,TIFFANYL2,2017,JAFFNA,1
SPECIAL PURPOSE VEHICLE,TCM,FB20-7,2010,COLOMBO,3
MOTOR CYCLE,HUAIHAI,ELECTRIC SCOOTERS,2024,COLOMBO,1
MOTOR CYCLE,WU XI XINDI,M9S-PLUS,2023,COLOMBO,1
THREE WHEELER,ELEKTRATEQ,ETX,2025,KANDY,2
MOTOR CYCLE,XIAODAO,MEW,2025,KANDY,1
CAR,CHANGAN,S05,2025,KANDY,3
CAR,MINI,COOPER S ELECTRIC,2023,COLOMBO,1
MOTOR CYCLE,HUAIHAI,ZL9,2025,GALLE,1
CAR,PORSCHE,TAYCAN 4X2,2023,GAMPAHA,1
MOTOR CYCLE,HUAIHAI,ZL9,2025,KURUNEGALA,4
MOTOR CYCLE,HOMAYE,DX20,2017,MATALE,1
CAR,TATA,TIAGO EV,2025,KALUTARA,1
CAR,CHANGAN,S05,2025,MATARA,2
MOTOR CYCLE,ALFA,M 7,2018,GAMPAHA,1
MOTOR CYCLE,LVYUAN,M-MNK2-72501200-25A-,2019,GAMPAHA,1
MOTOR CYCLE,LVYUAN,E-MNK3-72301500-16-Z,2020,GAMPAHA,1
THREE WHEELER,ELEKTRATEQ,ETX,2025,AMPARA,1
THREE WHEELER,ELEKTRATEQ,ETX,2025,TRINCOMALEE,1
MOTOR CYCLE,ALFA,XY III METRO,2019,JAFFNA,1
MOTOR CYCLE,YADEA,YD-EM163,2016,COLOMBO,1
MOTOR CYCLE,YADEA,YD-EM66,2016,KEGALLE,2
MOTOR CYCLE,YADEA,YDET-66,2016,AMPARA,4
MOTOR CYCLE,YADEA,YDET-66,2016,KEGALLE,1
MOTOR CYCLE,YADEA,YD-EM163,2018,MONERAGALA,1
MOTOR CYCLE,YADEA,YDEM17,2017,VAVUNIYA,1
MOTOR CYCLE,YADEA,YD-EM151,2016,AMPARA,1
MOTOR CYCLE,YADEA,YD EM 17,2016,COLOMBO,1
MOTOR CYCLE,NEO,AVATAR,2023,AMPARA,2
MOTOR CYCLE,GDI,X-GOD,2023,KEGALLE,2
CAR,MG,MG4 ELECTRICX,2023,COLOMBO,1
MOTOR CYCLE,YADEA,EZEEGO,2023,HAMBANTOTA,2
CAR,MG,MG4-ELECTRIC X,2023,GALLE,1
MOTOR CYCLE,YADEA,T5,2023,MONERAGALA,5
MOTOR CYCLE,YADEA,T5,2023,TRINCOMALEE,3
MOTOR CYCLE,YADEA,M6,2023,AMPARA,3
MOTOR CYCLE,YADEA,M6,2023,HAMBANTOTA,8
MOTOR CYCLE,YADEA,T 9,2024,GALLE,89
MOTOR CYCLE,YADEA,T5,2024,AMPARA,179
MOTOR CYCLE,YADEA,M6,2024,PUTTALAM,8
MOTOR CYCLE,YADEA,T 9,2023,PUTTALAM,3
CAR,MG,MG4 X,2024,BATTICALOA,1
CAR,MG,MG EP PLUS,2023,COLOMBO,1
CAR,MG,MG4-X ELECTRIC,2024,COLOMBO,1
MOTOR CYCLE,YADEA,E8S PRO,2024,MONERAGALA,18
MOTOR CYCLE,QUANLE,G18,2024,KANDY,1
MOTOR CYCLE,YADEA,YD400W-48,2024,COLOMBO,1
MOTOR CYCLE,QUANLE,ZL,2025,AMPARA,9
MOTOR CYCLE,QUANLE,ZS,2025,AMPARA,6
MOTOR CYCLE,QUANLE,ZL,2025,KEGALLE,1
MOTOR CYCLE,QUANLE,G18,2025,AMPARA,8
MOTOR CYCLE,YADEA,RUIBIN,2025,TRINCOMALEE,48
MOTOR CYCLE,YADEA,T5,2025,GALLE,976
MOTOR CYCLE,YADEA,RUIBIN,2025,KANDY,11
MOTOR CYCLE,QUANLE,ZS,2025,TRINCOMALEE,1
MOTOR CYCLE,QUANLE,XGW,2025,TRINCOMALEE,6
MOTOR CYCLE,YADEA,T 9,2025,AMPARA,12
MOTOR CYCLE,YADEA,T5,,KEGALLE,1
MOTOR CYCLE,NEO,AVATER,2022,PUTTALAM,1
MOTOR CYCLE,YADEA,EPOC H,2025,COLOMBO,35
MOTOR CYCLE,VMOTO,CPX,2024,GALLE,1
MOTOR CYCLE,YADEA,T 9,2025,VAVUNIYA,8
MOTOR CYCLE,YADEA,EPOC H,2025,KEGALLE,11
MOTOR CYCLE,YADEA,RUIBIN,2025,KEGALLE,2
MOTOR CYCLE,TMR QUANLE,G18,2025,GALLE,13
MOTOR CYCLE,TMR QUANLE,G18,2025,KEGALLE,3
MOTOR CYCLE,TMR QUANLE,ZL,2025,MONERAGALA,14
MOTOR CYCLE,TMR QUANLE,ZL,2025,GALLE,14
MOTOR CYCLE,TMR QUANLE,N9 (NINEBOT),2025,GALLE,1
MOTOR CYCLE,TMR QUANLE,G18,2025,KANDY,1
MOTOR CYCLE,TMR QUANLE,XGW,2025,AMPARA,17
MOTOR CYCLE,TMR QUANLE,XGW,2025,KEGALLE,2
MOTOR CYCLE,VMOTO,CPX,2025,PUTTALAM,1
MOTOR CYCLE,YADEA,T5,,PUTTALAM,1
MOTOR CYCLE,YADEA,T5,,GALLE,1
MOTOR CYCLE,YADEA,COOLJOY,2025,KANDY,1
MOTOR CYCLE,YADEA,COOLJOY,2025,VAVUNIYA,2
MOTOR TRICYCLE VAN,JINPENG,ZJ150,2025,COLOMBO,2
MOTOR CYCLE,YADEA,YDEM 151,2016,KURUNEGALA,1
MOTOR CYCLE,YADEA,YDEM151,2016,KURUNEGALA,1
MOTOR CYCLE,GDI,X-GOD,2023,KURUNEGALA,2
MOTOR CYCLE,YADEA,M6,2024,KURUNEGALA,47
MOTOR CYCLE,QUANLE,ZL,2024,KURUNEGALA,20
MOTOR CYCLE,QUANLE,ZL,2025,KURUNEGALA,34
MOTOR CYCLE,YADEA,RUIBIN,2025,KURUNEGALA,574
MOTOR CYCLE,VMOTO,CITI,2025,KURUNEGALA,24
MOTOR CYCLE,VMOTO,CPX,2024,KURUNEGALA,2
MOTOR CYCLE,YADEA,YD ET 66,2017,BADULLA,1
MOTOR CYCLE,YADEA,YD-X5,2019,KALUTARA,1
MOTOR CYCLE,YADEA,YD -EM17,2017,BADULLA,1
MOTOR CYCLE,YADEA,YD- EM151,2016,POLONNARUWA,1
MOTOR CYCLE,YADEA,E8S PRO,2023,BADULLA,10
MOTOR CYCLE,YADEA,E8S PRO,2023,POLONNARUWA,37
MOTOR CYCLE,YADEA,YD-EM 151,2017,BADULLA,1
MOTOR CYCLE,YADEA,T5,2023,BADULLA,1
MOTOR CYCLE,YADEA,T 9,2024,KALUTARA,74
MOTOR CYCLE,YADEA,RUIBIN,2024,BADULLA,7
MOTOR CYCLE,YADEA,T 5,2024,KALUTARA,1
MOTOR CYCLE,QUANLE,XGW,2024,KALUTARA,1
MOTOR CYCLE,QUANLE,G18,2024,BADULLA,1
MOTOR CYCLE,YADEA,EPOC H,2024,BADULLA,11
MOTOR CYCLE,VMOTO,CITI,2024,KALUTARA,5
MOTOR CYCLE,QUANLE,ZL,2025,BADULLA,1
MOTOR CYCLE,YADEA,T 9,2025,KALUTARA,69
MOTOR CYCLE,QUANLE,N9 (NINEBOT),2025,POLONNARUWA,2
MOTOR CYCLE,TMR QUANLE,ZS,2025,KALUTARA,2
MOTOR CYCLE,QUANLE,N9 (NINEBOT),2025,KALUTARA,1
MOTOR CYCLE,TMR QUANLE,ZL,2025,BADULLA,1
MOTOR CYCLE,YADEA,T5 L,2025,KALUTARA,35
MOTOR CYCLE,YADEA,T5 L,2025,NUWARA-ELIYA,1
MOTOR CYCLE,YADEA,COOLJOY,2025,KALUTARA,27
MOTOR CYCLE,YADEA,YD EM 128,2018,MATALE,1
MOTOR CYCLE,YADEA,YDEM163,2018,MATALE,1
MOTOR CYCLE,YADEA,RUIBIN,2023,MATALE,24
MOTOR CYCLE,YADEA,EZEEGO,2023,ANURADHAPURA,6
MOTOR CYCLE,YADEA,T5,2024,MATALE,188
MOTOR CYCLE,YADEA,RUIBIN,2024,MATALE,36
MOTOR CYCLE,YADEA,T 9,2024,ANURADHAPURA,119
MOTOR CYCLE,YADEA,M6,2024,MATALE,6
CAR,MG,MG4 ELECTRIC X,2024,KURUNEGALA,1
CAR,MG,MG4 V ELECTRIC,2024,KALUTARA,1
MOTOR CYCLE,YADEA,RUIBIN,2025,MATALE,33
MOTOR CYCLE,YADEA,T5 L,2025,MATALE,10
MOTOR CYCLE,YADEA,YD500D,2011,GAMPAHA,1
MOTOR CYCLE,YADEA,EZEEGO,2023,GAMPAHA,13
MOTOR CYCLE,YADEA,T5,2024,GAMPAHA,421
MOTOR CYCLE,YADEA,EZEEGO,2024,MATARA,3
MOTOR CYCLE,YADEA,YDEM-151,2016,RATNAPURA,1
MOTOR CYCLE,YADEA,T9,2023,RATNAPURA,4
MOTOR CYCLE,YADEA,RUIBIN,2024,RATNAPURA,26
MOTOR CYCLE,YADEA,T 9,2024,KILINOCHCHI,10
MOTOR CYCLE,QUANLE,ZS,2025,RATNAPURA,5
MOTOR CYCLE,YADEA,RUIBIN,2025,RATNAPURA,49
MOTOR CYCLE,YADEA,RUIBIN,2025,MANNAR,6
MOTOR CYCLE,YADEA,EPOC H,2025,RATNAPURA,5
MOTOR CYCLE,YADEA,YD-GM010,2018,JAFFNA,2
MOTOR CYCLE,YADEA,YD-GM010,2019,MULLATIVU,1
MOTOR CYCLE,YADEA,YD-GM010,2019,JAFFNA,15
MOTOR CYCLE,YADEA,YDEM163,2018,JAFFNA,1
MOTOR CYCLE,YADEA,EZEEGO,2023,JAFFNA,1
MOTOR CYCLE,YADEA,T5,2024,MULLATIVU,46
MOTOR CYCLE,YADEA,COOLJOY,2025,MULLATIVU,3
MOTOR CYCLE,YADEA,T5 L,2025,MULLATIVU,3
CAR,NISSAN MT,ZAA-AZEO LEAF,2012,COLOMBO,1
MOTOR CYCLE,SOLID,REO,2016,COLOMBO,4
MOTOR CYCLE,SOLID,REO,2016,PUTTALAM,8
MOTOR CYCLE,ENOW,RAIDER,2014,PUTTALAM,1
MOTOR CYCLE,SOLID,REO,2018,COLOMBO,4
MOTOR CYCLE,SOLID,SPORTY,2017,KEGALLE,1
MOTOR CYCLE,SOLID,CLASSIC,2017,COLOMBO,1
CAR,BYD,ATTO 3,2023,GALLE,1
CAR,BYD,BYD ATTO 3,2024,COLOMBO,3
CAR,BYD,SEAL,2024,KANDY,1
CAR,BYD,BYD ATTO 3 ELECTRIC,2024,COLOMBO,1
CAR,M.G.,MG4,2024,COLOMBO,1
CAR,BYD,DOLPHIN-DYNAMIC 70,2025,COLOMBO,164
CAR,BYD,ATTO3-ADVANCED,2025,COLOMBO,702
CAR,BYD,SEAL-COMFORT,2025,COLOMBO,163
CAR,BYD,ATTO3-ADVANCED,2025,RATNAPURA,23
CAR,BYD,DOLPHIN-DYNAMIC49,2025,KANDY,40
CAR,BYD,DOLPHIN-DYNAMIC 70,2025,KANDY,22
CAR,BYD,ATTO-3-SUPERIOR,2025,GALLE,55
CAR,BYD,M6 STANDARD,2025,COLOMBO,9
CAR,BYD,ATTO3-ADVANCED,2025,MONERAGALA,10
CAR,BYD,SEAL-COMFORT,2025,RATNAPURA,7
CAR,BYD,SEAL-COMFORT,2025,HAMBANTOTA,5
CAR,BYD,DOLPHIN-DYNAMIC49,2025,RATNAPURA,16
THREE WHEELER,PIAGGIO,APE E CITY MAX,2025,COLOMBO,1
CAR,BYD,ATTO-3-ADVANCED,2025,KANDY,1
CAR,BYD,M6 SUPERIOR,2025,RATNAPURA,1
CAR,BYD,ATTO 1 DYNAMIC,2025,COLOMBO,30
MOTOR CYCLE,PHOENIX,CANGLANG,2025,COLOMBO,1
CAR,LING BOX,BOX R HXK7000BEVR3,2025,COLOMBO,1
MOTOR CYCLE,SOLID,S9,2025,KEGALLE,1
CAR,BYD,ATTO 2 PRIMIUM,2025,MONERAGALA,2
MOTOR CYCLE,SOLID,CLASSIC,2017,KURUNEGALA,1
MOTOR CYCLE,SOLID,CHALLENGER,2017,KURUNEGALA,1
CAR,M.G.,ZS EV,2019,GAMPAHA,2
CAR,BYD,ATTO-3,2024,GAMPAHA,1
CAR,BYD,ATTO-3-SUPERIOR,2025,BADULLA,9
CAR,BYD,ATTO 3 SUPERIOR,2025,GAMPAHA,1
CAR,BYD,ATTO3-ADVANCED,2025,BADULLA,7
CAR,BYD,DOLPHIN-DYNAMIC49,2025,ANURADHAPURA,4
CAR,BYD,ATTO3,2024,ANURADHAPURA,1
CAR,BYD,DOLPHIN-DYNAMIC 70,2025,BADULLA,2
CAR,BYD,ATTO 1 DYNAMIC,2025,BADULLA,1
MOTOR CYCLE,SOLID,FCZJ (E-RIDER),2016,KALUTARA,1
MOTOR CYCLE,SOLID,G6,2025,BADULLA,1
MOTOR CYCLE,SOLID,REO,2016,ANURADHAPURA,1
CAR,M.G.,ZS EV,2019,MATARA,1
MOTOR CYCLE,SOLID,G6,2023,MATALE,1
CAR,BYD,BYD AUTO 3,2024,KURUNEGALA,1
CAR,LEXUS,ZAA-XEBM15,2023,MATARA,1
CAR,BYD,ATTO-3-SUPERIOR,2025,KEGALLE,11
CAR,BYD,SEAL-COMFORT,2025,AMPARA,2
CAR,BYD,DOLPHIN-DYNAMIC 70,2025,MATARA,3
CAR,BYD,DOLPHIN-DYNAMIC49,2025,KEGALLE,14
CAR,BYD,DOLPHIN-DYNAMIC49,2025,AMPARA,4
CAR,BYD,M6 SUPERIOR,2025,KURUNEGALA,1
MOTOR CYCLE,PHOENIX,WOLF-9,2025,ANURADHAPURA,1
CAR,BYD,ATTO 1 DYNAMIC,2025,KURUNEGALA,1
MOTOR CYCLE,SOLID,ROYAL,2017,GAMPAHA,3
MOTOR CYCLE,SOLID,G6,2024,GAMPAHA,92
MOTOR CYCLE,SOLID,LEO,2024,GAMPAHA,39
CAR,BYD,SEAL,2024,PUTTALAM,1
MOTOR CYCLE,QCIX,QCIX -LH,2024,GAMPAHA,1
CAR,BYD,M6 STANDARD,2025,PUTTALAM,1
MOTOR CYCLE,SOLID,S9,2025,MATARA,1
CAR,BYD,SEAL-COMFORT,2025,POLONNARUWA,1
CAR,BYD,DOLPHIN-DYNAMIC49,2025,POLONNARUWA,3
MOTOR CYCLE,SOLID,S9,2025,RATNAPURA,1
MOTOR CYCLE,ZUBOO,EX008,2025,RATNAPURA,3
MOTOR CYCLE,SOLID,CHALLENGER,2018,JAFFNA,1
MOTOR CYCLE,LUYUAN ALFAXL,MK-B4820-Z1,2016,GALLE,1
MOTOR CYCLE,LUYUAN ALFAXL,MK-B4820-Z1,2016,KEGALLE,1
MOTOR CYCLE,LUYUAN ALFAXL,MD-DS7220-GI,2016,GALLE,2
MOTOR CYCLE,SUNRA,SR,2017,COLOMBO,1
MOTOR CYCLE,RISE,LEADER,2022,COLOMBO,144
MOTOR CYCLE,RISE,LEADER,2023,VAVUNIYA,1
MOTOR CYCLE,RISE,LEADER MAX,2023,COLOMBO,1
MOTOR CYCLE,DASTOL,DW-28,2024,GALLE,2
MOTOR CYCLE,OYFLY,TDM-LTW,2024,COLOMBO,8
MOTOR CYCLE,OYFLY,TDM BO2,2024,GALLE,4
MOTOR CYCLE,RISE,LEADER,2025,COLOMBO,1
MOTOR CYCLE,RISE,LEADER PLUS,2025,TRINCOMALEE,2
MOTOR CYCLE,OYFLY,TDM-LTW,2025,GALLE,5
MOTOR CYCLE,OYFLY,TDM-LTW,2025,HAMBANTOTA,6
CAR,DAIHATSU,5AA-A202S,2023,KANDY,1
MOTOR CYCLE,RISE,LEADER R80 V2.0,2025,GALLE,15
CAR,DAIHATSU,5AA-A202S  ROCKY,2025,MATALE,1
CAR,DAIHATSU,5AA-A202S ROCKY,2025,COLOMBO,6
CAR,KYC,V5EV,2025,JAFFNA,1
CAR,DAIHATSU,5AA-A202S ROCKY,2023,GALLE,2
CAR,DAIHATSU,5AA-A202S ROCKY,2024,HAMBANTOTA,1
MOTOR CYCLE,LUYUAN ALFAXL,MT-FS8020-GI,2017,KURUNEGALA,7
MOTOR CYCLE,OYFLY,TDM-LTW,2023,KURUNEGALA,1
CAR,DAIHATSU,5AA-A202S ROCKY,2022,ANURADHAPURA,1
MOTOR CYCLE,LUYUAN ALFAXL,MT-FS8020-GI,2017,KALUTARA,4
MOTOR CYCLE,LUYUAN ALFAXL,MTA-FS8020-G,2016,KALUTARA,1
MOTOR CYCLE,DASTOL,DW 28,2024,KALUTARA,1
MOTOR CYCLE,RISE,LEADER R80,2025,POLONNARUWA,3
MOTOR CYCLE,RISE,LEADER,2025,KALUTARA,1
MOTOR CYCLE,LUYUAN ALFAXL,MT-FS8020-GI,2016,MATALE,1
MOTOR CYCLE,RISE,LEADER,2022,MATALE,5
MOTOR CYCLE,RISE,LEADER,2023,ANURADHAPURA,21
MOTOR CYCLE,OYFLY,TDM-LTW,2023,ANURADHAPURA,1
DUAL PURPOSE (COMMERCIAL),GEELY,RIDDARA RD6,2025,ANURADHAPURA,1
MOTOR CYCLE,LUYUAN ALFAXL,MTA-FS8020-G,2016,MATARA,1
MOTOR CYCLE,OYFLY,TDM-LTW,2023,GAMPAHA,13
MOTOR CYCLE,RISE,LEADER MAX,2023,MATARA,1
MOTOR CYCLE,OYFLY,TDM-LTW,2024,MATARA,12
MOTOR CYCLE,OYFLY,TDN-119,2024,GAMPAHA,2
MOTOR CYCLE,DASTOL,DW-28,2025,MATARA,1
MOTOR CYCLE,LUYUAN ALFAXL,MT-FS8020-GI,2016,RATNAPURA,5
MOTOR CYCLE,LUYUAN ALFAXL,MTA-FS8020-G,2016,MANNAR,1
MOTOR CYCLE,RISE,LEADER,2022,MANNAR,1
MOTOR CYCLE,RISE,LEADER,2023,MANNAR,5
MOTOR CYCLE,RISE,LEADER PLUS,2025,RATNAPURA,6
MOTOR CYCLE,RISE,LEADER PLUS,2025,MANNAR,1
MOTOR CYCLE,RISE,LEADER V 2.0,2025,KILINOCHCHI,3
MOTOR CYCLE,ZONGSHEN,TDT105 Z,2018,JAFFNA,1
MOTOR CYCLE,RISE,LEADER,2024,JAFFNA,6
MOTOR CYCLE,OYFLY,TDM BO2,2024,JAFFNA,1
MOTOR CYCLE,RISE,LEADER R80,2025,JAFFNA,3
MOTOR CYCLE,RISE,LEADER V 2.0,2025,MULLATIVU,1
CAR,SMART,ZAA-451390 COUPE,2014,COLOMBO,1
CAR,SMART,ZAA-451390,2014,COLOMBO,1
CAR,B.M.W.,I 3,2017,COLOMBO,3
CAR,B.M.W.,IX,2023,COLOMBO,1
CAR,B.M.W.,I7 XDRIVE60 M SORT,2023,NUWARA-ELIYA,1
CAR,B.M.W.,I7 XDRIVE 60,2023,COLOMBO,1
CAR,B.M.W.,I7 X DRIVE 60 EX.PRO,2023,COLOMBO,1
CAR,B.M.W.,IX40,2024,COLOMBO,1
CAR,B.M.W.,IX ZAA-12CF89S,2024,KANDY,1
CAR,B.M.W.,I5 EDRIVE 40 M SPORT,2023,COLOMBO,1
MOTOR CYCLE,LIMA,ELO-07,2025,GALLE,2
CAR,B.M.W.,ZAA-32FK45 I5 EDRIVE,2024,COLOMBO,1
MOTOR CYCLE,LIMA,EL07,2024,KEGALLE,1
CAR,BAW,E7,2025,COLOMBO,401
CAR,BAW,E7,2025,MATALE,7
CAR,B.M.W.,I 3,2013,GAMPAHA,1
CAR,B.M.W.,13 REX,2017,GAMPAHA,1
CAR,B.M.W.,ZAA-32FK45 E.DRIVE40,2024,GAMPAHA,1
CAR,MAXUS,MIFA7,2025,GAMPAHA,1
MOTOR CYCLE,LIMA,ELO-07,2024,MATALE,25
MOTOR CYCLE,LE,DINA U ENJOY B1-A,2022,GAMPAHA,1
MOTOR CYCLE,LE,ELECTRO BLADE BI3A,2022,GAMPAHA,10
MOTOR CYCLE,LIMA,EL07,2025,GAMPAHA,15
MOTOR CYCLE,ATHER,450X,2024,MANNAR,3
MOTOR CYCLE,ATHER,450X,2024,KILINOCHCHI,15
CAR,TESLA,MODEL S-P85,2015,COLOMBO,1
CAR,TESLA,MODEL X,2017,COLOMBO,1
MOTOR CYCLE,NWOW,ERV,2022,COLOMBO,3
MOTOR CYCLE,NWOW,SE,2023,COLOMBO,71
MOTOR CYCLE,LUYUAN,M1-ALPHA ACTIVA,2023,COLOMBO,1
MOTOR CYCLE,NWOW,SE,2023,PUTTALAM,9
CAR,TESLA,MODEL 3 RWD,2024,COLOMBO,3
MOTOR CYCLE,NWOW,GB2,2024,COLOMBO,3
MOTOR CYCLE,BAOYI,LITTLE NINJA,2024,COLOMBO,1
MOTOR CYCLE,LUYUAN,MNK3,2024,COLOMBO,6
MOTOR CYCLE,LUYUAN,S90 PLUS,2024,HAMBANTOTA,3
MOTOR CYCLE,LUYUAN,S90PLUS,2024,COLOMBO,1
MOTOR CYCLE,LUYUAN,MYT,2024,MONERAGALA,1
MOTOR CYCLE,NWOW,V11,2024,MONERAGALA,1
MOTOR CYCLE,LUYUAN,M-MHH-Z30LJ,2024,MONERAGALA,4
CAR,TESLA,MODEL Y - RWD,2024,COLOMBO,1
MOTOR CYCLE,DAYWANG(DW)SL,E-MOTOR CYCLE,2024,KANDY,2
MOTOR CYCLE,NWOW,WSP,2024,MONERAGALA,1
MOTOR CYCLE,NWOW,ARS,2017,COLOMBO,1
MOTOR CYCLE,DAYWANG(DW)SL,E-MOTOR CYCLE,2024,COLOMBO,1
MOTOR CYCLE,LUYUAN,MYT,2025,GALLE,11
MOTOR CYCLE,AIMA,MAVERICK,2025,GALLE,71
MOTOR CYCLE,LUYUAN,MS70 Z23E,2025,GALLE,17
MOTOR CYCLE,AIMA,BREEZY,2025,MONERAGALA,49
MOTOR CYCLE,AIMA,ARIA,2025,KEGALLE,2
MOTOR CYCLE,AIMA,ARIA,2025,PUTTALAM,2
MOTOR CYCLE,AIMA,MAVERICK,2025,MONERAGALA,40
MOTOR CYCLE,AIMA,MANA,2025,MONERAGALA,11
CAR,WULING,BINGUO,2025,KANDY,2
MOTOR CYCLE,AIMA,BREEZY,2025,KEGALLE,2
MOTOR CYCLE,LUYUAN,MYY-Z35J,2025,MONERAGALA,1
THREE WHEELER,NWOW,ERVS4 PLUS,2024,MATARA,2
MOTOR CYCLE,KADIOUKUCHE,TDR01 Z,2014,KURUNEGALA,1
CAR,TESLA,MODEL S,2016,GAMPAHA,1
MOTOR CYCLE,NWOW,SE,2019,KURUNEGALA,3
CAR,TESLA,MODEL-3,2023,GAMPAHA,1
MOTOR CYCLE,NWOW,SE,2024,KURUNEGALA,3
MOTOR CYCLE,GAROW,SHIZHIZUO,2024,KURUNEGALA,2
MOTOR CYCLE,NWOW,WSP,2025,KURUNEGALA,1
MOTOR CYCLE,LUYUAN,MS75-Z30LF,2025,KURUNEGALA,5
MOTOR CYCLE,GK,STAR TREK,2019,KALUTARA,5
MOTOR CYCLE,NWOW,TK 10,2024,KALUTARA,29
MOTOR CYCLE,NWOW,TK 10,2023,BADULLA,1
MOTOR CYCLE,OPAI,OPY-EM-005,2024,POLONNARUWA,1
MOTOR CYCLE,DAYWANG(DW)SL,E-MOTOR CYCLE,2024,KALUTARA,1
MOTOR CYCLE,AIMA,LIBERTY,2025,KALUTARA,58
MOTOR CYCLE,AIMA,LIBERTY,2025,BADULLA,10
MOTOR CYCLE,AIMA,MAVERICK,2025,BADULLA,2
MOTOR CYCLE,NWOW,SE,2025,NUWARA-ELIYA,2
MOTOR CYCLE,LUYUAN,MNK3,2025,POLONNARUWA,5
MOTOR CYCLE,LUYUAN,MYT,2025,BADULLA,2
MOTOR CYCLE,NWOW,GB2,2025,POLONNARUWA,1
CAR,TESLA,ZAA 3L13T MODEL 3,2024,MATARA,1
MOTOR CYCLE,NWOW,WSP,2022,ANURADHAPURA,1
CAR,TESLA,MODEL 3,2024,MATARA,1
MOTOR CYCLE,AIMA,MAVERICK,2025,ANURADHAPURA,15
MOTOR CYCLE,AIMA,BREEZY,2025,MATALE,14
MOTOR CYCLE,AIMA,LIBERTY,2025,ANURADHAPURA,55
CAR,WULING,CLOUD EV,2025,MATARA,1
MOTOR CYCLE,WUYANG,ELECTRIC,2013,GAMPAHA,1
MOTOR CYCLE,NWOW,SWIEFT EAGLE,2018,GAMPAHA,4
MOTOR CYCLE,NWOW,SL,2018,GAMPAHA,3
MOTOR CYCLE,EAGLE BRAND,GWEMOIPRETTY,2019,MATARA,4
MOTOR CYCLE,NWOW,TK10,2022,GAMPAHA,2
MOTOR CYCLE,NWOW,EDB,2021,GAMPAHA,1
MOTOR CYCLE,NWOW,SE,2016,GAMPAHA,2
MOTOR CYCLE,NWOW,GB2,2023,GAMPAHA,2
MOTOR CYCLE,LUYUAN,MYT,2024,GAMPAHA,1
MOTOR CYCLE,NWOW,TK 10,2024,MATARA,4
MOTOR CYCLE,NWOW,GB2,2024,GAMPAHA,2
MOTOR CYCLE,NWOW,SE,2019,MATARA,1
MOTOR CYCLE,NWOW,V11,2025,GAMPAHA,1
MOTOR CYCLE,NWOW,WSP,2025,GAMPAHA,20
MOTOR CYCLE,AIMA,LIBERTY,2025,GAMPAHA,10
MOTOR CYCLE,AIMA,AM-DALISHEN,2017,GAMPAHA,1
MOTOR CYCLE,AIMA,BREEZY,2025,KILINOCHCHI,4
MOTOR CYCLE,AIMA,MAVERICK,2025,KILINOCHCHI,1
MOTOR CYCLE,AIMA,XIAOGUAN,2017,JAFFNA,1
MOTOR CYCLE,AIMA,AM-XIA0GUAN,2017,JAFFNA,1
MOTOR CYCLE,AIMA,ARIA,2025,JAFFNA,2
THREE WHEELER,XINGE,X GDS-006-1,2012,COLOMBO,1
CAR,NISSAN,ZAA-AZEO,2013,COLOMBO,19
CAR,NISSAN,ZAA-AZE0-LEAF,2013,COLOMBO,4
CAR,NISSAN,ZAA-AZE0-LEAF,2013,KANDY,1
CAR,NISSAN,ZAA-AZE0,2013,KANDY,2
CAR,NISSAN,ZAA-ZEO LEAF,2013,COLOMBO,5
CAR,NISSAN,ZAA-AZEO LEAF,2013,GALLE,19
CAR,NISSAN,ZAA-AZEO LEAF,2014,KANDY,28
CAR,NISSAN,ZAA-AZEO LEAF,2014,GALLE,16
CAR,NISSAN,ZAA-ZEO LEAF,2012,GALLE,6
CAR,NISSAN,ZAA-AZE0  LEAF,2013,GALLE,2
CAR,NISSAN,ZAA-AZE0  LEAF,2014,KANDY,1
CAR,NISSAN,ZAA-AZE0  LEAF,2014,COLOMBO,6
CAR,NISSAN,LEAF VISIA,2014,COLOMBO,13
DUAL PURPOSE (COMMERCIAL),MITSUBISHI,ZAB-U67V MIVE,2013,COLOMBO,1
CAR,NISSAN,ZAA-AZE0-LEAF,2014,COLOMBO,2
CAR,NISSAN,ZAA AZEO LEAF,2013,KANDY,8
DUAL PURPOSE (COMMERCIAL),MITSUBISHI,ZAB-U67V MINICAB VAN,2011,COLOMBO,1
CAR,NISSAN,LEAF TEKNA,2014,RATNAPURA,2
DUAL PURPOSE (COMMERCIAL),NISSAN,E-NV200 ACENTA RAPID,2014,KALUTARA,2
CAR,NISSAN,ZAA AZEO  LEAF,2013,COLOMBO,2
CAR,NISSAN,ZAA AZEO LEAF,2015,COLOMBO,6
CAR,NISSAN,LEAF,2013,KANDY,5
DUAL PURPOSE (COMMERCIAL),NISSAN,E-NV200ACENTA RAPID,2015,COLOMBO,1
CAR,NISSAN,ZEO LEAF ACENTA,2014,COLOMBO,1
CAR,NISSAN,LEAF TEKNA,2013,COLOMBO,3
CAR,NISSAN,LEAF ACENTA,2014,RATNAPURA,3
CAR,NISSAN,LEAF TEKNA,2015,GALLE,2
CAR,MITSUBISHI,ZAA-HA3W I-MIEV,2012,KANDY,1
CAR,NISSAN,ZAA-ZEO LEAF TEKNA,2015,COLOMBO,1
CAR,NISSAN,LEAF,2014,RATNAPURA,1
DUAL PURPOSE (COMMERCIAL),NISSAN,ZAB-VME0 ENV200,2014,COLOMBO,1
DUAL PURPOSE (COMMERCIAL),MITSUBISHI,ZAB-U67V MINICAB,2011,MATALE,2
CAR,MITSUBISHI,ZAA-HA3W  I-MIEV,2013,COLOMBO,1
CAR,NISSAN,TEKNA,2015,KANDY,2
CAR,NISSAN,ZAA-ZEO LEAF,2013,KANDY,1
CAR,NISSAN,ZAA-AZEO LEAF,2015,NUWARA-ELIYA,1
MOTOR CYCLE,TERRA,SEED48,2015,COLOMBO,1
CAR,MITSUBISHI,ZAA-HA3W IMIVE,2013,COLOMBO,1
CAR,NISSAN,ZAA- AZEO - LEAF,2013,KANDY,1
CAR,MITSUBISHI,ZAA- HA3W,2013,COLOMBO,1
CAR,NISSAN,ZAA-ZE0  LEAF,2012,KANDY,1
CAR,NISSAN,ZAA-AZE0  LEAF,2016,COLOMBO,2
CAR,NISSAN,ZAA-AZEO-LEAF,2012,KANDY,1
CAR,NISSAN,LEAF TEKNA,2018,RATNAPURA,1
CAR,NISSAN,LEAF ACCENTA,2018,RATNAPURA,1
DUAL PURPOSE (COMMERCIAL),MITSUBISHI,ZAB-U68V,2017,KEGALLE,1
CAR,NISSAN,LEAF TEKNA,2019,KANDY,1
CAR,NISSAN,LEAF,2020,COLOMBO,2
SPECIAL PURPOSE VEHICLE,MITSUBISHI,FB20CB FORKLIFT,2021,COLOMBO,1
THREE WHEELER,SFC,SK004,2017,POLONNARUWA,1
CAR,NISSAN,LEAF EV 2WD STD,2023,COLOMBO,1
CAR,VOLKSWAGEN,ID.5 TECH PRO,2023,COLOMBO,2
MOTOR CYCLE,SUPER SOCO,CUX PRO,2022,PUTTALAM,4
CAR,VOLKSWAGEN,ID4 PRO,2023,COLOMBO,1
CAR,VOLKSWAGEN,ID4 LIFE EDITION,2023,KANDY,1
CAR,VOLKSWAGEN,ID 4 LITE,2024,COLOMBO,1
CAR,VOLKSWAGEN,ID4 FAMILY PRO,2023,COLOMBO,1
MOTOR CYCLE,DIMEN,D60,2025,VAVUNIYA,6
MOTOR CYCLE,SUPER SOCO,TS STREET HUNTER,2025,GALLE,4
MOTOR CYCLE,SUPER SOCO,TS STREET HUNTER,2025,PUTTALAM,3
CAR,GAC,AION V LUXURY,2025,JAFFNA,3
CAR,NISSAN,ZAA-AZEO LEAF,2012,GAMPAHA,43
CAR,NISSAN,AZZ-AZE0,2014,GAMPAHA,1
CAR,NISSAN,ZAA-ZEO LEAF,2012,GAMPAHA,34
CAR,NISSAN,ZAA-AZE0 LEAF,2013,BADULLA,4
CAR,NISSAN,ZAA-AZE0  LEAF,2013,GAMPAHA,5
CAR,NISSAN,ZAA-ZE0 LEAF,2012,BADULLA,1
CAR,NISSAN,LEAF,2013,GAMPAHA,18
CAR,NISSAN,ZAA AZEO LEAF,2012,GAMPAHA,5
CAR,NISSAN,LEAF-ACENTA,2015,BADULLA,1
CAR,NISSAN,ZE0 LEAF TEKNA,2014,GAMPAHA,1
CAR,NISSAN,LEAF ACENTA,2015,GAMPAHA,10
CAR,NISSAN,ZAA-AZE0  LEAF,2012,GAMPAHA,1
CAR,NISSAN,ZAA-AZE0  LEAF,2016,GAMPAHA,1
CAR,NISSAN,ZAA-ZE1  LEAF,2017,ANURADHAPURA,1
DUAL PURPOSE (COMMERCIAL),MITSUBISHI,MINI CAB,2011,NUWARA-ELIYA,1
THREE WHEELER,JIANGSU,DINPENG,2019,GAMPAHA,1
CAR,VOLKSWAGEN,ID.5 PRO,2022,GAMPAHA,1
CAR,VOLKSWAGEN,ID.4,2024,GAMPAHA,1
MOTOR CYCLE,SUPER SOCO,CUX PRO,2025,KURUNEGALA,1
MOTOR CYCLE,TERRA,A40001,2015,KURUNEGALA,1
DUAL PURPOSE (COMMERCIAL),MITSUBISHI,ZAB-U67V MINIAB,2011,GAMPAHA,1
MOTOR CYCLE,SUPER SOCO,TS STREET HUNTER,2022,KALUTARA,3
MOTOR CYCLE,SUPER SOCO,CPX,2023,KALUTARA,3
CAR,NISSAN,ZAA-ZE0,2012,KEGALLE,1
CAR,NISSAN,ZAA-AZEO LEAF,2013,MATARA,14
CAR,NISSAN,ZAA-AZE0  LEAF,2014,KURUNEGALA,2
CAR,NISSAN,ZAA-ZE0 LEAF,2012,KEGALLE,2
CAR,NISSAN,ZAA-AZE0 LEAF,2014,KURUNEGALA,25
CAR,NISSAN,ZAA-AZEO LEAF,2012,KEGALLE,5
CAR,NISSAN,LEAF ACENTA,2014,KALUTARA,4
CAR,NISSAN,ZAA AZEO LEAF,2012,KURUNEGALA,2
CAR,NISSAN,LEAF ACENTA,2014,KURUNEGALA,12
CAR,NISSAN,ZAA-AZE0 LEAF,2013,AMPARA,1
CAR,NISSAN,ZAA-AZE0LEAF,2013,KEGALLE,1
CAR,NISSAN,ZAA-AZEO LEAF,2014,KILINOCHCHI,1
CAR,NISSAN,LEAF ACENTA,2013,KALUTARA,1
CAR,NISSAN,ZAA-AZEO,2015,MATARA,1
CAR,NISSAN,LEAF TEKNA,2018,KALUTARA,2
CAR,NISSAN,TEKNA,2018,KALUTARA,1
CAR,NISSAN,LEAF,2014,KEGALLE,1
CAR,MITSUBISHI,ZAB-U67V,2013,KURUNEGALA,1
MOTOR CYCLE,SUPER SOCO,TS STREET HUNTER,2022,MATALE,4
CAR,VOLKSWAGEN,ID 4 LIFE PURE,2023,MATARA,1
CAR,VOLKSWAGEN,ID4,2023,KEGALLE,1
MOTOR CYCLE,SUPER SOCO,TS STREET HUNTER,2024,ANURADHAPURA,5
CAR,GAC,AION V LUXURY,2025,MATARA,1
CAR,NISSAN,6AA-TFE13 NOTE AURA,2024,KILINOCHCHI,1
CAR,NISSAN,ZAA-AZE0,2013,PUTTALAM,1
CAR,NISSAN,ZAA-AZE0  LEAF,2012,PUTTALAM,1
CAR,NISSAN,ZAA ZEO LEAF,2012,PUTTALAM,1
CAR,NISSAN,LEAF TEKNA,2014,PUTTALAM,1
CAR,NISSAN,LEAF ACENTA,2013,PUTTALAM,2
MOTOR CYCLE,TERRA,SEED48,2015,GAMPAHA,7
SINGLE CAB,MITSUBISHI,ZAB-U68T  MINICAB,2013,GALLE,1
MOTOR CYCLE,CHINA,TK,2018,GAMPAHA,1
CAR,NISSAN,ZAA-ZE0 LEAF,2012,POLONNARUWA,2
MOTOR CYCLE,SUPER SOCO,TS STREET HUNTER,2025,JAFFNA,1
MOTOR CYCLE,POWER STAR,PSTR205,2005,TRINCOMALEE,1
CAR,POWER STAR,EXONA JY-6356,2008,COLOMBO,2
MOTOR CYCLE,AMUR LEOPARD,BIG TORTOISE KING,2013,COLOMBO,2
CAR,SHIFENG,GDO 4C,2013,COLOMBO,1
MOTOR CYCLE,AMUR LEOPARD,LUHU,2014,AMPARA,1
MOTOR CYCLE,AMUR LEOPARD,WUYANG PRINCESS,2015,PUTTALAM,4
MOTOR CYCLE,AMUR LEOPARD,WYWANG PRINCES,2014,AMPARA,1
MOTOR CYCLE,AMUR LEOPARD,WYWANG PRINCES,2013,TRINCOMALEE,1
THREE WHEELER,ALBA,GT 3500,2016,COLOMBO,1
THREE WHEELER,ALBA,GT3500,2016,COLOMBO,1
MOTOR CYCLE,LUYUAN ALFA,HWW-HAS7250-D7,2017,AMPARA,2
MOTOR CYCLE,AMUR LEOPARD,JIYAYING,2015,VAVUNIYA,1
MOTOR CYCLE,SINSKI,TDR283Z,2014,KANDY,1
MOTOR CYCLE,LUYUAN ALFA,MKK-Z23E-12-C,2024,GALLE,13
MOTOR CYCLE,LUYUAN ALFA,M-MKK-Z30LJ-12-C,2024,HAMBANTOTA,6
MOTOR CYCLE,DECO,SPORT POWER,2023,COLOMBO,1
MOTOR CYCLE,SINSKI,SL-RED,2023,AMPARA,1
THREE WHEELER,MM,WH 5000 DZK,2025,COLOMBO,2
CAR,REVA,ML9EV,2005,GAMPAHA,1
MOTOR CYCLE,SINSKI,TDR131Z,2015,KURUNEGALA,2
MOTOR CYCLE,SINSKI,TDR93Z,2015,KURUNEGALA,1
MOTOR CYCLE,KONGKECHENG,JH-DC60V-20,2024,KURUNEGALA,1
MOTOR CYCLE,LUYUAN ALFA,M MKK-Z30LJ-12-C,2023,KALUTARA,2
MOTOR CYCLE,LUYUAN ALFA,MKK-Z23E-12-C,2024,BADULLA,1
MOTOR CYCLE,AMUR LEOPARD,WUYANG PRINCESS,2013,ANURADHAPURA,8
MOTOR CYCLE,AMUR LEOPARD,WUYANG PRINCESS,2013,MATALE,1
MOTOR CYCLE,AMUR LEOPARD,WUYANG PRINCESS,2015,ANURADHAPURA,6
MOTOR CYCLE,LUYUAN ALFA,MKK-Z23E-12-C,2023,MATALE,1
MOTOR CYCLE,LUYUAN ALFA,MKK-Z23E-12-C,2025,MATALE,2
MOTOR CYCLE,SINSKI,TDR 34 Z,2014,GAMPAHA,2
MOTOR CYCLE,AMUR LEOPARD,BIG TORTOISE KING,2014,GAMPAHA,1
MOTOR CYCLE,AMUR LEOPARD,LUCKY  STAR,2014,BATTICALOA,2
MOTOR CYCLE,AMUR LEOPARD,FIGHT EAGLE,2015,BATTICALOA,1
MOTOR CYCLE,LUYUAN ALFA,MN3-CSQ6020-G1,2017,MATARA,1
MOTOR CYCLE,LUYUAN ALFA,M-MKK-Z30LJ-12-C,2023,GAMPAHA,1
MOTOR CYCLE,LUYUAN ALFA,MN3-CSQ6020-G1,2018,MATARA,1
MOTOR CYCLE,BNC,CHALLENGER   S 125,2025,GAMPAHA,1
MOTOR CYCLE,AMUR LEOPARD,WUYANG PRINCESS,2013,MANNAR,10
MOTOR CYCLE,AMUR LEOPARD,WUYANG PRINCESS,2015,MANNAR,6
MOTOR CYCLE,LUYUAN ALFA,MKK-Z23E-12-C,2023,RATNAPURA,1
MOTOR CYCLE,AMUR LEOPARD,LUHU,2013,JAFFNA,1
MOTOR CYCLE,AMUR LEOPARD,WUYANG PRINCESS,2015,JAFFNA,35
MOTOR CYCLE,LUYUAN ALFA,M-MNK2-27,2020,JAFFNA,1
MOTOR CYCLE,LUYUAN ALFA,MKK-Z23E-12-C,2023,JAFFNA,1
MOTOR CYCLE,GALLANT,CITY WALKER,2019,COLOMBO,1
MOTOR CYCLE,GALLANT,CITIWALKER,2018,COLOMBO,1
SPECIAL PURPOSE VEHICLE,HELI,CPD30-HB3 FORK LIFT,2021,COLOMBO,1
MOTOR CYCLE,OKAYA,FAAST F2T,2022,COLOMBO,8
CAR,PEUGEOT,E-2008 GT,2022,COLOMBO,1
CAR,PEUGEOT,E 2008 GT,2024,MATARA,1
MOTOR CYCLE,GALLANT,ZX-TDR718,2018,GAMPAHA,13
MOTOR CYCLE,FH 05,ELECTRIC SCOOTER,2024,GAMPAHA,1
MOTOR CYCLE,OKAYA,FAAST F2T,2022,KILINOCHCHI,1
MOTOR CYCLE,BYVIN,AIR FORCE,2018,JAFFNA,1
MOTOR CYCLE,GALLANT,ZX- HYBRID,2018,JAFFNA,1
MOTOR CYCLE,GALLANT,ZX-HYBRID,2018,JAFFNA,1
CAR,MAHINDRA,E20,2013,COLOMBO,1
MOTOR CYCLE,ELECTRA,SY-LXQS  (HK),2017,COLOMBO,1
CAR,MAHINDRA,E 20,2016,KANDY,2
MOTOR TRICYCLE VAN,AMPERA,GREAVES,2019,COLOMBO,1
CAR,MAHINDRA,E 20,2016,HAMBANTOTA,1
MOTOR CYCLE,TVS,IQUBE,2024,GALLE,17
CAR,FORD,MUSTANG MACH-ESTD,2023,COLOMBO,1
MOTOR CYCLE,TVS,IQUBE,2025,COLOMBO,324
THREE WHEELER,MAHINDRA,TREO,2025,COLOMBO,45
CAR,AVATR,AVATR II,2025,COLOMBO,4
MOTOR CYCLE,ELECTRA,SUNRA,2017,KURUNEGALA,1
MOTOR CYCLE,TVS,IQUBE,2025,KALUTARA,72
THREE WHEELER,MAHINDRA,TREO,2025,ANURADHAPURA,8
MOTOR CYCLE,TVS,IQUBE,2025,ANURADHAPURA,98
THREE WHEELER,MAHINDRA,TREO PLUS,2025,KEGALLE,1
MOTOR CYCLE,TVS,IQUBE,,JAFFNA,1
THREE WHEELER,OZONE, CHAPPEI,2015,COLOMBO,1
MOTOR CYCLE,ALFA,M7,2017,COLOMBO,2
MOTOR CYCLE,JW,JW,2018,COLOMBO,1
MOTOR CYCLE,KINO,SL,2018,COLOMBO,1
SPECIAL PURPOSE VEHICLE,HYSTER,J 1.5XNT SWB,2018,COLOMBO,1
MOTOR CYCLE,JW,JW,2019,COLOMBO,5
CAR,TATA,TIAGO EV XT MR,2023,COLOMBO,1
MOTOR CYCLE,WUXI LEYANG,LY-JY6T,2022,COLOMBO,1
MOTOR CYCLE,MC-MV,MV-E5,2023,COLOMBO,1
CAR,TATA,CURVV EV,2025,JAFFNA,3
CAR,CHANGAN,S07,2025,COLOMBO,1
CAR,CHANGAN,L07,2025,COLOMBO,11
DUAL PURPOSE (COMMERCIAL),CHANGAN,HUNTER K50,2025,COLOMBO,1
MOTOR CYCLE,EMAX,ES-4,2025,COLOMBO,1
MOTOR CYCLE,EMAX,EH-5,2025,COLOMBO,1
MOTOR CYCLE,HUAIHAI,ZL9,2025,HAMBANTOTA,3
CAR,CHANGAN,L07,2025,NUWARA-ELIYA,1
CAR,TATA,PUNCH EV,2025,GAMPAHA,2
MOTOR CYCLE,HOMAYE,ELECTRIC  BIKE,2017,KURUNEGALA,1
CAR,CHANGAN,S 07,2025,AMPARA,1
CAR,CHANGAN,S07,2025,KURUNEGALA,1
MOTOR CYCLE,DYNAMIC,LY,2023,GAMPAHA,3
MOTOR CYCLE,TOURWE,JY28B/K,2023,GAMPAHA,1
THREE WHEELER,ELEKTRATEQ,ETX,2024,TRINCOMALEE,1
MOTOR CYCLE,HUAIHAI,ZL9,2025,GAMPAHA,1
MOTOR CYCLE,YADEA,YD-GM010,2019,HAMBANTOTA,38
MOTOR CYCLE,YADEA,YDET-66,2018,COLOMBO,2
MOTOR CYCLE,LEOMA,FASHI0N  RIDER,2018,GALLE,1
MOTOR CYCLE,YADEA,YD-EM66,2016,COLOMBO,1
MOTOR CYCLE,YADEA,YD-EM151,2017,GALLE,2
MOTOR CYCLE,NEO,ELECTRIC BIKE,2022,COLOMBO,2
MOTOR CYCLE,VMOTO,VS2,2022,COLOMBO,20
MOTOR CYCLE,NEO,AVATAR,2022,HAMBANTOTA,5
MOTOR CYCLE,YADEA,E8S PRO,2023,TRINCOMALEE,6
MOTOR CYCLE,YADEA,E8S PRO,2023,VAVUNIYA,3
MOTOR CYCLE,YADEA,YDET66,2018,KEGALLE,1
MOTOR CYCLE,VMOTO,VS2,2023,GALLE,2
CAR,MG,4 SE,2023,COLOMBO,1
MOTOR CYCLE,YADEA,YD EM17,2017,MONERAGALA,1
MOTOR CYCLE,YADEA,T5,2023,PUTTALAM,6
MOTOR CYCLE,YADEA,M6,2023,KEGALLE,1
MOTOR CYCLE,YADEA,M6,2024,AMPARA,6
MOTOR CYCLE,YADEA,T 9,2024,KANDY,25
CAR,MG,MG 4 ELECTRIC X,2024,COLOMBO,2
MOTOR CYCLE,YADEA,E8S PRO,2024,AMPARA,2
MOTOR CYCLE,YADEA,M6,2024,VAVUNIYA,2
MOTOR CYCLE,QUANLE,Q1,2024,HAMBANTOTA,11
CAR,MG,MG 4 ELECTRIC,2024,COLOMBO,1
MOTOR CYCLE,QUANLE,ZS,2024,MONERAGALA,9
MOTOR CYCLE,YADEA,T 9,2024,VAVUNIYA,2
MOTOR CYCLE,QUANLE,G18,2024,TRINCOMALEE,6
MOTOR CYCLE,YADEA,YD EM 178,2018,AMPARA,1
MOTOR CYCLE,QUANLE,ZS,2024,PUTTALAM,4
MOTOR CYCLE,YADEA,EPOC H,2024,HAMBANTOTA,13
MOTOR CYCLE,QUANLE,G18,2025,GALLE,14
MOTOR CYCLE,QUANLE,G18,2025,HAMBANTOTA,26
MOTOR CYCLE,QUANLE,ZL,2025,GALLE,11
MOTOR CYCLE,QUANLE,ZS,2025,HAMBANTOTA,9
MOTOR CYCLE,QUANLE,ZS,2025,GALLE,6
CAR,MG,MG4V,2024,COLOMBO,3
MOTOR CYCLE,QUANLE,ZS,2025,KEGALLE,2
MOTOR CYCLE,QUANLE,ZS,2025,COLOMBO,7
MOTOR CYCLE,YADEA,T5,2025,AMPARA,156
MOTOR CYCLE,YADEA,T 9,2025,KANDY,14
MOTOR CYCLE,YADEA,T 9,2025,KEGALLE,27
MOTOR CYCLE,QUANLE,G18,2025,KEGALLE,2
MOTOR CYCLE,VMOTO,CITI,2025,COLOMBO,54
MOTOR CYCLE,YADEA,M6,2025,COLOMBO,14
MOTOR CYCLE,TMR QUANLE,G18,2025,HAMBANTOTA,15
MOTOR CYCLE,VMOTO,CITI,2025,TRINCOMALEE,5
MOTOR CYCLE,TMR QUANLE,ZL,2025,PUTTALAM,13
MOTOR CYCLE,TMR QUANLE,ZS,2025,MONERAGALA,7
MOTOR CYCLE,YADEA,T5 L,2025,COLOMBO,27
MOTOR CYCLE,YADEA,M 10,2025,GALLE,1
MOTOR CYCLE,YADEA,Y012000T111B,2025,COLOMBO,1
MOTOR CYCLE,YADEA,E8S PRO,2025,KANDY,1
MOTOR CYCLE,YADEA,COOLJOY,2025,GALLE,31
MOTOR CYCLE,VMOTO,CITI,2025,AMPARA,1
MOTOR CYCLE,YADEA,T5 L,2025,KANDY,1
MOTOR CYCLE,NEO,AVATAR,2022,KURUNEGALA,1
MOTOR CYCLE,YADEA,M6,2023,KURUNEGALA,9
CAR,MG,MG 4 X ELECTRIC,2024,GAMPAHA,1
MOTOR CYCLE,YADEA,T5,2024,KURUNEGALA,1222
MOTOR CYCLE,YADEA,EZEEGO,2024,KURUNEGALA,24
MOTOR CYCLE,QUANLE,Q1,2024,KURUNEGALA,21
MOTOR CYCLE,YADEA,E8S PRO,2025,KURUNEGALA,14
MOTOR CYCLE,QUANLE,G 18,2024,KURUNEGALA,1
MOTOR CYCLE,YADEA,EZEEGO,2025,KURUNEGALA,4
MOTOR TRICYCLE VAN,JINPENG,ZJ150,2025,PUTTALAM,7
MOTOR TRICYCLE VAN,JINPENG,XT150 D,2025,PUTTALAM,4
MOTOR CYCLE,YADEA,T5 L,2025,KURUNEGALA,59
MOTOR CYCLE,YADEA,YD EM 66,2016,POLONNARUWA,2
MOTOR CYCLE,YADEA,YD EM 163,2018,POLONNARUWA,2
MOTOR CYCLE,YADEA,T9,2023,NUWARA-ELIYA,1
MOTOR CYCLE,YADEA,T9,2023,BADULLA,5
MOTOR CYCLE,YADEA,RUIBIN,2023,POLONNARUWA,22
MOTOR CYCLE,YADEA,EZEEGO,2023,KALUTARA,1
MOTOR CYCLE,YADEA,RUIBIN,2024,POLONNARUWA,150
MOTOR CYCLE,YADEA,E8S PRO,2025,BADULLA,3
MOTOR CYCLE,YADEA,T5,2025,NUWARA-ELIYA,7
MOTOR CYCLE,TMR QUANLE,ZL,2025,POLONNARUWA,8
MOTOR CYCLE,YADEA,T 9,2025,NUWARA-ELIYA,1
MOTOR CYCLE,TMR QUANLE,G18,2025,KALUTARA,3
MOTOR CYCLE,TMR QUANLE,ZS,2025,POLONNARUWA,2
MOTOR CYCLE,YADEA,YD EM 163,2018,MATALE,5
MOTOR CYCLE,YADEA,YD-EM163,2018,ANURADHAPURA,2
MOTOR CYCLE,YADEA,M6,2023,ANURADHAPURA,10
CAR,MG,MG 4 ELECTRIC X,2024,KEGALLE,1
CAR,MG,MG4 ELECTRIC,2024,KEGALLE,1
MOTOR CYCLE,QUANLE,XGW,2024,MATALE,3
MOTOR CYCLE,QUANLE,ZL,2024,MATALE,5
MOTOR CYCLE,VMOTO,CITI,2024,ANURADHAPURA,15
MOTOR CYCLE,YADEA,EZEEGO,2024,MATALE,1
MOTOR CYCLE,QUANLE,ZS,2025,ANURADHAPURA,8
MOTOR CYCLE,VMOTO,CITI,2024,MATALE,2
MOTOR CYCLE,QUANLE,N9 (NINEBOT),2025,ANURADHAPURA,9
MOTOR CYCLE,YADEA,YD1200DT-91B,2025,ANURADHAPURA,1
MOTOR TRICYCLE VAN,JINPENG,XT150 D,2025,GALLE,4
MOTOR CYCLE,YADEA,YD-GM010,2019,GAMPAHA,12
MOTOR CYCLE,YADEA,YD-EM17,2017,GAMPAHA,3
MOTOR CYCLE,NEO,AVATAR,2023,GAMPAHA,1
MOTOR CYCLE,YADEA,YD EM 151,2016,GAMPAHA,1
MOTOR CYCLE,YADEA,E8S PRO,2024,MATARA,51
MOTOR CYCLE,QUANLE,G18,2024,MATARA,5
MOTOR CYCLE,VMOTO,CPX,2024,GAMPAHA,1
MOTOR CYCLE,QUANLE,G18,2025,MATARA,3
MOTOR CYCLE,YADEA,E8S PRO,2025,GAMPAHA,4
MOTOR CYCLE,QUANLE,N9 (NINEBOT),2025,GAMPAHA,26
MOTOR CYCLE,TMR QUANLE,Q1,2025,MATARA,1
MOTOR CYCLE,YADEA,TDR3538Z,2025,MATARA,1
MOTOR CYCLE,YADEA,YDET-66,2018,KILINOCHCHI,1
MOTOR CYCLE,YADEA,YDEM163,2018,MANNAR,1
MOTOR CYCLE,YADEA,YDET-66,2018,MANNAR,1
MOTOR CYCLE,YADEA,YD- EM163,2018,MANNAR,1
MOTOR CYCLE,YADEA,YD-EM 163,2018,MANNAR,1
MOTOR CYCLE,YADEA,T 9,2024,RATNAPURA,51
MOTOR CYCLE,QUANLE,ZL,2024,RATNAPURA,3
MOTOR CYCLE,QUANLE,G18,2024,RATNAPURA,4
MOTOR CYCLE,TMR QUANLE,ZL,2025,RATNAPURA,11
MOTOR CYCLE,YADEA,COOLJOY,2025,KILINOCHCHI,9
MOTOR CYCLE,YADEA,RUIBIN,2025,MULLATIVU,26
MOTOR CYCLE,ENOW,RAIDER,2013,COLOMBO,3
MOTOR CYCLE,SOLID,FCZJ (E-RIDER),2016,HAMBANTOTA,1
MOTOR CYCLE,SOLID,SPORTY,2017,COLOMBO,3
MOTOR CYCLE,SOLID,CHALLENGER,2018,KEGALLE,1
MOTOR CYCLE,SOLID,CHALLENGER,2018,AMPARA,1
MOTOR CYCLE,SOLID,KF-135,2018,PUTTALAM,1
CAR,M.G.,ZS EV,2019,GALLE,1
MOTOR CYCLE,SOLID,FCZJ (E-RIDER),2017,GALLE,1
MOTOR CYCLE,SOLID,LEO,2023,KEGALLE,1
CAR,M.G.,MG 4 ELECTRIC X,2024,RATNAPURA,1
MOTOR CYCLE,SOLID,LEO,2024,PUTTALAM,6
CAR,M.G.,MG4 ELECTRIC,2024,COLOMBO,1
CAR,BYD,ZAA-SC2EXSQ ATTO-3,2024,COLOMBO,1
CAR,M.G.,MG4 X ELECTRIC CAR,2024,COLOMBO,1
CAR,BYD,ATTO-3-SUPERIOR,2025,KANDY,55
CAR,BYD,ATTO3-ADVANCED,2025,GALLE,106
CAR,BYD,SEAL-COMFORT,2025,GALLE,19
CAR,BYD,M6 STANDARD,2025,RATNAPURA,1
CAR,BYD,ATTO-3-ADVANCED,2025,COLOMBO,2
MOTOR CYCLE,SOLID,G6,2025,HAMBANTOTA,2
CAR,BYD,ATTO 2 PRIMIUM,2025,COLOMBO,56
CAR,BYD,ATTO3-SUPERIOR,2025,RATNAPURA,1
MOTOR CYCLE,SOLID,S9,2025,PUTTALAM,6
MOTOR CYCLE,VEDRIVE,E-BIKE,2025,COLOMBO,32
CAR,NISSAN MT,6AA-RP15 KICKS,2023,COLOMBO,1
MOTOR CYCLE,ZUBOO,KB1,2025,HAMBANTOTA,3
CAR,BYD,ATTO 1 DYNAMIC,2025,HAMBANTOTA,2
CAR,BYD,ATTO 1 PREMIUM,2025,MONERAGALA,1
MOTOR CYCLE,SOLID,FCZJ (E-RIDER),2019,KURUNEGALA,2
CAR,BYD,ATTO-3,2023,GAMPAHA,1
MOTOR CYCLE,SOLID,LEO,2024,KURUNEGALA,9
CAR,BYD,ATTO 3,2024,GAMPAHA,1
CAR,BYD,ATTO3-ADVANCED,2025,GAMPAHA,319
MOTOR CYCLE,QCIX,QCIX-LH,2024,KURUNEGALA,2
CAR,BYD,ATTO-3-SUPERIOR,2025,ANURADHAPURA,8
CAR,BYD,ATTO3-ADVANCED,2025,ANURADHAPURA,7
CAR,BYD,SEAL-COMFORT,2025,BADULLA,2
MOTOR CYCLE,SOLID,G6,2025,KURUNEGALA,28
MOTOR CYCLE,ENOW,MASTER,2016,KALUTARA,10
MOTOR CYCLE,SOLID,CHALLENGER,2017,NUWARA-ELIYA,1
MOTOR CYCLE,SOLID,LEO,2022,NUWARA-ELIYA,1
MOTOR CYCLE,SOLID,HAWK CHALLENGER,2017,KALUTARA,1
MOTOR CYCLE,SOLID,G6,2024,ANURADHAPURA,5
CAR,BYD,DOLPHIN-DYNAMIC 70,2025,KURUNEGALA,15
MOTOR CYCLE,SOLID,G6,2025,MATALE,1
CAR,BYD,ATTO 2 PRIMIUM,2025,KEGALLE,5
MOTOR CYCLE,SOLID,CHALLENGER,2017,MATARA,3
MOTOR CYCLE,SOLID,ROBOT,2024,GAMPAHA,5
MOTOR CYCLE,QCIX,QC 1X-LH,2024,GAMPAHA,1
MOTOR CYCLE,SANLG,SL-FYING,2012,COLOMBO,1
MOTOR CYCLE,LUYUAN ALFAXL,MD-DS7220-GI,2015,COLOMBO,1
MOTOR CYCLE,LUYUAN ALFAXL,MT-FS8020-GI,2015,AMPARA,2
MOTOR CYCLE,LUYUAN ALFAXL,MT-FS8020-GI,2017,COLOMBO,5
MOTOR CYCLE,SUNRA,SD,2016,KANDY,1
MOTOR CYCLE,MOPED,M2,2017,COLOMBO,1
MOTOR CYCLE,LUYUAN ALFAXL,MT-FS8020-GI,2018,COLOMBO,1
MOTOR CYCLE,WAOPAI,REOA,2018,COLOMBO,4
CAR,JAGUAR,I PACE,2019,COLOMBO,1
MOTOR CYCLE,SUNRA,HAWK,2016,KANDY,1
MOTOR CYCLE,RISE,LEADER,2022,GALLE,31
MOTOR CYCLE,RISE,LEADER,2023,HAMBANTOTA,37
MOTOR CYCLE,RISE,LEADER,2023,KANDY,2
MOTOR CYCLE,RISE,LEADER,2024,GALLE,81
MOTOR CYCLE,RISE,LEADER,2024,KANDY,2
CAR,LOTUS,ELETRE R,2024,COLOMBO,1
MOTOR CYCLE,RISE,LEADER PLUS,2025,COLOMBO,3
MOTOR CYCLE,RISE,LEADER R80,2024,PUTTALAM,1
MOTOR CYCLE,OYFLY,TDM-LTW,2025,KEGALLE,1
CAR,KYC,V7EV,2025,COLOMBO,6
CAR,DAIHATSU,5AA-A202S ROCKY,2025,KANDY,2
MOTOR TRICYCLE VAN,ZONGSHEN,ZS1200DQZH,2018,ANURADHAPURA,1
MOTOR CYCLE,RISE,LEADER,2024,KURUNEGALA,27
MOTOR CYCLE,RISE,LEADER V 2.0,2025,KURUNEGALA,4
MOTOR CYCLE,RISE,LEADER,2023,KALUTARA,23
MOTOR CYCLE,RISE,LEADER PLUS,2025,KALUTARA,3
MOTOR CYCLE,RISE,LEADER R80,2025,BADULLA,1
MOTOR CYCLE,OYFLY,TDM-LTW,2025,KALUTARA,2
MOTOR CYCLE,OYFLY,TDM-LTW,2023,MATALE,1
MOTOR CYCLE,OYFLY,TDM BO2,2024,ANURADHAPURA,1
MOTOR CYCLE,RISE,LEADER R80,2025,MATALE,9
MOTOR CYCLE,RISE,LEADER R 100,2025,ANURADHAPURA,31
MOTOR CYCLE,RISE,LEADER PLUS,2025,MATALE,7
MOTOR CYCLE,SHANG HAI,JUN TONG,2011,GAMPAHA,1
MOTOR CYCLE,LUYUAN ALFAXL,MT-FS8020-GI,2017,GAMPAHA,7
MOTOR CYCLE,WAOPAI,REOA,2018,GAMPAHA,3
MOTOR CYCLE,RISE,LEADER R80,2025,MATARA,13
MOTOR CYCLE,RISE,LEADER R 100,2025,MATARA,2
MOTOR CYCLE,OYFLY,TDM BO2,2024,MATARA,1
MOTOR TRICYCLE VAN,ZONGSHEN,ZS650,2018,BATTICALOA,1
MOTOR CYCLE,RISE,LEADER R80,2025,MANNAR,1
MOTOR CYCLE,RISE,LEADER MAX,2024,RATNAPURA,1
MOTOR CYCLE,RISE,LEADER,2023,JAFFNA,10
MOTOR CYCLE,RISE,LEADER,2023,MULLATIVU,2
MOTOR CYCLE,RISE,LEADER R 100,2025,JAFFNA,7
CAR,B.M.W.,I3 REX,2016,COLOMBO,4
MOTOR CYCLE,LE,FAMILIA M8/A2,2022,COLOMBO,1
MOTOR CYCLE,LE,ELECTRO BLATE BI3A,2022,MONERAGALA,1
CAR,B.M.W.,IX3 M SPORT,2023,COLOMBO,1
MOTOR CYCLE,LIMA,JV,2023,COLOMBO,5
MOTOR CYCLE,SAI JIU ZHOU,TDTO6Z,2023,COLOMBO,1
CAR,B.M.W.,I7  XDRIVE 60M SPORT,2023,COLOMBO,1
CAR,B.M.W.,IX XDRIVE40 M SPORT,2023,COLOMBO,1
CAR,B.M.W.,BMW I7,2024,COLOMBO,1
CAR,B.M.W.,I5 EDRIVE 40 M SPORT,2024,KANDY,1
CAR,B.M.W.,I7 X DRIVE 60,2023,KANDY,1
MOTOR CYCLE,ATHER,450X,2025,COLOMBO,100
MOTOR CYCLE,LIMA,EL07,2024,COLOMBO,2
MOTOR CYCLE,ATHER,450X,2025,VAVUNIYA,2
MOTOR CYCLE,LIMA,EL07,2025,HAMBANTOTA,12
CAR,BAW,E7,2025,BATTICALOA,2
CAR,BAW,E7,2025,NUWARA-ELIYA,2
MOTOR CYCLE,LIMA,JV,2023,KURUNEGALA,3
CAR,B.M.W.,I7 XDRIVE 60 M SPORT,2023,GAMPAHA,1
CAR,BAW,E7,2025,GAMPAHA,151
MOTOR CYCLE,YAMAHA,FASCINO,2016,KALUTARA,1
MOTOR CYCLE,LIMA,ELO-07,2024,KALUTARA,25
MOTOR CYCLE,ATHER,450 X,2025,KALUTARA,1
MOTOR CYCLE,LIMA,LM1500DT,2025,MATARA,1
CAR,DONGFENG,BOX E3,2025,POLONNARUWA,1
MOTOR CYCLE,JIALING,JLEB-17,2009,TRINCOMALEE,1
MOTOR CYCLE,AIMA,BATTLE,2017,COLOMBO,9
CAR,TESLA,X 90  D TESLA,2017,COLOMBO,1
CAR,TESLA,S 70D,2016,COLOMBO,1
THREE WHEELER,SIRISTAR,SRXI,2018,COLOMBO,1
MOTOR CYCLE,NWOW,ERVS,2019,COLOMBO,1
MOTOR CYCLE,GK,SHELD,2019,COLOMBO,1
MOTOR CYCLE,EAGLE BRAND,GWEMOIPRETTY,2019,HAMBANTOTA,2
MOTOR CYCLE,NWOW,ERVS,2021,PUTTALAM,2
MOTOR CYCLE,NWOW,WSP,2023,PUTTALAM,2
CAR,TESLA,ZAA-YL1YT MODEL Y,2023,COLOMBO,1
CAR,TESLA,MODEL Y,2023,COLOMBO,4
MOTOR CYCLE,NWOW,SE,2023,GALLE,1
MOTOR CYCLE,NWOW,ARS,2023,PUTTALAM,3
MOTOR CYCLE,NWOW,TK 10,2024,COLOMBO,95
MOTOR CYCLE,OPAI,OPY-EM-005,2024,TRINCOMALEE,2
MOTOR CYCLE,BAOYI,FY1200DT-9,2024,COLOMBO,1
MOTOR CYCLE,NWOW,TK 10,2024,PUTTALAM,7
MOTOR CYCLE,NWOW,SE,2024,PUTTALAM,8
MOTOR CYCLE,LUYUAN,MNK3,2025,TRINCOMALEE,16
MOTOR CYCLE,LUYUAN,MNK3,2025,HAMBANTOTA,84
MOTOR CYCLE,LUYUAN,MNK3,2025,PUTTALAM,24
MOTOR CYCLE,NWOW,WSP,2024,PUTTALAM,5
THREE WHEELER,NWOW,ERVS4 PLUS,2024,COLOMBO,9
THREE WHEELER,NWOW,ERVS4 PLUS,2025,COLOMBO,16
MOTOR CYCLE,LUYUAN,MYY-Z35J,2025,GALLE,2
MOTOR CYCLE,LUYUAN,S90 PLUS,2025,GALLE,8
MOTOR CYCLE,AIMA,BREEZY,2025,PUTTALAM,19
MOTOR CYCLE,AIMA,LIBERTY,2025,HAMBANTOTA,69
MOTOR CYCLE,NWOW,ARS,2025,GALLE,5
MOTOR CYCLE,AIMA,ARIA,2025,GALLE,24
CAR,WULING,CLOUD,2025,COLOMBO,3
MOTOR CYCLE,AIMA,MANA,2025,PUTTALAM,4
MOTOR CYCLE,NWOW,WSP,2025,GALLE,2
MOTOR CYCLE,NWOW,TK 10,2023,HAMBANTOTA,1
MOTOR CYCLE,NWOW,ARS,2025,HAMBANTOTA,1
MOTOR CYCLE,NWOW,WSP,2024,GALLE,1
MOTOR CYCLE,NWOW,SE,2022,KURUNEGALA,1
MOTOR CYCLE,NWOW,CS,2020,KURUNEGALA,1
MOTOR CYCLE,NWOW,SE,2023,KURUNEGALA,2
CAR,TESLA,MODEL 3 RWD,2024,GAMPAHA,2
THREE WHEELER,NWOW,ERVS4  PLUS,2024,GAMPAHA,1
THREE WHEELER,LUYUAN,MTPBT20 B8,2025,GAMPAHA,1
CAR,WULING,CLOUD EV,2025,ANURADHAPURA,1
MOTOR CYCLE,NWOW,ARS,2024,KALUTARA,4
MOTOR CYCLE,NWOW,V11,2024,KALUTARA,10
MOTOR CYCLE,LUYUAN,MNK3,2024,KALUTARA,1
MOTOR CYCLE,NWOW,SE,2017,KALUTARA,2
MOTOR CYCLE,NWOW,GB2,2025,KALUTARA,5
MOTOR CYCLE,NWOW,V11,2025,KALUTARA,1
MOTOR CYCLE,LUYUAN,MYT,2025,KALUTARA,3
MOTOR CYCLE,AIMA,MANA,2025,POLONNARUWA,20
MOTOR CYCLE,AIMA,MAVERICK,2025,POLONNARUWA,24
MOTOR CYCLE,LUYUAN,S90 PLUS,2025,KALUTARA,2
MOTOR CYCLE,GAROW,FENGSHEN,2024,POLONNARUWA,1
MOTOR CYCLE,AIMA,MAVERICK,2025,NUWARA-ELIYA,1
CAR,TESLA,MODEL Y,2024,AMPARA,1
CAR,TESLA,MODEL 3 ELECTRIC,2024,KALUTARA,2
MOTOR CYCLE,NWOW,V11,2024,MATALE,1
MOTOR CYCLE,NWOW,WSP,2024,ANURADHAPURA,1
MOTOR CYCLE,AIMA,ARIA,2025,MATALE,4
CAR,WULING,BINGUO,2025,KURUNEGALA,8
MOTOR CYCLE,NWOW,SWIEFT EAGLE,2017,GAMPAHA,2
MOTOR CYCLE,NWOW,SWIFT EAGLE,2017,GAMPAHA,1
MOTOR CYCLE,NWOW,ERV,2019,GAMPAHA,3
MOTOR CYCLE,NWOW,EDB,2023,GAMPAHA,2
MOTOR CYCLE,NWOW,WSP,2022,GAMPAHA,1
MOTOR CYCLE,NWOW,SE,2023,GAMPAHA,87
MOTOR CYCLE,LUYUAN,M-MHH-Z30LJ,2024,GAMPAHA,1
MOTOR CYCLE,DAYWANG(DW)SL,E-MOTOR CYCLE,2024,GAMPAHA,2
MOTOR CYCLE,NWOW,TK 10,2025,GAMPAHA,26
MOTOR CYCLE,AIMA,MAVERICK,2025,MATARA,34
MOTOR CYCLE,AIMA,MANA,2025,MATARA,9
MOTOR CYCLE,LUYUAN,M-MHH-Z45LJ,2025,MATARA,2
MOTOR CYCLE,GAROW,PANTHER,2025,GAMPAHA,1
MOTOR CYCLE,EAGLE BRAND,GWEMOIPRETTY,2017,RATNAPURA,1
MOTOR CYCLE,AIMA,MAVERICK,2025,RATNAPURA,19
MOTOR CYCLE,NWOW,ARS,2025,RATNAPURA,2
MOTOR CYCLE,LUYUAN,MS75-Z30LF,2025,RATNAPURA,1
MOTOR CYCLE,AIMA,LIVING,2017,JAFFNA,1
MOTOR CYCLE,AIMA,MAVERICK,2025,MULLATIVU,2
MOTOR CYCLE,AIMA,BREEZY,2025,MULLATIVU,1
CAR,NISSAN,LEAF,2012,COLOMBO,15
CAR,NISSAN,ZAA-AZE0,2013,COLOMBO,9
CAR,NISSAN,LEAF,2014,COLOMBO,19
CAR,NISSAN,ZAA-ZE0,2012,KANDY,1
MOTOR CYCLE,CT LIGHT MODEL,CT LIGHT,2014,COLOMBO,1
CAR,NISSAN,ZAA-AZE0-LEAF,2012,COLOMBO,1
CAR,NISSAN,ZAA-ZE0 LEAF,2012,COLOMBO,68
CAR,NISSAN,ZAA-NZEO-LEAF,2013,COLOMBO,1
CAR,NISSAN,ZAA-AZEO,2014,COLOMBO,7
CAR,NISSAN,ZAA AZE0 LEAF,2013,COLOMBO,1
CAR,NISSAN,ZAA-AZEO,2012,KANDY,1
CAR,NISSAN,LEAF TEKNA,2014,KANDY,5
CAR,NISSAN,ZAA-ZEO  LEAF,2012,GALLE,2
CAR,NISSAN,ZAA-AZE0 LEAF,2015,COLOMBO,45
CAR,NISSAN,ZAA-AZEO -LEAF,2012,COLOMBO,1
DUAL PURPOSE (COMMERCIAL),MITSUBISHI,ZAB U67V  MINICAB,2011,COLOMBO,1
CAR,NISSAN,ZAA-AZEO-LEAF,2014,COLOMBO,2
CAR,NISSAN, ZAA-AZEO LEAF,2014,COLOMBO,1
CAR,NISSAN,ZAA AZEO LEAF,2015,KANDY,3
CAR,NISSAN,ZAA ZEO LEAF,2013,GALLE,1
CAR,NISSAN,ZAA AZEO LEAF,2013,RATNAPURA,1
CAR,NISSAN,DAA-AZEO LEAF,2014,COLOMBO,1
CAR,NISSAN,ZAA-AZEO LEAF,2012,MATALE,1
DUAL PURPOSE (COMMERCIAL),NISSAN,E-NV200 ACENTA RAPID,2014,COLOMBO,1
CAR,NISSAN,ZAA-AZE0 LEAF,2014,MONERAGALA,3
CAR,NISSAN,ZAA ZEO LEAF,2012,KANDY,1
CAR,NISSAN,LEAF ACENTA,2013,KANDY,1
CAR,NISSAN,ZAA-ZEO LEAF,2013,GALLE,1
CAR,NISSAN,LEEF ACENTA,2015,COLOMBO,1
CAR,NISSAN,ZAA-AZEO,2014,MATALE,1
DUAL PURPOSE (COMMERCIAL),MITSUBISHI,ZAB-U67V MINICAB,2013,COLOMBO,2
CAR,NISSAN,ZAA-ZEO LEAF TEKNA,2015,BATTICALOA,1
CAR,MITSUBISHI,ZAA-HA3W I-MIEV,2012,COLOMBO,1
CAR,NISSAN,ZAA - AZEO - LEAF,2013,COLOMBO,1
CAR,NISSAN,ZAA-AZEO  LEAF,2016,COLOMBO,1
MOTOR CYCLE,TERRA,A4000I,2016,COLOMBO,5
CAR,NISSAN,LEAF-TEKNA,2018,GALLE,1
CAR,NISSAN,ZAA-ZE1 LEAF,2018,KANDY,3
SPECIAL PURPOSE VEHICLE,MITSUBISHI,FB20-8 FORK LIFT,2018,COLOMBO,1
MOTOR CYCLE,CHINA,SE,2018,PUTTALAM,1
CAR,NISSAN,ZAA-AZEO,2014,GALLE,1
CAR,VOLKSWAGEN,E-UP,2014,COLOMBO,1
MOTOR CYCLE,SUPER SOCO,CUX PRO,2023,COLOMBO,20
MOTOR CYCLE,SUPER SOCO,CPX,2022,KEGALLE,1
CAR,NISSAN,ZAA-FE0 ARIYA,2023,KANDY,1
DUAL PURPOSE (COMMERCIAL),MITSUBISHI,ZAB-U67V,2012,KALUTARA,1
CAR,VOLKSWAGEN,ID4 PURE PERFORMANCE,2023,COLOMBO,1
CAR,VOLKSWAGEN,ID 4 PRO,2023,COLOMBO,1
MOTOR CYCLE,CHINA,YC1- PLUS,2024,PUTTALAM,1
MOTOR CYCLE,SUPER SOCO,CPX,2022,KANDY,1
MOTOR CYCLE,SUPER SOCO,CPX,2022,PUTTALAM,1
MOTOR CYCLE,DIMEN,D60,2025,AMPARA,1
CAR,GAC,AION V PREMIUM,2025,GALLE,1
CAR,NISSAN,ZAA-AZEO LEAF,2014,GAMPAHA,97
CAR,NISSAN,ZAA-AZE0 LEAF,2014,GAMPAHA,109
CAR,NISSAN,ZAA-AZEO-LEAF,2013,GAMPAHA,3
CAR,NISSAN,ZAA-AZE0 LEAF,2012,GAMPAHA,42
CAR,NISSAN,LEAF VISIA,2015,ANURADHAPURA,1
CAR,NISSAN,LEAF ACENTA,2013,ANURADHAPURA,1
CAR,NISSAN,ZAA-AZE0 LEAF,2012,BADULLA,1
CAR,NISSAN,ZAA-AZEO LEAF,2012,BADULLA,2
CAR,NISSAN,LEAF,2015,GAMPAHA,1
CAR,NISSAN,LEAF ACENTA 30KWH,2015,GAMPAHA,2
CAR,NISSAN,ZAA-AZEO  LEAF,2016,GAMPAHA,1
CAR,NISSAN,ZAA-AZEO LEAF,2017,GAMPAHA,1
CAR,NISSAN,ZAA-AZE0 LEAF,2016,GAMPAHA,2
CAR,NISSAN,LEAF,2018,GAMPAHA,1
CAR,NISSAN,LEAF TEKNA ELECTRIC,2018,GAMPAHA,1
MOTOR CYCLE,SUPER SOCO,CUX PRO,2024,KURUNEGALA,2
CAR,NISSAN,6AA-FE13 AURA,2023,GAMPAHA,1
DUAL PURPOSE (COMMERCIAL),MITSUBISHI,ZAB-U67V MINICAB,2011,GAMPAHA,4
DUAL PURPOSE (COMMERCIAL),MITSUBISHI,ZAB U67V MINICAB,2011,GAMPAHA,2
DUAL PURPOSE (COMMERCIAL),NISSAN,E-NV200V COMBI,2015,GAMPAHA,1
MOTOR CYCLE,SUPER SOCO,TS STREET HUNTER,2024,POLONNARUWA,1
MOTOR CYCLE,TERRA,A4000I,2015,KALUTARA,3
CAR,NISSAN,ZAA-ZEO,2012,KURUNEGALA,1
CAR,NISSAN,ZAA-ZEO-LEAF,2012,KALUTARA,1
CAR,NISSAN,ZAA-ZEO,2012,KALUTARA,1
CAR,NISSAN,ZAA-ZEO LEAF,2012,KURUNEGALA,6
CAR,MITSUBISHI,ZAB-U67V MINICAB,2011,KURUNEGALA,2
CAR,NISSAN,ZAA-AZEO LEAF,2013,KALUTARA,39
CAR,NISSAN,ZAA-ZEO- LEAF,2012,KALUTARA,1
CAR,NISSAN,ZAA-AZE0,2013,MATARA,1
CAR,NISSAN,ZAA-ZEO LEAF,2012,KEGALLE,3
CAR,NISSAN,ZAA AZEO LEAF,2013,KALUTARA,1
CAR,NISSAN,LEAF,2013,KURUNEGALA,7
CAR,NISSAN,ZAA AZEO LEAF,2013,KEGALLE,4
CAR,NISSAN,LEAF TEKNA LEAF,2014,KALUTARA,1
CAR,NISSAN,ZAA AZEO LEAF,2014,KALUTARA,10
CAR,NISSAN,LEAF VISIA,2014,KURUNEGALA,2
CAR,NISSAN,LEAF,2015,MATARA,1
CAR,NISSAN,LEAF TEKNA,2015,MATARA,1
CAR,NISSAN,LEAF TEKNA,2015,KURUNEGALA,1
CAR,NISSAN,ZAA-ZE1 LEAF,2017,KURUNEGALA,1
CAR,NISSAN,LEAF TEKNA,2018,KURUNEGALA,3
CAR,VOLKSWAGEN,1 D 5 PRO,2022,KURUNEGALA,1
CAR,NISSAN,LEAF TEKNA ZE0,2014,KALUTARA,1
CAR,NISSAN,ZAA-B6AW SAKURA,2023,KALUTARA,1
CAR,NISSAN,6AA-FE13  NOTE AURA,2024,KEGALLE,1
CAR,GAC,AION V PREMIUM,2025,KALUTARA,1
SINGLE CAB,MITSUBISHI,ZAB-U68T MINICAB,2013,GALLE,3
CAR,NISSAN,ZAA-AZEO  LEAF,2012,PUTTALAM,1
CAR,NISSAN,DAA-AZE0 LEAF,2012,PUTTALAM,1
SINGLE CAB,MITSUBISHI,ZAB-U68T,2013,GALLE,1
MOTOR CYCLE,TERRA,A4000I,2015,GAMPAHA,4
MOTOR CYCLE,TERRA,A4000I,2015,MATARA,1
MOTOR CYCLE,CHINA,ERV,2018,GAMPAHA,1
MOTOR CYCLE,TERRA,A4000 I,2016,GAMPAHA,1
MOTOR CYCLE,CHINA,ARS,2019,GAMPAHA,1
MOTOR CYCLE,SUPER SOCO,CUX PRO,2022,GAMPAHA,4
CAR,VOLKSWAGEN,ID4 STYLE EDITION,2024,PUTTALAM,1
MOTOR CYCLE,SUPER SOCO,CPX,2024,GAMPAHA,1
MOTOR CYCLE,DIMEN,D60,2025,GAMPAHA,7
CAR,NISSAN,LEAF,2013,POLONNARUWA,1
MOTOR CYCLE,POWER STAR,PSTR205,2005,COLOMBO,2
MOTOR CYCLE,POWER STAR,PSTR -208,2006,COLOMBO,1
MOTOR CYCLE,AMUR LEOPARD,MUYANG PRINCESS,2013,COLOMBO,1
MOTOR CYCLE,AMUR LEOPARD,WUYANG PRINCESS,2014,COLOMBO,6
MOTOR CYCLE,AMUR LEOPARD,SMALL TORTOISE KING,2014,TRINCOMALEE,1
CAR,KIA,SOUL EV,2015,COLOMBO,2
MOTOR CYCLE,AMUR LEOPARD,WUYANG PRINCESS,,TRINCOMALEE,1
MOTOR CYCLE,AMUR LEOPARD,BENTENG,2015,COLOMBO,1
MOTOR CYCLE,LUYUAN ALFA,MN3-CSQ6020-G1,2016,TRINCOMALEE,6
MOTOR CYCLE,AMUR LEOPARD,LITTLE TURTLE KING,2015,PUTTALAM,1
MOTOR CYCLE,LUYUAN ALFA,MN5-CAS7220-Z5,2017,COLOMBO,7
MOTOR CYCLE,LUYUAN ALFA,MN3-CSQ6020-G1,2017,AMPARA,2
CAR,HYUNDAI,KONA EV,2019,COLOMBO,3
MOTOR CYCLE,SINSKI,TDR912,2014,COLOMBO,1
MOTOR CYCLE,SINSKI,TDR137Z,2017,COLOMBO,7
MOTOR CYCLE,LUYUAN ALFA,E-MNP2-7223D-9B-C,2022,PUTTALAM,1
MOTOR CYCLE,LUYUAN ALFA,MKK-Z23E-12-C,2024,AMPARA,6
MOTOR CYCLE,LUYUAN ALFA,M-MKK-Z30LJ-12-C,2025,COLOMBO,7
MOTOR CYCLE,GOEASY,SIVIKA,2025,COLOMBO,2
CAR,SHIFENG,GD04C,2013,BADULLA,2
MOTOR CYCLE,LUYUAN ALFA,MNR DAS7250-Z7,2018,KURUNEGALA,1
CAR,HYUNDAI,IONIQ  EV,2019,GAMPAHA,1
MOTOR CYCLE,LUYUAN ALFA,E-MNP2-7223D-9B-C,2022,KURUNEGALA,2
MOTOR CYCLE,LUYUAN ALFA,M MKK-Z30LJ-12-C,2023,KURUNEGALA,6
MOTOR CYCLE,AMUR LEOPARD,TITAN  60 V,2015,KALUTARA,2
MOTOR CYCLE,LUYUAN ALFA,MN3-CSQ6020-G1,2017,BADULLA,1
MOTOR CYCLE,SINSKI,TDR93Z,2014,KALUTARA,1
MOTOR CYCLE,AMUR LEOPARD,ZUMA,2014,ANURADHAPURA,1
MOTOR CYCLE,LUYUAN ALFA,MN3-CSQ6020-G1,2016,MATALE,1
MOTOR CYCLE,POWER STAR,PSTR -209,2006,GAMPAHA,1
MOTOR CYCLE,AMUR LEOPARD,WUYANG PRINCESS,2013,BATTICALOA,5
MOTOR CYCLE,SINSKI,TDR 06 Z,2014,GAMPAHA,1
MOTOR CYCLE,AMUR LEOPARD,NEW  HOPE,2014,BATTICALOA,2
MOTOR CYCLE,AMUR LEOPARD,LUCKY  STAR,2014,GAMPAHA,1
MOTOR CYCLE,LUYUAN ALFA,MN3-CSQ6020-G1,2017,GAMPAHA,3
MOTOR CYCLE,AMUR LEOPARD,WUYANG PRINCESS,2015,BATTICALOA,1
MOTOR CYCLE,SINSKI,TDR 219 Z,2015,GAMPAHA,1
MOTOR CYCLE,SINSKI,TDR 91 Z,2014,GAMPAHA,1
MOTOR CYCLE,LUYUAN ALFA,MT-FS8020-G1,2016,GAMPAHA,1
MOTOR CYCLE,LUYUAN ALFA,MKK-Z23E-12-C-1200W,2023,MATARA,1
MOTOR CYCLE,LUYUAN ALFA,MKK-Z23E-12-C,2024,MATARA,25
MOTOR CYCLE,AMUR LEOPARD,WUYANG PRINCESS,2014,MANNAR,3
CAR,PEUGEOT,E-2008 ALLURE,2022,COLOMBO,1
MOTOR CYCLE,OKAYA,FREEDUM,2022,GALLE,1
MOTOR CYCLE,WUXI BAITONG,TDT 820Z,2023,COLOMBO,1
MOTOR CYCLE,WAOPAL,REOA,2018,KURUNEGALA,1
MOTOR CYCLE,GALLANT,ZX-HYBRID 1,2018,KURUNEGALA,1
MOTOR CYCLE,ABANS,YADEA,2025,POLONNARUWA,1
MOTOR CYCLE,GALLANT,ZX- HYBRID 1,2018,MATARA,1
MOTOR CYCLE,OKAYA,FAAST F4,2022,BATTICALOA,2
MOTOR CYCLE,OKAYA,FAAST F4,2022,KILINOCHCHI,1
THREE WHEELER,TVS,KING,2016,COLOMBO,1
MOTOR CYCLE,ELECTRA,ST01,2018,COLOMBO,1
MOTOR CYCLE,ELECTRA,JINGYING,2017,COLOMBO,1
MOTOR CYCLE,TVS,IQUBE,2024,HAMBANTOTA,1
CAR,FORD,MUSTANG MACH E STD,2024,COLOMBO,1
MOTOR CYCLE,TVS,IQUBE,2024,AMPARA,1
THREE WHEELER,MAHINDRA,TREO,2025,HAMBANTOTA,4
THREE WHEELER,MAHINDRA,TREO,2025,POLONNARUWA,1
THREE WHEELER,MAHINDRA,TREO,2025,BADULLA,1
MOTOR CYCLE,TVS,IQUBE,2025,KURUNEGALA,37
MOTOR CYCLE,TVS,IQUBE,2025,BADULLA,6
CAR,MAHINDRA,E 20,2017,KALUTARA,1
MOTOR CYCLE,TVS,IQUBE,2024,ANURADHAPURA,13
MOTOR CYCLE,TVS,IQUBE,2025,BATTICALOA,25
MOTOR CYCLE,TAILING,JL1200DT-20F,2023,MATARA,1
MOTOR CYCLE,TVS,IQUBE,2025,MANNAR,6
MOTOR CYCLE,ELECTRA,SY-LXQS,2017,JAFFNA,1
MOTOR CYCLE,TVS,IQUBE,2024,JAFFNA,29
CAR,MERCEDES,BENZ B CLASS,2015,COLOMBO,1
MOTOR CYCLE,ALFA,XY III METRO,2018,COLOMBO,20
CAR,PORSCHE,TAYCAN TURBO,2023,COLOMBO,1
CAR,PORSCHE,TAYCAN,2024,COLOMBO,3
CAR,PORSCHE,TAYCAN 4S,2023,COLOMBO,2
MOTOR CYCLE,HUAIHAI,HUAIHAI,2023,KANDY,1
THREE WHEELER,ELEKTRATEQ,ETX,2025,KURUNEGALA,1
MOTOR CYCLE,HUAIHAI,HUAIHAI,2024,GALLE,2
CAR,CHANGAN,E07,2025,COLOMBO,3
MOTOR CYCLE,XIAODAO,WINGER,2025,KANDY,1
CAR,CHANGAN,S 07,2025,GALLE,1
CAR,CHANGAN,S05,2025,MONERAGALA,1
MOTOR CYCLE,DYNAMIC,SL,2024,KURUNEGALA,1
CAR,TATA,NEXON EV,2025,GAMPAHA,1
CAR,CHANGAN,L07,2025,GAMPAHA,1
CAR,TATA,TIAGO EV XT LR,2023,KALUTARA,1
MOTOR CYCLE,ALFA,XY III METRO,2017,GAMPAHA,2
MOTOR CYCLE,ALFA,XY III METRO,2018,MATARA,2
MOTOR CYCLE,DYNAMIC,SL,2023,GAMPAHA,5
MOTOR CYCLE,DYNAMIC,SL,2024,GAMPAHA,2
MOTOR CYCLE,HUAIHAI,HUAIHAI,2025,MATARA,1
MOTOR CYCLE,HUAIHAI,ZL9,2025,MATARA,6
MOTOR CYCLE,ALFA,XY III METRO,2017,RATNAPURA,1
MOTOR CYCLE,DYNAMIC,LY,2023,RATNAPURA,1
THREE WHEELER,XINGBANG,DUDU 02K,2014,COLOMBO,1
THREE WHEELER,XINGBANG,DUDU-02K,2016,COLOMBO,1
MOTOR CYCLE,YADEA,YD EM-151,2016,AMPARA,1
MOTOR CYCLE,YADEA,YDET-66,2017,KANDY,2
MOTOR CYCLE,YADEA,YD ET66,2016,TRINCOMALEE,2
MOTOR CYCLE,YADEA,YD-EM 17,2017,MONERAGALA,1
MOTOR CYCLE,YADEA,YD-GM010,2018,COLOMBO,6
MOTOR CYCLE,YADEA,YD-GM010,2018,GALLE,3
MOTOR CYCLE,YADEA,YD-EM 215,2020,MONERAGALA,1
MOTOR CYCLE,YADEA,YD-EM66,2016,HAMBANTOTA,2
MOTOR CYCLE,YADEA,YDET-66,2018,KEGALLE,1
MOTOR CYCLE,YADEA,YD-EMI51,2017,KANDY,1
MOTOR CYCLE,YADEA,T9,2023,COLOMBO,48
MOTOR CYCLE,YADEA,T9,2023,GALLE,21
MOTOR CYCLE,GDI,X-GOD,2021,COLOMBO,8
MOTOR CYCLE,YADEA,T9,2023,KANDY,12
MOTOR CYCLE,NEO,AVATAR,2022,PUTTALAM,1
MOTOR CYCLE,YADEA,E8S PRO,2023,HAMBANTOTA,25
MOTOR CYCLE,YADEA,YD EM178,2018,AMPARA,1
MOTOR CYCLE,YADEA,T 9,2024,MONERAGALA,44
MOTOR CYCLE,YADEA,T 9,2024,PUTTALAM,46
MOTOR CYCLE,YADEA,T 9,2024,AMPARA,31
MOTOR CYCLE,YADEA,RUIBIN,2024,GALLE,55
MOTOR CYCLE,YADEA,T5,2024,KEGALLE,52
MOTOR CYCLE,YADEA,M6,2024,COLOMBO,26
CAR,MG,MG4 X I-SMART,2024,RATNAPURA,1
CAR,MG,MG 4 ELECTRIC,2023,COLOMBO,1
MOTOR CYCLE,QUANLE,ZL,2024,HAMBANTOTA,33
CAR,MG,MG4 ELECTRIC,2024,KANDY,1
MOTOR CYCLE,YADEA,T9,2024,COLOMBO,2
MOTOR CYCLE,QUANLE,XGW,2024,COLOMBO,4
MOTOR CYCLE,QUANLE,ZL,2024,MONERAGALA,6
MOTOR CYCLE,LEOMA,ELECTRIC BIKE,2019,GALLE,1
MOTOR CYCLE,YADEA,T5,2025,HAMBANTOTA,963
MOTOR CYCLE,YADEA,T5,2025,COLOMBO,569
MOTOR CYCLE,QUANLE,G18,2024,MONERAGALA,1
MOTOR CYCLE,QUANLE,ZL,2025,MONERAGALA,6
MOTOR CYCLE,QUANLE,G18,2025,TRINCOMALEE,7
MOTOR CYCLE,QUANLE,XGW,2025,MONERAGALA,3
MOTOR CYCLE,YADEA,EZEEGO,2024,AMPARA,2
MOTOR CYCLE,YADEA,RUIBIN,2025,AMPARA,73
MOTOR CYCLE,YADEA,YD-ET-66,2017,AMPARA,1
MOTOR CYCLE,YADEA,T 9,2025,COLOMBO,92
MOTOR CYCLE,YADEA,T 9,2025,TRINCOMALEE,14
MOTOR CYCLE,YADEA,EPOC H,2025,PUTTALAM,24
MOTOR CYCLE,TMR QUANLE,ZS,2025,HAMBANTOTA,16
MOTOR CYCLE,TMR QUANLE,ZS,2025,PUTTALAM,9
MOTOR CYCLE,N MOTO,LX01-W-Y11,2025,COLOMBO,1
MOTOR CYCLE,TMR QUANLE,ZL,2025,KEGALLE,2
MOTOR CYCLE,TMR QUANLE,G18,2025,VAVUNIYA,1
MOTOR CYCLE,DAYWANG(DW)-GR,E-MOTORCYCLE,2024,KANDY,1
THREE WHEELER,XINGBANG,DUDU-02K,2016,GAMPAHA,1
MOTOR CYCLE,YADEA,EZEEGO,2023,KURUNEGALA,7
MOTOR CYCLE,YADEA,RUIBIN,2024,KURUNEGALA,265
CAR,MG,MG4 ELECTRIC X,2024,GAMPAHA,3
MOTOR CYCLE,YADEA,T5,,KURUNEGALA,1
CAR,MG,MG4-D ELECTRIC,2024,GAMPAHA,1
MOTOR CYCLE,TMR QUANLE,Q1,2024,KURUNEGALA,4
MOTOR CYCLE,TMR QUANLE,G18,2025,KURUNEGALA,40
MOTOR TRICYCLE VAN,JINPENG,XT150,2025,PUTTALAM,1
MOTOR CYCLE,YADEA,YDET-66,2016,POLONNARUWA,3
MOTOR CYCLE,YADEA,YD EM 17,2016,BADULLA,1
MOTOR CYCLE,YADEA,YD-EM 163,2018,POLONNARUWA,1
MOTOR CYCLE,YADEA,ED EM151,2017,POLONNARUWA,1
MOTOR CYCLE,YADEA,YD EM17,2016,POLONNARUWA,1
MOTOR CYCLE,YADEA,E8SPRO,2023,KALUTARA,1
MOTOR CYCLE,GDI,X-GOD,2023,KALUTARA,3
MOTOR CYCLE,VMOTO,VS2,2023,NUWARA-ELIYA,1
MOTOR CYCLE,YADEA,E8S PRO,2024,BADULLA,12
MOTOR CYCLE,YADEA,T5,2024,BADULLA,42
MOTOR CYCLE,QUANLE,XGW,2025,KALUTARA,1
MOTOR CYCLE,QUANLE,ZS,2025,POLONNARUWA,3
MOTOR CYCLE,YADEA,RUIBIN,2025,KALUTARA,139
MOTOR CYCLE,VMOTO,CITI,2025,BADULLA,1
MOTOR CYCLE,QUANLE,ZL,2025,KALUTARA,7
MOTOR CYCLE,QUANLE,G18,2025,POLONNARUWA,4
MOTOR CYCLE,QUANLE,ZS,2025,KALUTARA,1
MOTOR CYCLE,QUANLE,Q1,2025,KALUTARA,1
MOTOR CYCLE,YADEA,T5 L,2025,POLONNARUWA,7
MOTOR TRICYCLE VAN,JINPENG,ZJ150,2025,GAMPAHA,1
MOTOR CYCLE,YADEA,YDET-66,2016,ANURADHAPURA,3
MOTOR CYCLE,YADEA,YD EM 17,2017,ANURADHAPURA,2
MOTOR CYCLE,YADEA,YD-EM17,2017,ANURADHAPURA,1
MOTOR CYCLE,YADEA,M6,2024,ANURADHAPURA,24
CAR,MG,MG4 ELECTRIC ICON X,2024,KURUNEGALA,1
MOTOR CYCLE,YADEA,EPOC H,2024,ANURADHAPURA,17
MOTOR CYCLE,QUANLE,XGW,2025,MATALE,2
MOTOR CYCLE,YADEA,EPOC H,2025,ANURADHAPURA,11
MOTOR CYCLE,YADEA,EPOC H,2025,MATALE,5
MOTOR CYCLE,YADEA,TDR6072,2012,GAMPAHA,1
MOTOR CYCLE,YADEA,YD-EM151,2016,GAMPAHA,1
MOTOR CYCLE,YADEA,RUIBIN,2023,GAMPAHA,33
MOTOR CYCLE,NEO,AVATAR,2022,MATARA,1
MOTOR CYCLE,YADEA,T5,2023,BATTICALOA,2
MOTOR CYCLE,YADEA,M6,2023,MATARA,8
MOTOR CYCLE,QUANLE,Q1,2024,GAMPAHA,44
MOTOR CYCLE,QUANLE,G18,2024,GAMPAHA,55
MOTOR CYCLE,YADEA,T 9,2023,MATARA,1
MOTOR CYCLE,QUANLE,ZL,2024,MATARA,4
MOTOR CYCLE,YADEA,EZEEGO,2024,GAMPAHA,22
MOTOR CYCLE,YADEA,T5,2025,GAMPAHA,857
MOTOR CYCLE,TMR QUANLE,XGW,2025,BATTICALOA,1
MOTOR CYCLE,YADEA,COOLJOY,2025,MATARA,1
MOTOR CYCLE,YADEA,YD-EM66,2016,KILINOCHCHI,2
MOTOR CYCLE,YADEA,YD EM 17,2017,MANNAR,1
MOTOR CYCLE,YADEA,E8S PRO,2023,MANNAR,2
MOTOR CYCLE,YADEA,EZEEGO,2023,RATNAPURA,1
MOTOR CYCLE,YADEA,T 9,2024,MANNAR,3
MOTOR CYCLE,TMR QUANLE,G18,2025,MANNAR,5
MOTOR CYCLE,TMR QUANLE,XGW,2025,MANNAR,4
MOTOR CYCLE,YADEA,T 9,2024,MULLATIVU,5
MOTOR CYCLE,YADEA,RUIBIN,2024,MULLATIVU,12
MOTOR CYCLE,QJIANG,ELECTRIC BIKE,2015,COLOMBO,1
MOTOR CYCLE,SOLID,ROYAL,2016,COLOMBO,3
MOTOR CYCLE,SOLID,SPORTY,2016,HAMBANTOTA,2
MOTOR CYCLE,SOLID,REO,2017,COLOMBO,4
MOTOR CYCLE,OTOS,OTOS-20  L/A,2017,COLOMBO,1
MOTOR CYCLE,SOLID,CHALLENGER,2018,PUTTALAM,6
MOTOR CYCLE,SOLID,FCZJ (E-RIDER),2018,KEGALLE,1
CAR,BYD,E6,2021,COLOMBO,1
MOTOR CYCLE,SOLID,LEO,2023,PUTTALAM,4
MOTOR CYCLE,SOLID,LEO,2023,COLOMBO,1
MOTOR CYCLE,SOLID,ROBOT,2024,COLOMBO,1
MOTOR CYCLE,SOLID,G6,2024,KEGALLE,2
CAR,BYD,BYD ATTO3,2024,COLOMBO,1
CAR,BYD,DOLPHIN-DYNAMIC49,2025,COLOMBO,219
CAR,BYD,ATTO-3-SUPERIOR,2025,RATNAPURA,21
CAR,BYD,ATTO 3 ELECTRIC,2024,VAVUNIYA,1
CAR,BYD,ATTO-3-SUPERIOR,2025,BATTICALOA,2
CAR,BYD,ATTO-3-SUPERIOR,2025,TRINCOMALEE,3
MOTOR CYCLE,SOLID,G6,2025,PUTTALAM,16
CAR,BYD,DOLPHIN-DYNAMIC49,2025,MONERAGALA,5
MOTOR CYCLE,SOLID,G6,2025,KANDY,5
CAR,BYD,ATTO 1 PREMIUM,2025,COLOMBO,27
CAR,BYD,SEAL-COMFORT,2025,MATALE,2
MOTOR CYCLE,MAC,LUANTENG,2024,COLOMBO,1
CAR,BYD,ATTO3-ADVANCED,2025,BATTICALOA,1
CAR,BYD,M6 SUPERIOR,2025,JAFFNA,1
CAR,BYD,M6 SUPERIOR,2025,MONERAGALA,1
CAR,BYD,ATTO 2 PRIMIUM,2025,RATNAPURA,3
MOTOR CYCLE,ZUBOO,EX008,2025,HAMBANTOTA,2
CAR,BYD,ATTO 1 PREMIUM,2025,GALLE,2
THREE WHEELER,PIAGGIO,APE E CITY FX MAX,2025,MATARA,1
MOTOR CYCLE,GOLDEN SWISS,SUNRA HAWK,2022,GALLE,1
CAR,SAIC,MG-5,2023,GAMPAHA,1
MOTOR CYCLE,SOLID,G6,2023,KURUNEGALA,2
MOTOR CYCLE,SOLID,G6,2024,KURUNEGALA,30
CAR,M.G.,MG4 ELECTRIC X,2024,GAMPAHA,1
CAR,BYD,SEAL,2023,GAMPAHA,1
CAR,BYD,M6 STANDARD,2025,GAMPAHA,1
MOTOR CYCLE,ZUBOO,T11,2025,KURUNEGALA,1
THREE WHEELER,PIAGGIO,APE E CITY FX MAX,2025,GAMPAHA,1
MOTOR CYCLE,SOLID,G6,2024,POLONNARUWA,2
MOTOR CYCLE,SOLID,G6,2025,KALUTARA,5
CAR,BYD,BYD SEAL ELECTRIC,2024,KALUTARA,1
CAR,BYD,DOLPHIN-DYNAMIC 70,2025,KEGALLE,8
CAR,BYD,ATTO3-ADVANCED,2025,KEGALLE,12
CAR,BYD,SEAL-COMFORT,2025,KEGALLE,6
MOTOR CYCLE,SOLID,ROBOT,2025,ANURADHAPURA,2
CAR,BYD,ATTO3-ADVANCED,2025,KILINOCHCHI,1
CAR,BYD,ATTO 1 DYNAMIC,2025,KEGALLE,2
MOTOR CYCLE,SOLID,CLASSIC,2016,GAMPAHA,30
MOTOR CYCLE,SOLID,REO,2016,GAMPAHA,41
MOTOR CYCLE,SOLID,CHALLENGER,2017,GAMPAHA,48
MOTOR CYCLE,SOLID,CLASSIC,2017,GAMPAHA,4
MOTOR CYCLE,SOLID,REO,2018,GAMPAHA,30
MOTOR CYCLE,SOLID,FCZJ (E-RIDER),2018,GAMPAHA,17
MOTOR CYCLE,SOLID,FCZJ (E-RIDER),2019,GAMPAHA,12
MOTOR CYCLE,SOLID,KF-135,2018,GAMPAHA,1
MOTOR CYCLE,DAO,XD800DQT-48,2022,GAMPAHA,1
CAR,BYD,ATTO3-SUPERIOR,2025,PUTTALAM,1
MOTOR CYCLE,QCIX,QUIX-LH,2024,GAMPAHA,1
MOTOR CYCLE,SOLID,S9,2025,GAMPAHA,19
MOTOR CYCLE,ZUBOO,KB1,2025,RATNAPURA,1
MOTOR CYCLE,LUYUAN ALFAXL,MK-B4820-Z1,2014,GALLE,1
MOTOR CYCLE,LUYUAN ALFAXL,MT-FS8020-GI,2017,PUTTALAM,4
MOTOR CYCLE,WAOPAI,FEGO,2018,COLOMBO,7
MOTOR CYCLE,WACCO,EV-E6,2020,COLOMBO,1
MOTOR CYCLE,RISE,LEADER,2023,MONERAGALA,2
MOTOR CYCLE,RISE,LEADER,2024,MONERAGALA,12
MOTOR CYCLE,DASTOL,DW-28,2024,HAMBANTOTA,17
MOTOR CYCLE,RISE,LEADER,2024,VAVUNIYA,1
MOTOR CYCLE,OYFLY,TDM-LTW,2024,MONERAGALA,3
MOTOR CYCLE,RISE,LEADER R80,2025,PUTTALAM,24
MOTOR CYCLE,RISE,LEADER,2025,AMPARA,2
MOTOR CYCLE,RISE,LEADER R80,2025,AMPARA,5
MOTOR CYCLE,OYFLY,TDM-LTW,2024,PUTTALAM,2
MOTOR CYCLE,RISE,LEADER PLUS,2025,MONERAGALA,5
DUAL PURPOSE (COMMERCIAL),GEELY,RIDDARA RD6,2025,KEGALLE,1
DUAL PURPOSE (COMMERCIAL),GEELY,RIDDARA RD6,2025,COLOMBO,7
CAR,KYC,IM6,2025,COLOMBO,1
MOTOR CYCLE,KOJI,FASTE,2009,KURUNEGALA,1
MOTOR CYCLE,LUYUAN ALFAXL,MK-B4820-Z1,2016,KURUNEGALA,3
MOTOR CYCLE,SUNRA,K6,2025,KURUNEGALA,15
MOTOR CYCLE,LUYUAN ALFAXL,HWY2-9TS7250-GI,2014,KALUTARA,1
MOTOR CYCLE,LUYUAN ALFAXL,MK-B4820-Z1,2015,KALUTARA,1
MOTOR CYCLE,LUYUAN ALFAXL,MT-FS8020-GI,2018,KALUTARA,2
MOTOR CYCLE,RISE,LEADER,2022,BADULLA,2
DUAL PURPOSE (COMMERCIAL),GEELY,RIDDARA RD6,2025,GAMPAHA,1
MOTOR CYCLE,LUYUAN ALFAXL,MT-FS8020-GI,2017,MATALE,2
CAR,DAIHATSU,5AA-A202S ROCKY,2025,MATARA,3
CAR,DAIHATSU,5AA-A202A ROCKY,2025,MATARA,1
MOTOR CYCLE,LUYUAN ALFAXL,MK-B4820-Z1,2016,GAMPAHA,1
MOTOR CYCLE,LUYUAN ALFAXL,MK-B4820-Z1,2015,GAMPAHA,1
MOTOR CYCLE,RISE,LEADER,2024,MANNAR,1
MOTOR CYCLE,RISE,LEADER R 100,2025,RATNAPURA,7
MOTOR CYCLE,RISE,LEADER R 100,2025,KILINOCHCHI,3
MOTOR CYCLE,RISE,LEADER,2022,MULLATIVU,1
MOTOR CYCLE,RISE,LEADER PLUS,2025,JAFFNA,13
MOTOR CYCLE,RISE,LEADER R 100,2025,MULLATIVU,1
MOTOR CYCLE,RISE,LEADER R80 V2.0,2025,JAFFNA,9
CAR,B.M.W.,I3,2014,KANDY,1
CAR,B.M.W.,ZAA-1Z00  I3,2014,KANDY,1
CAR,B.M.W.,ZAA-1Z00,2014,COLOMBO,1
MOTOR CYCLE,FEIYEPAI,ALFA PANTHER,2018,COLOMBO,1
MOTOR CYCLE,I-BIKE,TDRD16Z,2018,COLOMBO,5
CAR,B.M.W.,I3,2017,COLOMBO,1
CAR,B.M.W.,I4 E DRIVE40 M SPORT,2022,COLOMBO,1
CAR,B.M.W.,IX DRIVE 40 SPORT,2023,COLOMBO,1
CAR,B.M.W.,IX X DRIVE 40,2023,COLOMBO,1
CAR,B.M.W.,I5 E-DRIVE 40,2024,COLOMBO,1
MOTOR CYCLE,LIMA,ELO-07,2024,KEGALLE,7
MOTOR CYCLE,ATHER,RIZTAZ,2024,COLOMBO,1
MOTOR CYCLE,ATHER,450X,2024,PUTTALAM,14
CAR,B.M.W.,ZAA-32FK45-I5,2024,COLOMBO,1
MOTOR CYCLE,LIMA,ELO-07,2025,HAMBANTOTA,2
MOTOR CYCLE,ATHER,450X,2025,AMPARA,4
CAR,BAW,E7,2025,HAMBANTOTA,7
CAR,BAIC,BJ7001BPH1-BEV,2016,GAMPAHA,1
MOTOR CYCLE,LE,ELECTRO BLADE BI3A,2022,KURUNEGALA,1
MOTOR CYCLE,LIMA,ELO-07,2024,BADULLA,4
MOTOR CYCLE,LIMA,EL07,2024,POLONNARUWA,2
MOTOR CYCLE,LIMA,EL07,2025,KALUTARA,11
MOTOR CYCLE,ZUB,MOTORBIKE,2018,MATALE,4
MOTOR CYCLE,LIMA,JV 1.5G,2024,MATALE,1
MOTOR CYCLE,ATHER,450X,2024,ANURADHAPURA,6
MOTOR CYCLE,ATHER,450X,2024,MATALE,1
MOTOR CYCLE,LIMA,EL07,2025,ANURADHAPURA,32
MOTOR CYCLE,LIMA,EL07,2024,MATALE,1
MOTOR CYCLE,LE,LUCAS FATEST B23-A,2022,MATARA,1
MOTOR CYCLE,LIMA,JV,2023,BATTICALOA,1
MOTOR CYCLE,LIMA,JV 1.5G,2024,GAMPAHA,1
CAR,B.M.W.,17 XDRIVE 60M,2023,PUTTALAM,1
MOTOR CYCLE,ATHER,450X,2025,BATTICALOA,4
MOTOR CYCLE,LIMA,ELO-07,2024,JAFFNA,4
CAR,TESLA,.,2014,COLOMBO,1
MOTOR CYCLE,PANTHER,ALFA,2018,COLOMBO,1
MOTOR CYCLE,NWOW,SE,2020,COLOMBO,4
MOTOR CYCLE,NWOW,ARS,2018,COLOMBO,3
CAR,TESLA,Y RWD,2023,COLOMBO,1
MOTOR CYCLE,NWOW,ARS,2015,COLOMBO,1
MOTOR CYCLE,NWOW,SE,2023,KANDY,2
MOTOR CYCLE,NWOW,ARS,2024,PUTTALAM,1
MOTOR CYCLE,LUYUAN,MYT,2024,COLOMBO,2
MOTOR CYCLE,LUYUAN,LY1200DT-26A,2023,MONERAGALA,1
MOTOR CYCLE,LUYUAN,MS70 Z23E,2024,GALLE,11
MOTOR CYCLE,DAYWANG(DW)SL,E-MOTOR CYCLE,2024,AMPARA,26
CAR,TESLA,MODEL Y ELECTRIC,2024,COLOMBO,1
MOTOR CYCLE,LUYUAN,MNK3,2025,MONERAGALA,32
MOTOR CYCLE,NWOW,SE,2018,GALLE,1
CAR,TESLA,MODEL 03,2024,COLOMBO,1
MOTOR CYCLE,NWOW,TK 10,2025,GALLE,3
MOTOR CYCLE,NWOW,WSP,2024,KEGALLE,1
MOTOR CYCLE,NWOW,GB2,2025,COLOMBO,2
MOTOR CYCLE,LUYUAN,M-MHH-Z30LJ,2025,HAMBANTOTA,6
MOTOR CYCLE,NWOW,SE,2025,HAMBANTOTA,2
MOTOR CYCLE,AIMA,LIBERTY,2025,PUTTALAM,14
MOTOR CYCLE,AIMA,LIBERTY,2025,AMPARA,16
MOTOR CYCLE,NWOW,ARS,2025,PUTTALAM,1
MOTOR CYCLE,GAROW,DM-FS 85550,2025,COLOMBO,1
THREE WHEELER,NWOW,ERVS4 PLUS,2025,KURUNEGALA,1
MOTOR CYCLE,DAYUN,DY2000DT-30,2025,PUTTALAM,1
CAR,WULING,BINGUO,2025,NUWARA-ELIYA,1
MOTOR CYCLE,NWOW,SE,2017,KURUNEGALA,3
MOTOR CYCLE,LUYUAN,MNK3,2024,KURUNEGALA,5
MOTOR CYCLE,LUYUAN,MYT,2025,KURUNEGALA,1
MOTOR CYCLE,AIMA,BREEZY,2025,KURUNEGALA,137
MOTOR CYCLE,AIMA,ARIA,2025,KURUNEGALA,43
MOTOR CYCLE,OPAI,OPY-EM-005,2024,BADULLA,4
MOTOR CYCLE,AIMA,MANA,2025,BADULLA,6
MOTOR CYCLE,AIMA,MANA,2025,KALUTARA,12
MOTOR CYCLE,AIMA,ARIA,2025,BADULLA,1
MOTOR CYCLE,AIMA,LIBERTY,2025,MATALE,9
MOTOR CYCLE,NWOW,ARS,2019,GAMPAHA,17
MOTOR CYCLE,NWOW,CS,2019,GAMPAHA,14
MOTOR CYCLE,NWOW,ERV,2018,GAMPAHA,1
MOTOR CYCLE,NWOW,TK 10,2022,GAMPAHA,43
MOTOR CYCLE,NWOW,TK 10,2023,MATARA,1
MOTOR CYCLE,NWOW,TK 10,2023,BATTICALOA,1
MOTOR CYCLE,LUYUAN,SCOOTER,2024,GAMPAHA,1
MOTOR CYCLE,NWOW,SE,2025,GAMPAHA,131
MOTOR CYCLE,LUYUAN,S90 PLUS,2025,BATTICALOA,1
MOTOR CYCLE,NWOW,ARS,2025,MATARA,15
MOTOR CYCLE,AIMA,ARIA,2025,GAMPAHA,6
MOTOR CYCLE,AIMA,LIBERTY,2025,MATARA,25
MOTOR CYCLE,GAROW,PANTHER V2,2025,GAMPAHA,1
MOTOR CYCLE,GK,STAR  TREK,2019,RATNAPURA,1
MOTOR CYCLE,GK,STAR TREK,2019,RATNAPURA,2
MOTOR CYCLE,DAYWANG(DW)SL,E-MOTOR CYCLE,2024,RATNAPURA,1
CAR,WULING,BINGUO,2025,POLONNARUWA,4
THREE WHEELER,NWOW,ERVS4 PLUS,2025,RATNAPURA,1
MOTOR CYCLE,NWOW,SE,2019,JAFFNA,1
MOTOR CYCLE,NWOW,ERVS,2021,JAFFNA,1
CAR,NISSAN,ZAA-ZE0,2012,COLOMBO,4
CAR,NISSAN,ZAA-ZE0,2012,MATALE,1
CAR,NISSAN,ZAA-ZEO LEAF,2012,COLOMBO,69
CAR,NISSAN,ZAA-AZEO-LEAF,2012,COLOMBO,1
CAR,NISSAN,LEAF,2013,COLOMBO,67
DUAL PURPOSE (COMMERCIAL),NISSAN,E-NV200,2014,COLOMBO,1
CAR,NISSAN,ZAA-AZEOLEAF,2012,COLOMBO,1
CAR,NISSAN,ZAA-AZEO,2012,COLOMBO,8
CAR,NISSAN,ZAA-AZE0 LEAF,2014,COLOMBO,255
CAR,NISSAN,ZAA-ZEO,2012,HAMBANTOTA,1
CAR,NISSAN,LEAF,2013,JAFFNA,1
CAR,NISSAN,ZAA-AZEO LEAF,2013,RATNAPURA,16
CAR,NISSAN,ZAA-AZ80,2014,COLOMBO,1
CAR,NISSAN,ZAA-ZEA LEAF,2012,COLOMBO,1
CAR,MITSUBISHI,ZAA-HA3W 1MIEV,2013,COLOMBO,2
CAR,NISSAN,ZAA-AZE0 LEAF,2014,HAMBANTOTA,3
CAR,NISSAN,ZAA AZEO LEAF,2012,GALLE,2
CAR,NISSAN,ZAA-ZAE0 LEAF,2013,COLOMBO,1
CAR,NISSAN,ZAA-AZEO  LEAF,2014,COLOMBO,12
CAR,NISSAN,ZAA-AZE0 LEAF,2014,RATNAPURA,10
CAR,VOLKSWAGEN,E-GOLF,2015,COLOMBO,4
CAR,NISSAN,ZAA AZEO  LEAF,2014,COLOMBO,2
CAR,NISSAN,LEAF-TEKNA,2015,COLOMBO,2
CAR,NISSAN,ZAA--AZE0 LEAF,2012,COLOMBO,1
DUAL PURPOSE (COMMERCIAL),MITSUBISHI,ZAB-U68V MINICAB,2014,COLOMBO,1
CAR,NISSAN,ZAA-AZE0 LEAF,2013,NUWARA-ELIYA,1
CAR,NISSAN,ZAA-AZEO  LEAF,2012,GALLE,1
CAR,NISSAN,LEAF  ACENTA 30KWH,2015,COLOMBO,1
CAR,NISSAN,LEAF ACENTA 30KWH,2015,COLOMBO,2
SINGLE CAB,MITSUBISHI,ZAB-U68T MINICAB,2013,KALUTARA,1
MOTOR CYCLE,TERRA,ELECTRICT BIKE,2015,KEGALLE,1
CAR,NISSAN,LEAF,2018,COLOMBO,2
DUAL PURPOSE (COMMERCIAL),MITSUBISHI,MINI CAB MIEV,2011,COLOMBO,2
SPECIAL PURPOSE VEHICLE,DOOSAN,B25S-5,2018,COLOMBO,1
CAR,NISSAN,ZAA-AZE0 NISSAN LEAF,2017,COLOMBO,1
CAR,NISSAN,LEAF TEKNA,2015,HAMBANTOTA,1
CAR,NISSAN,LEAF-TEKNA,2018,COLOMBO,1
CAR,MITSUBISHI,MINICAB MIEV,2011,GALLE,1
DUAL PURPOSE (COMMERCIAL),MITSUBISHI,ZAB-U67V-MINICAB,2011,COLOMBO,1
CAR,NISSAN,2AA-ZE1 LEAF,2017,COLOMBO,1
MOTOR CYCLE,REOA,FEGO,2018,COLOMBO,1
MOTOR CYCLE,SUPER SOCO,CPX,2022,COLOMBO,6
CAR,VOLKSWAGEN,ID.4 PURE,2022,COLOMBO,2
MOTOR CYCLE,SUPER SOCO,TS STREET HUNTER,2022,AMPARA,2
MOTOR CYCLE,SUPER SOCO,TS STREET HUNTER,2023,GALLE,2
CAR,NISSAN,LEAF-ZE1,2023,COLOMBO,2
MOTOR CYCLE,SUPER SOCO,TS STREET HUNTER,2023,KEGALLE,1
CAR,VOLKSWAGEN,ZAA-E2EBJ ID4 PRO,2024,COLOMBO,3
CAR,VOLKSWAGEN,ID4-PRO,2024,COLOMBO,1
MOTOR CYCLE,SUPER SOCO,TS STREET HUNTER,2024,KEGALLE,2
CAR,VOLKSWAGEN,ZAA-E2 EBJ ID4 PRO,2024,COLOMBO,1
CAR,MITSUBISHI,ZAB-U67V,2011,COLOMBO,1
MOTOR CYCLE,SUPER SOCO,TS STREET HUNTER,2025,HAMBANTOTA,1
CAR,NISSAN,6AA-FE13,2023,MONERAGALA,1
CAR,NISSAN,6AA-T33  X-TRAIL,2025,COLOMBO,1
CAR,NISSAN,6AA-E13 NOTE,2024,COLOMBO,1
CAR,NISSAN,6AA-E13 NOTE,2023,HAMBANTOTA,1
CAR,GAC,AION V PREMIUM,2025,HAMBANTOTA,1
CAR,NISSAN,SAKURA,2023,COLOMBO,1
CAR,NISSAN,6AA-FE13  NOTE AURA,2024,KANDY,1
CAR,GAC,AION V LUXURY,2025,KANDY,2
CAR,NISSAN,ZAA-AZEO,2013,GAMPAHA,9
CAR,NISSAN,LEAF G,2013,GAMPAHA,1
CAR,MITSUBISHI,ZAA-HA3W I-MIEV,2013,GAMPAHA,4
CAR,NISSAN,ZAA-ZWO LEAF,2012,GAMPAHA,1
CAR,NISSAN,ZAA-AZEO LEAF,2013,BADULLA,4
CAR,NISSAN,ZAA-AZE0 LEAF,2015,GAMPAHA,11
CAR,NISSAN,ZAA-AZE0  LEAF,2014,GAMPAHA,1
CAR,NISSAN,ZAA-AZE0    LEAF,2017,GAMPAHA,1
CAR,NISSAN,ZAA-AZE0- LEAF,2016,GAMPAHA,1
CAR,NISSAN,FSDARG9ZE OBDBABA,2012,GAMPAHA,1
CAR,NISSAN,ZAA-ZEI LEAF,2018,GAMPAHA,1
MOTOR CYCLE,TERRA,A4000I,2015,KURUNEGALA,10
MOTOR CYCLE,SUPER SOCO,CPX,2023,KURUNEGALA,3
CAR,VOLKSWAGEN,ID4 PRO ZAA-E2EB,2024,GAMPAHA,1
CAR,NISSAN,GAA-E13 NOTE,2023,GAMPAHA,1
DUAL PURPOSE (COMMERCIAL),MITSUBISHI,ZAB- U67V- MINICAB,2012,GAMPAHA,1
MOTOR CYCLE,SUPER SOCO,TS STREET HUNTER,2022,BADULLA,1
CAR,NISSAN,ZAA-AZEO LEAF,2013,KURUNEGALA,34
CAR,NISSAN,ZAA-AZE0 LEAF,2013,KEGALLE,8
CAR,NISSAN,ZAA-AZEO LEAF,2012,KURUNEGALA,11
CAR,NISSAN,ZAA-AZEO LEAF,2012,KALUTARA,12
CAR,NISSAN,ZAA-ZE0 LEAF,2012,KALUTARA,10
CAR,NISSAN,ZAA-AZE0 LEAF,2013,KURUNEGALA,35
CAR,NISSAN,ZAA-ZEO-LEAF,2012,KURUNEGALA,1
CAR,NISSAN,ZAA-AZE0-  LEAF,2012,KALUTARA,1
CAR,NISSAN,ZAA AZEO LEAF,2014,KURUNEGALA,5
CAR,NISSAN,ZAA-AZE0,2013,KALUTARA,1
CAR,NISSAN,ZAA-AZEO LEAF,2012,MATARA,4
CAR,NISSAN,ZAA AZEO LEAF,2014,MATARA,2
CAR,NISSAN,ZAA-AZEO LEAF,2015,KALUTARA,7
CAR,NISSAN,ZAA- AZEO LEAF,2013,KALUTARA,1
CAR,MITSUBISHI,ZAA-HA3W  I MIEV,2014,KALUTARA,1
MOTOR CYCLE,SUPER SOCO,TS STREET HUNTER,2024,MATALE,1
CAR,NISSAN,6AA-FE13  NOTE AURA,2024,KALUTARA,1
CAR,NISSAN,ZAA-AZE0 LEAF,2013,PUTTALAM,19
CAR,NISSAN,ZAA-AZE0 LEAF,2014,PUTTALAM,9
MOTOR CYCLE,TERRA,SEED 48,2014,GAMPAHA,1
MOTOR CYCLE,SUPER SOCO,CPX,2022,GAMPAHA,10
MOTOR CYCLE,SUPER SOCO,TS STREET HUNTER,2023,MATARA,2
MOTOR CYCLE,SUPER SOCO,TS STREET HUNTER,2024,MATARA,6
MOTOR CYCLE,QINGQI,TDT995Z,2024,GAMPAHA,1
DUAL PURPOSE (COMMERCIAL),MITSUBISHI,MINI CAB MIEU,2011,RATNAPURA,1
MOTOR CYCLE,AMUR LEOPARD,DART RIDE,2013,COLOMBO,1
MOTOR CYCLE,AMUR LEOPARD,WUYANG PRINCESS,2014,AMPARA,8
MOTOR CYCLE,AMUR LEOPARD,WUYANG PRINCESS,2014,TRINCOMALEE,16
MOTOR CYCLE,AMUR LEOPARD,WUYANG PRINCESS,2013,VAVUNIYA,2
CAR,NIROSH TRAILER,ZAA-AZEO LEAF,2014,COLOMBO,1
MOTOR CYCLE,AMUR LEOPARD,WYWANG PRINCES,2014,GALLE,1
MOTOR CYCLE,CN,6020,2016,KANDY,3
MOTOR CYCLE,LUYUAN ALFA,MN3-CSQ6020-G1,2017,GALLE,1
MOTOR CYCLE,AMUR LEOPARD,WUYANG PRINCESS,2015,VAVUNIYA,62
MOTOR CYCLE,AMUR LEOPARD,WUYANG PRINCESS,2015,KANDY,1
MOTOR CYCLE,GALVO,ECO 1.5,2018,COLOMBO,1
MOTOR CYCLE,LUYUAN ALFA,M-MHD-60201500-5-5,2020,COLOMBO,1
MOTOR CYCLE,LUYUAN ALFA,M7,2018,KANDY,1
THREE WHEELER,OXWAGEN,PT,2020,COLOMBO,1
MOTOR CYCLE,LUYUAN ALFA,MKK-Z23E-12-C,2023,KANDY,2
MOTOR CYCLE,LUYUAN ALFA,M MKK-Z30LJ-12-C,2023,HAMBANTOTA,1
MOTOR CYCLE,LUYUAN ALFA,MKK-Z23E-12-C,2023,KEGALLE,1
MOTOR CYCLE,LUYUAN ALFA,MKK-Z23E-12-C,2024,HAMBANTOTA,97
MOTOR CYCLE,LUYUAN ALFA,MKK-Z23E-12-C,2025,HAMBANTOTA,30
MOTOR CYCLE,LENCAR,ERC80,2025,PUTTALAM,1
MOTOR CYCLE,MM,CRUISER  V.1,2024,GALLE,2
MOTOR CYCLE,GOEASY,SURYA,2025,COLOMBO,1
MOTOR CYCLE,MM,CRUISER  V.1,2025,KANDY,1
MOTOR CYCLE,AMUR LEOPARD,WUYANG PRINCESS,2015,KURUNEGALA,1
MOTOR CYCLE,LUYUAN ALFA,MN3-CSQ6020-G1,2017,KURUNEGALA,5
CAR,DONGFENG,FRIDAY EV,2025,GAMPAHA,2
MOTOR CYCLE,BNC,CHALLENGER   S 110,2024,KURUNEGALA,1
MOTOR CYCLE,AMUR LEOPARD,WUYANG PRINCESS,2013,KALUTARA,3
MOTOR CYCLE,LUYUAN ALFA,MN3-CSQ6020-G1,2016,KALUTARA,5
MOTOR CYCLE,LUYUAN ALFA,HWW-HAS7250-D7,2018,KALUTARA,1
MOTOR CYCLE,LUYUAN ALFA,MKK-Z23E-12-C,2025,POLONNARUWA,35
CAR,SHIFENG,GD04C,2013,KALUTARA,1
MOTOR CYCLE,AMUR LEOPARD,WUYANG PRINCESS,2014,GAMPAHA,6
MOTOR CYCLE,AMUR LEOPARD,SMALL TORTOISE KING,2014,BATTICALOA,1
MOTOR CYCLE,SINSKI,TDR 93  Z,2014,GAMPAHA,1
MOTOR CYCLE,AMUR LEOPARD,WUYANG PRINCESS,2015,GAMPAHA,1
MOTOR CYCLE,LUYUAN ALFA,MOBILITY SCOOTER,2018,GAMPAHA,1
MOTOR CYCLE,AMUR LEOPARD,THUNDER  KING,2015,GAMPAHA,1
MOTOR CYCLE,LUYUAN ALFA,MN5-CAS7220-Z5,2018,GAMPAHA,1
MOTOR CYCLE,AMUR LEOPARD,WYWANG PRINCES,2014,GAMPAHA,2
MOTOR CYCLE,LUYUAN ALFA,HWW-HAS7250-D7,2018,MATARA,1
MOTOR CYCLE,SINSKI,TDR93Z,2014,GAMPAHA,1
MOTOR CYCLE,LUYUAN ALFA,MKK-Z23E-12-C,2023,MATARA,4
MOTOR CYCLE,LUYUAN ALFA,M MKK-Z30LJ-12-C,2024,GAMPAHA,1
MOTOR CYCLE,AMUR LEOPARD,WUYANG PRINCESS,2013,RATNAPURA,1
MOTOR CYCLE,AMUR LEOPARD,SMALL TORTOISE KING,2013,MANNAR,1
MOTOR CYCLE,AMUR LEOPARD,WYWANG PRINCES,2013,KILINOCHCHI,1
MOTOR CYCLE,AMUR LEOPARD,WYWANG PRINCES,2014,KILINOCHCHI,1
MOTOR CYCLE,AMUR LEOPARD,WUYANG PRINCESS,2016,MANNAR,1
MOTOR CYCLE,LUYUAN ALFA,MT-FS8020-G1,2016,RATNAPURA,1
MOTOR CYCLE,LUYUAN ALFA,E-MNP2-7223D-9B-C,2022,RATNAPURA,1
MOTOR CYCLE,AMUR LEOPARD,SKY CAT 48 V,2015,JAFFNA,2
